latitude,longitude,acq_date,satellite,brightness,frp,anomaly_score,anomaly_status,priority,alert_message
25.49895,76.58032,2024-11-15,N,367.0,45.51,0.1187368962797216,Unusual Thermal Detection,REVIEW,Unusual thermal detection. Analyst verification required.
31.21604,78.14963,2024-11-13,N20,352.91,88.02,0.1159399403381172,Unusual Thermal Detection,HIGH_REVIEW,Unusual thermal detection. Analyst verification required.
26.45424,95.02119,2024-12-30,Terra,355.61,480.89,0.1154316649308571,Unusual Thermal Detection,HIGH_REVIEW,Unusual thermal detection. Analyst verification required.
26.45848,95.01656,2024-12-30,Terra,359.7,546.71,0.1148879591510628,Unusual Thermal Detection,HIGH_REVIEW,Unusual thermal detection. Analyst verification required.
26.88966,95.43,2024-12-17,N,367.0,104.21,0.1126978159434392,Unusual Thermal Detection,HIGH_REVIEW,Unusual thermal detection. Analyst verification required.
31.22061,78.16529,2024-11-13,N20,355.92,61.77,0.1118408261215846,Unusual Thermal Detection,HIGH_REVIEW,Unusual thermal detection. Analyst verification required.
31.21305,78.16498,2024-11-13,N20,353.81,61.77,0.1108195096347062,Unusual Thermal Detection,HIGH_REVIEW,Unusual thermal detection. Analyst verification required.
32.56628,76.50601,2024-11-10,N,357.09,86.17,0.1074271778714058,Unusual Thermal Detection,HIGH_REVIEW,Unusual thermal detection. Analyst verification required.
17.8213,78.64445,2025-01-09,N20,367.0,36.76,0.1073833205572213,Unusual Thermal Detection,REVIEW,Unusual thermal detection. Analyst verification required.
24.62795,93.68777,2024-12-22,N20,367.0,34.38,0.1071964001742488,Unusual Thermal Detection,REVIEW,Unusual thermal detection. Analyst verification required.
29.5985,74.35814,2024-11-20,N,357.16,34.22,0.106407344830726,Unusual Thermal Detection,REVIEW,Unusual thermal detection. Analyst verification required.
27.3351,93.44289,2025-01-07,N,355.48,22.83,0.1058979455808305,Unusual Thermal Detection,REVIEW,Unusual thermal detection. Analyst verification required.
28.20509,81.17861,2025-01-11,N20,367.0,37.95,0.1040505154874014,Unusual Thermal Detection,REVIEW,Unusual thermal detection. Analyst verification required.
32.56221,76.50457,2024-11-10,N,367.0,51.16,0.1040127892204031,Unusual Thermal Detection,HIGH_REVIEW,Unusual thermal detection. Analyst verification required.
26.96025,95.68891,2025-01-02,N,356.67,43.1,0.1035050095461111,Unusual Thermal Detection,REVIEW,Unusual thermal detection. Analyst verification required.
33.62225,75.49097,2024-12-24,N20,356.06,58.89,0.1027734307326545,Unusual Thermal Detection,HIGH_REVIEW,Unusual thermal detection. Analyst verification required.
26.77025,95.27993,2024-12-30,Terra,335.58,247.28,0.102306669442038,Unusual Thermal Detection,HIGH_REVIEW,Unusual thermal detection. Analyst verification required.
30.48574,73.96761,2024-12-02,N,367.0,39.45,0.1014773229326626,Unusual Thermal Detection,REVIEW,Unusual thermal detection. Analyst verification required.
28.63024,94.39671,2024-12-17,N20,367.0,41.97,0.1010064247156918,Unusual Thermal Detection,REVIEW,Unusual thermal detection. Analyst verification required.
31.22276,78.17268,2024-11-13,N20,325.85,61.77,0.1009616700086468,Unusual Thermal Detection,HIGH_REVIEW,Unusual thermal detection. Analyst verification required.
25.49736,76.56229,2024-11-15,N,367.0,24.65,0.1007179738760837,Unusual Thermal Detection,REVIEW,Unusual thermal detection. Analyst verification required.
26.61243,94.95872,2025-01-03,N20,367.0,103.74,0.1000743788137632,Unusual Thermal Detection,HIGH_REVIEW,Unusual thermal detection. Analyst verification required.
28.63039,94.40026,2024-12-17,N20,367.0,35.77,0.1000452832475218,Unusual Thermal Detection,REVIEW,Unusual thermal detection. Analyst verification required.
26.61422,94.95879,2025-01-03,N20,367.0,100.54,0.09949693692806,Unusual Thermal Detection,HIGH_REVIEW,Unusual thermal detection. Analyst verification required.
26.63172,95.15333,2024-12-30,Terra,332.17,210.88,0.0991031190357064,Unusual Thermal Detection,HIGH_REVIEW,Unusual thermal detection. Analyst verification required.
29.5862,74.40961,2024-11-20,N,367.0,20.85,0.0969350424772789,Unusual Thermal Detection,REVIEW,Unusual thermal detection. Analyst verification required.
17.82418,78.64363,2025-01-09,N20,367.0,29.16,0.0966067181952847,Unusual Thermal Detection,REVIEW,Unusual thermal detection. Analyst verification required.
26.63413,95.12412,2024-12-30,Terra,335.42,237.65,0.095557544047676,Unusual Thermal Detection,HIGH_REVIEW,Unusual thermal detection. Analyst verification required.
29.58584,74.40944,2024-11-20,N,367.0,18.99,0.0939221853956847,Unusual Thermal Detection,REVIEW,Unusual thermal detection. Analyst verification required.
26.95899,95.6844,2025-01-02,N,352.24,38.67,0.0932728869636383,Unusual Thermal Detection,REVIEW,Unusual thermal detection. Analyst verification required.
29.32518,73.78491,2024-11-20,N,367.0,26.58,0.0924203371834513,Unusual Thermal Detection,REVIEW,Unusual thermal detection. Analyst verification required.
26.7757,95.27567,2024-12-30,Terra,328.31,183.69,0.0918532207825131,Unusual Thermal Detection,HIGH_REVIEW,Unusual thermal detection. Analyst verification required.
27.33806,93.44308,2025-01-07,N,351.82,17.27,0.0917533013389492,Unusual Thermal Detection,REVIEW,Unusual thermal detection. Analyst verification required.
33.49757,75.78712,2024-12-16,Aqua,327.66,218.59,0.0913838968521715,Unusual Thermal Detection,HIGH_REVIEW,Unusual thermal detection. Analyst verification required.
30.99579,78.21521,2024-12-19,N20,367.0,32.77,0.0909427256208756,Unusual Thermal Detection,REVIEW,Unusual thermal detection. Analyst verification required.
31.79287,77.47198,2024-12-07,N,356.68,56.79,0.090921534269405,Unusual Thermal Detection,HIGH_REVIEW,Unusual thermal detection. Analyst verification required.
29.87786,75.89232,2024-11-15,N,367.0,21.28,0.0908180332274084,Unusual Thermal Detection,REVIEW,Unusual thermal detection. Analyst verification required.
26.88334,95.42918,2024-12-17,N20,367.0,155.67,0.0896061734025337,Unusual Thermal Detection,HIGH_REVIEW,Unusual thermal detection. Analyst verification required.
26.88247,95.43159,2024-12-17,N,356.15,31.4,0.088970647827611,Unusual Thermal Detection,REVIEW,Unusual thermal detection. Analyst verification required.
32.56209,76.50091,2024-11-10,N,354.86,51.16,0.0887804137910821,Unusual Thermal Detection,HIGH_REVIEW,Unusual thermal detection. Analyst verification required.
29.59914,74.35822,2024-11-20,N,354.86,25.14,0.0887804137910821,Unusual Thermal Detection,REVIEW,Unusual thermal detection. Analyst verification required.
28.20502,81.18012,2025-01-11,N20,367.0,27.05,0.0886387778146207,Unusual Thermal Detection,REVIEW,Unusual thermal detection. Analyst verification required.
26.6207,94.95597,2025-01-03,N20,367.0,38.32,0.0879383622502898,Unusual Thermal Detection,REVIEW,Unusual thermal detection. Analyst verification required.
33.48554,75.77672,2024-12-16,Aqua,325.21,195.87,0.0876728779774559,Unusual Thermal Detection,HIGH_REVIEW,Unusual thermal detection. Analyst verification required.
31.21085,78.15742,2024-11-13,N20,347.38,61.77,0.0876095226366329,Unusual Thermal Detection,HIGH_REVIEW,Unusual thermal detection. Analyst verification required.
32.56617,76.50183,2024-11-10,N,355.12,34.46,0.0867925231424646,Unusual Thermal Detection,REVIEW,Unusual thermal detection. Analyst verification required.
30.55841,74.25756,2024-11-20,N,367.0,18.74,0.0863404629189616,Unusual Thermal Detection,REVIEW,Unusual thermal detection. Analyst verification required.
21.62342,72.80998,2024-12-17,N,367.0,23.4,0.0859474391865462,Unusual Thermal Detection,REVIEW,Unusual thermal detection. Analyst verification required.
34.49212,74.52994,2024-11-09,Aqua,313.4,103.23,0.0855601735919205,Unusual Thermal Detection,HIGH_REVIEW,Unusual thermal detection. Analyst verification required.
26.87698,95.41187,2024-12-17,N,351.76,31.4,0.0852024187388243,Unusual Thermal Detection,REVIEW,Unusual thermal detection. Analyst verification required.
29.3923,73.9425,2024-11-20,N,367.0,20.21,0.0851018967736484,Unusual Thermal Detection,REVIEW,Unusual thermal detection. Analyst verification required.
26.88682,95.41982,2024-12-17,N,334.21,83.21,0.0850404882684418,Unusual Thermal Detection,HIGH_REVIEW,Unusual thermal detection. Analyst verification required.
26.63856,95.12114,2024-12-30,Terra,326.82,165.72,0.0850201360125552,Unusual Thermal Detection,HIGH_REVIEW,Unusual thermal detection. Analyst verification required.
34.27314,75.08778,2024-12-17,N,351.88,20.46,0.084852556604411,Unusual Thermal Detection,REVIEW,Unusual thermal detection. Analyst verification required.
32.41984,76.52836,2024-11-01,N20,367.0,78.5,0.0839164584886181,Unusual Thermal Detection,HIGH_REVIEW,Unusual thermal detection. Analyst verification required.
26.47021,95.02177,2024-12-30,Terra,325.47,154.66,0.0834517871115357,Unusual Thermal Detection,HIGH_REVIEW,Unusual thermal detection. Analyst verification required.
21.5113,81.66329,2024-12-14,N20,367.0,17.54,0.0834099186175059,Unusual Thermal Detection,REVIEW,Unusual thermal detection. Analyst verification required.
34.27422,75.08302,2024-12-17,N,350.55,20.17,0.0833690988819021,Unusual Thermal Detection,REVIEW,Unusual thermal detection. Analyst verification required.
31.07748,78.22254,2024-12-15,N20,367.0,34.13,0.082962866534317,Unusual Thermal Detection,REVIEW,Unusual thermal detection. Analyst verification required.
29.5044,74.16563,2024-11-19,Aqua,331.0,217.64,0.0829273209563746,Unusual Thermal Detection,HIGH_REVIEW,Unusual thermal detection. Analyst verification required.
30.96225,78.4151,2024-12-19,N,367.0,26.18,0.0828767094168078,Unusual Thermal Detection,REVIEW,Unusual thermal detection. Analyst verification required.
33.62211,75.48682,2024-12-24,N20,348.33,51.22,0.0826906465775304,Unusual Thermal Detection,HIGH_REVIEW,Unusual thermal detection. Analyst verification required.
30.41381,75.58267,2024-11-23,N20,367.0,34.97,0.0826747102140174,Unusual Thermal Detection,REVIEW,Unusual thermal detection. Analyst verification required.
29.49994,74.17423,2024-11-19,Aqua,329.52,199.88,0.082401818397081,Unusual Thermal Detection,HIGH_REVIEW,Unusual thermal detection. Analyst verification required.
32.31849,76.48841,2024-12-16,N,339.16,17.24,0.0819123754522391,Unusual Thermal Detection,REVIEW,Unusual thermal detection. Analyst verification required.
31.79305,77.47692,2024-12-07,N,352.98,51.59,0.0813534829067202,Unusual Thermal Detection,HIGH_REVIEW,Unusual thermal detection. Analyst verification required.
26.61883,94.9556,2025-01-03,N20,350.76,103.74,0.0811094689467885,Unusual Thermal Detection,HIGH_REVIEW,Unusual thermal detection. Analyst verification required.
26.61041,94.95108,2025-01-03,N20,354.98,65.42,0.0809656750375646,Unusual Thermal Detection,HIGH_REVIEW,Unusual thermal detection. Analyst verification required.
31.23448,77.85973,2024-12-08,N,367.0,44.49,0.0809047746297677,Unusual Thermal Detection,REVIEW,Unusual thermal detection. Analyst verification required.
20.83857,81.92452,2024-12-16,Aqua,334.89,229.27,0.0808274423233053,Unusual Thermal Detection,HIGH_REVIEW,Unusual thermal detection. Analyst verification required.
34.49884,74.5692,2024-11-09,Aqua,311.17,94.26,0.0803033600326367,Unusual Thermal Detection,HIGH_REVIEW,Unusual thermal detection. Analyst verification required.
30.74884,77.74564,2024-12-07,N,367.0,29.87,0.0799208067079189,Unusual Thermal Detection,REVIEW,Unusual thermal detection. Analyst verification required.
25.88481,77.15492,2025-01-10,N20,367.0,15.3,0.0798748377625143,Unusual Thermal Detection,REVIEW,Unusual thermal detection. Analyst verification required.
20.84892,81.92935,2024-12-16,Aqua,331.7,193.34,0.0797796322089466,Unusual Thermal Detection,HIGH_REVIEW,Unusual thermal detection. Analyst verification required.
25.5931,76.70058,2024-11-14,N,367.0,63.43,0.0796761451584515,Unusual Thermal Detection,HIGH_REVIEW,Unusual thermal detection. Analyst verification required.
33.22455,76.02203,2024-11-06,N20,367.0,24.33,0.0793956200444809,Unusual Thermal Detection,REVIEW,Unusual thermal detection. Analyst verification required.
19.31476,76.0076,2025-01-08,N20,367.0,61.06,0.0792951240722267,Unusual Thermal Detection,HIGH_REVIEW,Unusual thermal detection. Analyst verification required.
21.65576,82.68375,2024-12-15,N,367.0,104.32,0.0791848257554616,Unusual Thermal Detection,HIGH_REVIEW,Unusual thermal detection. Analyst verification required.
32.31457,76.48808,2024-12-16,N,345.65,10.54,0.0790622166122652,Unusual Thermal Detection,REVIEW,Unusual thermal detection. Analyst verification required.
27.65568,92.29043,2024-12-28,N20,367.0,29.77,0.0788932485919615,Unusual Thermal Detection,REVIEW,Unusual thermal detection. Analyst verification required.
24.63185,93.68744,2024-12-22,N20,355.61,28.66,0.0788889423637082,Unusual Thermal Detection,REVIEW,Unusual thermal detection. Analyst verification required.
32.31115,76.49954,2024-12-16,N,327.65,10.54,0.0787792587247856,Unusual Thermal Detection,REVIEW,Unusual thermal detection. Analyst verification required.
31.0054,77.57812,2025-01-04,N20,367.0,28.27,0.0784906313154937,Unusual Thermal Detection,REVIEW,Unusual thermal detection. Analyst verification required.
23.45844,80.01946,2024-11-21,N,355.83,19.28,0.0781007158111791,Unusual Thermal Detection,REVIEW,Unusual thermal detection. Analyst verification required.
20.85114,81.93111,2024-12-16,N20,367.0,100.13,0.0777765495299963,Unusual Thermal Detection,HIGH_REVIEW,Unusual thermal detection. Analyst verification required.
21.03789,81.98656,2024-12-14,N,367.0,44.29,0.0773735397074142,Unusual Thermal Detection,REVIEW,Unusual thermal detection. Analyst verification required.
26.61031,94.94431,2025-01-03,N20,349.89,67.31,0.0773193610310373,Unusual Thermal Detection,HIGH_REVIEW,Unusual thermal detection. Analyst verification required.
26.61223,94.95141,2025-01-03,N20,337.69,100.54,0.0766878422326673,Unusual Thermal Detection,HIGH_REVIEW,Unusual thermal detection. Analyst verification required.
26.81461,95.39777,2024-12-26,Terra,300.66,66.9,0.0765209964124604,Unusual Thermal Detection,HIGH_REVIEW,Unusual thermal detection. Analyst verification required.
29.21684,73.07296,2024-11-20,N,367.0,28.96,0.076487385481437,Unusual Thermal Detection,REVIEW,Unusual thermal detection. Analyst verification required.
20.93311,81.97211,2024-12-12,N20,367.0,94.12,0.075513231245258,Unusual Thermal Detection,HIGH_REVIEW,Unusual thermal detection. Analyst verification required.
18.21058,73.32404,2024-12-15,N20,367.0,89.37,0.075513231245258,Unusual Thermal Detection,HIGH_REVIEW,Unusual thermal detection. Analyst verification required.
28.63262,94.39526,2024-12-17,N,367.0,40.99,0.0751911921889771,Unusual Thermal Detection,REVIEW,Unusual thermal detection. Analyst verification required.
28.63008,94.39328,2024-12-17,N20,349.42,41.97,0.0744550707023496,Unusual Thermal Detection,REVIEW,Unusual thermal detection. Analyst verification required.
23.18527,79.6614,2024-11-17,N20,367.0,14.77,0.074154860527375,Unusual Thermal Detection,REVIEW,Unusual thermal detection. Analyst verification required.
28.62846,94.39742,2024-12-17,N20,367.0,27.38,0.0737567590525274,Unusual Thermal Detection,REVIEW,Unusual thermal detection. Analyst verification required.
26.61886,94.94918,2025-01-03,N20,353.17,38.32,0.0736149268839554,Unusual Thermal Detection,REVIEW,Unusual thermal detection. Analyst verification required.
20.99117,81.97334,2024-12-12,N20,367.0,54.48,0.0735701614513437,Unusual Thermal Detection,HIGH_REVIEW,Unusual thermal detection. Analyst verification required.
20.99058,81.96963,2024-12-12,N20,367.0,54.48,0.0735701614513437,Unusual Thermal Detection,HIGH_REVIEW,Unusual thermal detection. Analyst verification required.
32.31437,76.50195,2024-12-16,N,334.68,14.65,0.0734783454754647,Unusual Thermal Detection,REVIEW,Unusual thermal detection. Analyst verification required.
29.59884,74.36659,2024-11-20,N,341.11,32.81,0.0728183619543088,Unusual Thermal Detection,REVIEW,Unusual thermal detection. Analyst verification required.
23.22148,79.75742,2024-11-21,N,367.0,17.32,0.0725633690079488,Unusual Thermal Detection,REVIEW,Unusual thermal detection. Analyst verification required.
28.62832,94.39389,2024-12-17,N20,349.77,34.29,0.0724828705516151,Unusual Thermal Detection,REVIEW,Unusual thermal detection. Analyst verification required.
26.55483,95.07423,2024-12-19,N,367.0,98.27,0.0717266361851722,Unusual Thermal Detection,HIGH_REVIEW,Unusual thermal detection. Analyst verification required.
30.71061,75.01808,2024-11-18,N,367.0,98.0,0.0717266361851722,Unusual Thermal Detection,HIGH_REVIEW,Unusual thermal detection. Analyst verification required.
34.4966,74.52015,2024-11-09,Aqua,308.28,74.46,0.071578068663185,Unusual Thermal Detection,HIGH_REVIEW,Unusual thermal detection. Analyst verification required.
26.60852,94.94392,2025-01-03,N20,342.04,65.42,0.071516549459429,Unusual Thermal Detection,HIGH_REVIEW,Unusual thermal detection. Analyst verification required.
26.70639,93.53555,2024-12-22,Aqua,300.47,29.2,0.0714479994011876,Unusual Thermal Detection,REVIEW,Unusual thermal detection. Analyst verification required.
23.28042,79.80388,2024-11-24,N,367.0,98.58,0.0712406934920559,Unusual Thermal Detection,HIGH_REVIEW,Unusual thermal detection. Analyst verification required.
30.03304,79.71669,2024-12-18,N,367.0,16.87,0.0712055647900649,Unusual Thermal Detection,REVIEW,Unusual thermal detection. Analyst verification required.
30.0437,75.78748,2024-11-01,N20,367.0,34.43,0.0710525838992436,Unusual Thermal Detection,REVIEW,Unusual thermal detection. Analyst verification required.
26.58514,94.84888,2024-12-27,N,367.0,38.49,0.0709953575033269,Unusual Thermal Detection,REVIEW,Unusual thermal detection. Analyst verification required.
30.34832,74.59133,2024-11-11,N20,367.0,22.53,0.0708512405420522,Unusual Thermal Detection,REVIEW,Unusual thermal detection. Analyst verification required.
29.32187,73.7811,2024-11-20,N,367.0,18.29,0.0707199745274853,Unusual Thermal Detection,REVIEW,Unusual thermal detection. Analyst verification required.
21.4913,82.18727,2025-01-04,N,367.0,16.86,0.0707199745274853,Unusual Thermal Detection,REVIEW,Unusual thermal detection. Analyst verification required.
29.59943,74.36668,2024-11-20,N,336.99,25.14,0.0706510250032604,Unusual Thermal Detection,REVIEW,Unusual thermal detection. Analyst verification required.
33.27993,75.49937,2024-12-17,N20,295.69,1.71,0.0706290613280381,Unusual Thermal Detection,REVIEW,Unusual thermal detection. Analyst verification required.
30.93074,75.60741,2024-12-01,N,367.0,15.39,0.0706193079458673,Unusual Thermal Detection,REVIEW,Unusual thermal detection. Analyst verification required.
30.60149,74.33767,2024-11-19,Aqua,319.97,109.6,0.0702437523156106,Unusual Thermal Detection,HIGH_REVIEW,Unusual thermal detection. Analyst verification required.
30.51785,74.03867,2024-11-24,Aqua,314.33,86.23,0.0702437523156106,Unusual Thermal Detection,HIGH_REVIEW,Unusual thermal detection. Analyst verification required.
30.43305,74.42158,2024-11-01,N20,367.0,55.66,0.0700943981416346,Unusual Thermal Detection,HIGH_REVIEW,Unusual thermal detection. Analyst verification required.
25.60522,76.58517,2024-11-12,N20,367.0,24.02,0.0700284905906429,Unusual Thermal Detection,REVIEW,Unusual thermal detection. Analyst verification required.
28.50602,95.10189,2024-12-16,N,367.0,28.66,0.0695686150222721,Unusual Thermal Detection,REVIEW,Unusual thermal detection. Analyst verification required.
26.61701,94.94868,2025-01-03,N20,345.29,65.42,0.069414295395755,Unusual Thermal Detection,HIGH_REVIEW,Unusual thermal detection. Analyst verification required.
30.93042,75.60846,2024-12-01,N,367.0,13.17,0.0691647109870372,Unusual Thermal Detection,REVIEW,Unusual thermal detection. Analyst verification required.
26.57745,94.84483,2024-12-27,N,367.0,38.49,0.0690555342846289,Unusual Thermal Detection,REVIEW,Unusual thermal detection. Analyst verification required.
26.57874,94.84988,2024-12-27,N,367.0,38.49,0.0690555342846289,Unusual Thermal Detection,REVIEW,Unusual thermal detection. Analyst verification required.
15.91903,75.07299,2024-12-19,N20,295.57,0.87,0.0690096752832266,Unusual Thermal Detection,REVIEW,Unusual thermal detection. Analyst verification required.
21.10053,72.64935,2024-12-13,N20,367.0,12.81,0.0687063128245312,Unusual Thermal Detection,REVIEW,Unusual thermal detection. Analyst verification required.
29.60018,74.40048,2024-11-20,N,349.17,20.79,0.0686989597638344,Unusual Thermal Detection,REVIEW,Unusual thermal detection. Analyst verification required.
25.78633,76.64894,2024-11-16,N,367.0,23.96,0.068599976507329,Unusual Thermal Detection,REVIEW,Unusual thermal detection. Analyst verification required.
30.23316,76.06505,2024-11-02,N20,367.0,52.78,0.0683696138681978,Unusual Thermal Detection,HIGH_REVIEW,Unusual thermal detection. Analyst verification required.
29.5663,74.22358,2024-11-23,N,367.0,143.34,0.0683648464417203,Unusual Thermal Detection,HIGH_REVIEW,Unusual thermal detection. Analyst verification required.
25.78807,76.65545,2024-11-16,N,367.0,23.96,0.06811614855388,Unusual Thermal Detection,REVIEW,Unusual thermal detection. Analyst verification required.
27.37558,77.69688,2024-11-20,N,354.4,13.46,0.0680533305506265,Unusual Thermal Detection,REVIEW,Unusual thermal detection. Analyst verification required.
25.4663,76.58202,2024-11-13,N,367.0,41.49,0.0675829400200829,Unusual Thermal Detection,REVIEW,Unusual thermal detection. Analyst verification required.
18.7571,78.67457,2024-11-26,N,367.0,13.48,0.0673300263732264,Unusual Thermal Detection,REVIEW,Unusual thermal detection. Analyst verification required.
31.0616,78.08539,2024-12-03,N20,350.44,17.22,0.0672113492546662,Unusual Thermal Detection,REVIEW,Unusual thermal detection. Analyst verification required.
21.10693,72.64414,2024-11-20,N,367.0,32.52,0.0671633445973548,Unusual Thermal Detection,REVIEW,Unusual thermal detection. Analyst verification required.
25.6029,76.58692,2024-11-12,N20,367.0,23.29,0.0670409662610728,Unusual Thermal Detection,REVIEW,Unusual thermal detection. Analyst verification required.
32.55904,76.50058,2024-11-10,N,330.13,34.46,0.0669486284271497,Unusual Thermal Detection,REVIEW,Unusual thermal detection. Analyst verification required.
32.4196,76.52268,2024-11-01,N20,344.14,78.5,0.0669153267029052,Unusual Thermal Detection,HIGH_REVIEW,Unusual thermal detection. Analyst verification required.
28.63564,94.4005,2024-12-17,N20,354.16,18.62,0.0667458177558231,Unusual Thermal Detection,REVIEW,Unusual thermal detection. Analyst verification required.
21.95733,86.83066,2025-01-01,N20,355.85,25.92,0.066685687783199,Unusual Thermal Detection,REVIEW,Unusual thermal detection. Analyst verification required.
26.60818,94.82372,2024-12-17,Aqua,316.21,104.85,0.0666326186482565,Unusual Thermal Detection,HIGH_REVIEW,Unusual thermal detection. Analyst verification required.
28.67556,96.18121,2024-12-16,N,329.09,19.15,0.0665510781326649,Unusual Thermal Detection,REVIEW,Unusual thermal detection. Analyst verification required.
31.84603,77.13429,2024-11-26,N,367.0,19.54,0.0664936124673463,Unusual Thermal Detection,REVIEW,Unusual thermal detection. Analyst verification required.
34.49483,74.58316,2024-11-09,Aqua,306.16,60.68,0.0664155368042069,Unusual Thermal Detection,HIGH_REVIEW,Unusual thermal detection. Analyst verification required.
19.32924,76.27583,2024-12-17,N,367.0,15.11,0.0663644150065843,Unusual Thermal Detection,REVIEW,Unusual thermal detection. Analyst verification required.
29.55389,74.24438,2024-11-20,N,367.0,69.82,0.0663593228395176,Unusual Thermal Detection,HIGH_REVIEW,Unusual thermal detection. Analyst verification required.
33.24684,75.83768,2024-12-24,N20,351.14,14.4,0.0662617461276517,Unusual Thermal Detection,REVIEW,Unusual thermal detection. Analyst verification required.
18.71683,77.98602,2024-11-21,N,367.0,24.63,0.0661359767857987,Unusual Thermal Detection,REVIEW,Unusual thermal detection. Analyst verification required.
25.53726,72.96654,2024-12-02,N,367.0,56.2,0.0660830128593805,Unusual Thermal Detection,HIGH_REVIEW,Unusual thermal detection. Analyst verification required.
25.1164,83.84996,2024-12-04,N20,367.0,16.57,0.0658490113512135,Unusual Thermal Detection,REVIEW,Unusual thermal detection. Analyst verification required.
28.16316,96.6675,2024-11-21,N20,367.0,23.97,0.0658178195385146,Unusual Thermal Detection,REVIEW,Unusual thermal detection. Analyst verification required.
26.46321,95.05376,2024-12-30,Terra,310.84,72.85,0.0657290164384144,Unusual Thermal Detection,HIGH_REVIEW,Unusual thermal detection. Analyst verification required.
25.48559,76.57257,2024-11-11,N,367.0,33.14,0.0657102255588814,Unusual Thermal Detection,REVIEW,Unusual thermal detection. Analyst verification required.
21.03279,81.98712,2024-12-14,N,367.0,44.29,0.0653950241140139,Unusual Thermal Detection,REVIEW,Unusual thermal detection. Analyst verification required.
33.24671,75.83338,2024-12-24,N20,356.27,14.4,0.0653020642937606,Unusual Thermal Detection,REVIEW,Unusual thermal detection. Analyst verification required.
22.05903,88.12445,2024-12-10,N20,297.19,1.89,0.0649956823974302,Unusual Thermal Detection,REVIEW,Unusual thermal detection. Analyst verification required.
28.20298,81.17287,2025-01-11,N20,353.59,25.15,0.0649256075125749,Unusual Thermal Detection,REVIEW,Unusual thermal detection. Analyst verification required.
31.65324,77.74405,2024-12-20,N20,355.9,15.32,0.0648937990096727,Unusual Thermal Detection,REVIEW,Unusual thermal detection. Analyst verification required.
31.0602,78.08531,2024-12-03,N20,356.1,14.75,0.0648937990096727,Unusual Thermal Detection,REVIEW,Unusual thermal detection. Analyst verification required.
33.37513,75.21331,2024-12-17,N20,300.79,3.84,0.0647153440777266,Unusual Thermal Detection,REVIEW,Unusual thermal detection. Analyst verification required.
26.45206,95.04668,2024-12-30,Terra,313.96,86.35,0.0647091833977345,Unusual Thermal Detection,HIGH_REVIEW,Unusual thermal detection. Analyst verification required.
23.39677,83.95171,2025-01-12,Aqua,307.89,57.96,0.0645317343258943,Unusual Thermal Detection,HIGH_REVIEW,Unusual thermal detection. Analyst verification required.
26.55813,95.07357,2024-12-19,N,367.0,46.62,0.0643381009782222,Unusual Thermal Detection,REVIEW,Unusual thermal detection. Analyst verification required.
33.24758,76.23742,2024-11-06,N20,353.18,55.1,0.0643336779706914,Unusual Thermal Detection,HIGH_REVIEW,Unusual thermal detection. Analyst verification required.
22.04255,83.72578,2024-11-24,N20,295.28,1.94,0.0641484242104739,Unusual Thermal Detection,REVIEW,Unusual thermal detection. Analyst verification required.
33.40979,75.81406,2024-12-20,N,367.0,209.01,0.0640565768157755,Unusual Thermal Detection,HIGH_REVIEW,Unusual thermal detection. Analyst verification required.
33.41029,75.818,2024-12-20,N,367.0,209.01,0.0640565768157755,Unusual Thermal Detection,HIGH_REVIEW,Unusual thermal detection. Analyst verification required.
32.41943,76.51856,2024-11-01,N20,350.01,43.92,0.0639665218794242,Unusual Thermal Detection,REVIEW,Unusual thermal detection. Analyst verification required.
22.31937,69.88086,2024-12-04,Terra,309.79,89.34,0.063847035964759,Unusual Thermal Detection,HIGH_REVIEW,Unusual thermal detection. Analyst verification required.
21.43103,83.74323,2025-01-05,N20,367.0,20.82,0.0636388385447508,Unusual Thermal Detection,REVIEW,Unusual thermal detection. Analyst verification required.
29.21751,73.07713,2024-11-20,N,367.0,22.79,0.0631236334788626,Unusual Thermal Detection,REVIEW,Unusual thermal detection. Analyst verification required.
31.23244,77.85245,2024-12-08,N,354.87,37.74,0.0630149569362247,Unusual Thermal Detection,REVIEW,Unusual thermal detection. Analyst verification required.
30.52462,74.17561,2024-11-19,N20,367.0,93.21,0.0627638000314039,Unusual Thermal Detection,HIGH_REVIEW,Unusual thermal detection. Analyst verification required.
33.70343,75.7267,2024-12-19,N20,367.0,33.06,0.0625950658785443,Unusual Thermal Detection,REVIEW,Unusual thermal detection. Analyst verification required.
25.11198,83.852,2024-12-04,N20,367.0,15.13,0.0624977488269131,Unusual Thermal Detection,REVIEW,Unusual thermal detection. Analyst verification required.
29.77166,76.00021,2024-11-15,N,356.22,14.08,0.0624866742480623,Unusual Thermal Detection,REVIEW,Unusual thermal detection. Analyst verification required.
33.26252,75.21451,2024-12-17,N20,337.86,7.89,0.0624029896826954,Unusual Thermal Detection,REVIEW,Unusual thermal detection. Analyst verification required.
20.92154,81.96375,2024-12-10,N20,345.57,69.59,0.062388008868163,Unusual Thermal Detection,HIGH_REVIEW,Unusual thermal detection. Analyst verification required.
29.44942,74.04801,2024-11-16,N20,333.08,24.76,0.0620852340773632,Unusual Thermal Detection,REVIEW,Unusual thermal detection. Analyst verification required.
26.58501,95.07278,2025-01-03,N20,354.07,20.55,0.0619571043114191,Unusual Thermal Detection,REVIEW,Unusual thermal detection. Analyst verification required.
26.87896,95.4335,2024-12-17,N20,367.0,96.34,0.0618194003485864,Unusual Thermal Detection,HIGH_REVIEW,Unusual thermal detection. Analyst verification required.
33.41082,75.82207,2024-12-20,N,367.0,237.93,0.061656051284247,Unusual Thermal Detection,HIGH_REVIEW,Unusual thermal detection. Analyst verification required.
28.08879,96.59281,2024-11-21,N20,353.64,35.79,0.0616108543734785,Unusual Thermal Detection,REVIEW,Unusual thermal detection. Analyst verification required.
21.25615,82.11787,2025-01-10,N20,367.0,19.52,0.0615974072636915,Unusual Thermal Detection,REVIEW,Unusual thermal detection. Analyst verification required.
30.60665,74.37614,2024-11-19,Aqua,317.29,90.95,0.0613974256130817,Unusual Thermal Detection,HIGH_REVIEW,Unusual thermal detection. Analyst verification required.
30.60409,74.32883,2024-11-19,Aqua,316.99,84.73,0.0613974256130817,Unusual Thermal Detection,HIGH_REVIEW,Unusual thermal detection. Analyst verification required.
29.59354,74.40934,2024-11-20,N,345.85,20.85,0.0613891896121453,Unusual Thermal Detection,REVIEW,Unusual thermal detection. Analyst verification required.
30.9941,78.2182,2024-12-19,N20,367.0,17.58,0.0610663450959204,Unusual Thermal Detection,REVIEW,Unusual thermal detection. Analyst verification required.
21.1032,72.63299,2024-12-13,N20,297.31,1.72,0.0610156884554525,Unusual Thermal Detection,REVIEW,Unusual thermal detection. Analyst verification required.
29.86465,75.99366,2024-11-04,Aqua,319.24,96.26,0.060992421735342,Unusual Thermal Detection,HIGH_REVIEW,Unusual thermal detection. Analyst verification required.
22.3291,82.6564,2024-11-29,N20,295.49,3.31,0.060833332315616,Unusual Thermal Detection,REVIEW,Unusual thermal detection. Analyst verification required.
28.62861,94.40117,2024-12-17,N20,334.2,27.38,0.0607647499010983,Unusual Thermal Detection,REVIEW,Unusual thermal detection. Analyst verification required.
30.27154,76.17058,2024-11-01,N20,367.0,32.46,0.0604857478622751,Unusual Thermal Detection,REVIEW,Unusual thermal detection. Analyst verification required.
22.02085,82.70944,2025-01-04,N,367.0,18.83,0.0603778850943478,Unusual Thermal Detection,REVIEW,Unusual thermal detection. Analyst verification required.
33.41436,75.2233,2024-12-16,Aqua,310.7,86.87,0.0602664285249099,Unusual Thermal Detection,HIGH_REVIEW,Unusual thermal detection. Analyst verification required.
30.75562,77.74185,2024-12-07,N,367.0,18.63,0.0600205108548129,Unusual Thermal Detection,REVIEW,Unusual thermal detection. Analyst verification required.
25.47684,76.58138,2024-11-15,N,348.95,17.25,0.059878861404241,Unusual Thermal Detection,REVIEW,Unusual thermal detection. Analyst verification required.
31.65393,77.74368,2024-12-20,N20,355.31,18.87,0.05984060990105,Unusual Thermal Detection,REVIEW,Unusual thermal detection. Analyst verification required.
33.93529,74.19299,2024-12-13,N20,313.26,6.26,0.0598220684381831,Unusual Thermal Detection,REVIEW,Unusual thermal detection. Analyst verification required.
23.3965,83.95595,2025-01-12,Aqua,309.07,61.49,0.0594923417518572,Unusual Thermal Detection,HIGH_REVIEW,Unusual thermal detection. Analyst verification required.
31.06123,78.07598,2024-12-03,N20,347.4,23.82,0.0591947307794326,Unusual Thermal Detection,REVIEW,Unusual thermal detection. Analyst verification required.
26.88426,95.43329,2024-12-17,N20,355.7,71.33,0.0591738024172487,Unusual Thermal Detection,HIGH_REVIEW,Unusual thermal detection. Analyst verification required.
25.16828,84.0134,2024-12-04,N20,367.0,13.29,0.0591623207048601,Unusual Thermal Detection,REVIEW,Unusual thermal detection. Analyst verification required.
25.45634,76.59377,2024-11-17,N20,367.0,37.92,0.058917631955782,Unusual Thermal Detection,REVIEW,Unusual thermal detection. Analyst verification required.
18.50671,75.61717,2024-12-06,N,347.43,13.43,0.0589072550726771,Unusual Thermal Detection,REVIEW,Unusual thermal detection. Analyst verification required.
17.61348,83.19631,2024-11-24,N20,295.85,0.92,0.058873819860713,Unusual Thermal Detection,REVIEW,Unusual thermal detection. Analyst verification required.
11.97962,77.10822,2025-01-09,N20,367.0,40.0,0.0588490566842632,Unusual Thermal Detection,REVIEW,Unusual thermal detection. Analyst verification required.
30.60432,74.38498,2024-11-19,Aqua,316.4,84.37,0.0588461757944246,Unusual Thermal Detection,HIGH_REVIEW,Unusual thermal detection. Analyst verification required.
26.88856,95.42856,2024-12-17,N20,367.0,71.33,0.0586455271014146,Unusual Thermal Detection,HIGH_REVIEW,Unusual thermal detection. Analyst verification required.
30.27326,76.05905,2024-11-06,N20,367.0,19.59,0.0586424537784461,Unusual Thermal Detection,REVIEW,Unusual thermal detection. Analyst verification required.
34.10041,74.14994,2024-12-18,N20,367.0,8.2,0.0585647213551708,Unusual Thermal Detection,REVIEW,Unusual thermal detection. Analyst verification required.
31.42445,77.8707,2024-12-20,N20,331.84,20.67,0.0585498484561597,Unusual Thermal Detection,REVIEW,Unusual thermal detection. Analyst verification required.
32.43439,76.18819,2024-12-20,N20,330.05,10.39,0.0583835335089574,Unusual Thermal Detection,REVIEW,Unusual thermal detection. Analyst verification required.
27.65583,92.2931,2024-12-28,N20,367.0,114.26,0.0581739359619813,Unusual Thermal Detection,HIGH_REVIEW,Unusual thermal detection. Analyst verification required.
29.56027,74.51301,2024-11-20,N,356.04,12.76,0.0579970141675089,Unusual Thermal Detection,REVIEW,Unusual thermal detection. Analyst verification required.
25.99784,78.69488,2024-11-17,N20,367.0,16.5,0.0579879107109833,Unusual Thermal Detection,REVIEW,Unusual thermal detection. Analyst verification required.
17.46097,73.40377,2024-12-29,Aqua,314.54,72.53,0.0578503342838923,Unusual Thermal Detection,HIGH_REVIEW,Unusual thermal detection. Analyst verification required.
21.48629,81.93974,2025-01-10,N20,367.0,17.34,0.0577383720863277,Unusual Thermal Detection,REVIEW,Unusual thermal detection. Analyst verification required.
25.53017,76.76572,2024-11-04,N20,367.0,38.31,0.0575275207765407,Unusual Thermal Detection,REVIEW,Unusual thermal detection. Analyst verification required.
31.64745,77.71909,2024-12-14,N20,367.0,31.32,0.0574397603608528,Unusual Thermal Detection,REVIEW,Unusual thermal detection. Analyst verification required.
25.44731,76.6282,2024-11-17,N20,367.0,35.73,0.0573951421959876,Unusual Thermal Detection,REVIEW,Unusual thermal detection. Analyst verification required.
18.36019,75.87411,2025-01-09,N20,367.0,15.33,0.0572657671459339,Unusual Thermal Detection,REVIEW,Unusual thermal detection. Analyst verification required.
22.31944,69.87349,2024-12-04,Terra,307.45,80.12,0.0572592028612045,Unusual Thermal Detection,HIGH_REVIEW,Unusual thermal detection. Analyst verification required.
32.52879,76.10026,2024-12-08,N20,295.39,3.65,0.0570316873332444,Unusual Thermal Detection,REVIEW,Unusual thermal detection. Analyst verification required.
29.52781,74.57731,2024-11-19,Aqua,314.54,79.73,0.0569167458669042,Unusual Thermal Detection,HIGH_REVIEW,Unusual thermal detection. Analyst verification required.
24.13986,79.07642,2025-01-04,N20,367.0,16.69,0.0568621311929161,Unusual Thermal Detection,REVIEW,Unusual thermal detection. Analyst verification required.
21.76251,83.84056,2024-11-24,N20,297.39,2.68,0.0566984525884718,Unusual Thermal Detection,REVIEW,Unusual thermal detection. Analyst verification required.
31.15061,78.08645,2024-12-18,N20,351.82,134.27,0.05664936369226,Unusual Thermal Detection,HIGH_REVIEW,Unusual thermal detection. Analyst verification required.
29.59318,74.4092,2024-11-20,N,346.3,18.99,0.0561385105985803,Unusual Thermal Detection,REVIEW,Unusual thermal detection. Analyst verification required.
23.23617,79.8616,2024-11-23,N20,367.0,23.88,0.0559162347091269,Unusual Thermal Detection,REVIEW,Unusual thermal detection. Analyst verification required.
25.86351,76.6468,2024-11-19,Aqua,314.84,70.35,0.0559012691712756,Unusual Thermal Detection,HIGH_REVIEW,Unusual thermal detection. Analyst verification required.
25.81426,76.68432,2024-11-16,N,367.0,19.88,0.0558787054689718,Unusual Thermal Detection,REVIEW,Unusual thermal detection. Analyst verification required.
34.10025,74.15414,2024-12-18,N20,295.73,8.06,0.0558733220125647,Unusual Thermal Detection,REVIEW,Unusual thermal detection. Analyst verification required.
21.73948,82.97088,2024-12-15,N20,367.0,15.05,0.0558426521689838,Unusual Thermal Detection,REVIEW,Unusual thermal detection. Analyst verification required.
33.37628,75.20953,2024-12-17,N20,310.62,4.01,0.0555950332559062,Unusual Thermal Detection,REVIEW,Unusual thermal detection. Analyst verification required.
28.61798,94.39925,2024-12-17,N,367.0,26.48,0.0553380275015719,Unusual Thermal Detection,REVIEW,Unusual thermal detection. Analyst verification required.
32.73573,75.61183,2024-12-08,N20,297.9,2.6,0.0552788080926514,Unusual Thermal Detection,REVIEW,Unusual thermal detection. Analyst verification required.
31.90282,77.04623,2024-12-19,N,367.0,38.9,0.0552761653883924,Unusual Thermal Detection,REVIEW,Unusual thermal detection. Analyst verification required.
21.10697,72.63792,2024-12-13,N20,305.4,3.01,0.0552397079640186,Unusual Thermal Detection,REVIEW,Unusual thermal detection. Analyst verification required.
33.93542,74.18726,2024-12-13,N20,327.15,6.26,0.05508516130757,Unusual Thermal Detection,REVIEW,Unusual thermal detection. Analyst verification required.
27.1316,95.50061,2025-01-03,N20,367.0,21.5,0.0550360969983075,Unusual Thermal Detection,REVIEW,Unusual thermal detection. Analyst verification required.
23.18434,79.64591,2024-11-17,N20,348.23,19.86,0.0549569525921637,Unusual Thermal Detection,REVIEW,Unusual thermal detection. Analyst verification required.
30.70643,74.83037,2024-11-19,Aqua,314.34,76.23,0.0548871656616297,Unusual Thermal Detection,HIGH_REVIEW,Unusual thermal detection. Analyst verification required.
31.24923,77.72701,2025-01-03,N20,295.45,1.43,0.0547262277927773,Unusual Thermal Detection,REVIEW,Unusual thermal detection. Analyst verification required.
19.89296,73.76897,2024-12-06,N,367.0,32.72,0.0545337792369085,Unusual Thermal Detection,REVIEW,Unusual thermal detection. Analyst verification required.
29.52572,74.58588,2024-11-19,Aqua,313.19,70.44,0.0545291903120078,Unusual Thermal Detection,HIGH_REVIEW,Unusual thermal detection. Analyst verification required.
26.87987,95.43091,2024-12-17,N,345.76,13.82,0.0543698177448577,Unusual Thermal Detection,REVIEW,Unusual thermal detection. Analyst verification required.
29.5876,74.44164,2024-11-27,N20,367.0,19.74,0.0541183209610631,Unusual Thermal Detection,REVIEW,Unusual thermal detection. Analyst verification required.
25.45741,76.59551,2024-11-17,N20,367.0,33.18,0.0540838234134206,Unusual Thermal Detection,REVIEW,Unusual thermal detection. Analyst verification required.
25.82314,76.67981,2024-11-16,N,367.0,20.22,0.0539780387583536,Unusual Thermal Detection,REVIEW,Unusual thermal detection. Analyst verification required.
25.82084,76.68223,2024-11-16,N,367.0,19.88,0.0539780387583536,Unusual Thermal Detection,REVIEW,Unusual thermal detection. Analyst verification required.
25.81915,76.6757,2024-11-16,N,367.0,19.88,0.0539780387583536,Unusual Thermal Detection,REVIEW,Unusual thermal detection. Analyst verification required.
33.70358,75.73018,2024-12-19,N20,367.0,33.06,0.0539321681060677,Unusual Thermal Detection,REVIEW,Unusual thermal detection. Analyst verification required.
26.61125,94.83618,2024-12-17,N20,367.0,57.95,0.0539226311184177,Unusual Thermal Detection,HIGH_REVIEW,Unusual thermal detection. Analyst verification required.
28.67229,94.3427,2024-12-16,N,367.0,26.91,0.0538571359109172,Unusual Thermal Detection,REVIEW,Unusual thermal detection. Analyst verification required.
21.75839,83.83479,2024-11-24,N20,297.38,0.89,0.0538047590457989,Unusual Thermal Detection,REVIEW,Unusual thermal detection. Analyst verification required.
26.90237,95.32637,2024-12-30,Terra,310.25,67.41,0.0537477715333055,Unusual Thermal Detection,HIGH_REVIEW,Unusual thermal detection. Analyst verification required.
22.67233,77.50443,2024-11-12,N20,367.0,16.89,0.0535256513129951,Unusual Thermal Detection,REVIEW,Unusual thermal detection. Analyst verification required.
25.78428,76.65137,2024-11-16,N,367.0,20.28,0.0535041004619046,Unusual Thermal Detection,REVIEW,Unusual thermal detection. Analyst verification required.
22.32917,82.64726,2024-11-29,N20,297.71,2.39,0.0533904255991938,Unusual Thermal Detection,REVIEW,Unusual thermal detection. Analyst verification required.
33.27752,75.5089,2024-12-12,N20,295.63,1.23,0.0533105823779197,Unusual Thermal Detection,REVIEW,Unusual thermal detection. Analyst verification required.
19.80323,77.78741,2024-12-28,N,356.96,19.75,0.0531811936157574,Unusual Thermal Detection,REVIEW,Unusual thermal detection. Analyst verification required.
25.54771,76.5759,2024-11-11,N,357.27,34.48,0.0531306293623098,Unusual Thermal Detection,REVIEW,Unusual thermal detection. Analyst verification required.
31.07268,77.83202,2024-12-18,N,367.0,29.48,0.0529663745149163,Unusual Thermal Detection,REVIEW,Unusual thermal detection. Analyst verification required.
32.14956,77.19646,2025-01-08,N20,296.95,4.6,0.0529191279693003,Unusual Thermal Detection,REVIEW,Unusual thermal detection. Analyst verification required.
17.46423,73.39532,2024-12-29,Aqua,314.35,72.74,0.0528851681531453,Unusual Thermal Detection,HIGH_REVIEW,Unusual thermal detection. Analyst verification required.
32.312,76.48064,2024-12-16,N,295.3,56.7,0.0526776161006925,Unusual Thermal Detection,HIGH_REVIEW,Unusual thermal detection. Analyst verification required.
26.58223,95.06231,2025-01-03,N20,350.27,24.01,0.0526420575357786,Unusual Thermal Detection,REVIEW,Unusual thermal detection. Analyst verification required.
33.69671,73.98539,2024-11-20,N20,295.43,1.19,0.0525562006153073,Unusual Thermal Detection,REVIEW,Unusual thermal detection. Analyst verification required.
21.95957,86.83456,2025-01-01,N20,351.88,15.17,0.0525187245967333,Unusual Thermal Detection,REVIEW,Unusual thermal detection. Analyst verification required.
29.56248,75.3999,2024-12-12,N20,319.7,2.91,0.0525002449260323,Unusual Thermal Detection,REVIEW,Unusual thermal detection. Analyst verification required.
18.51018,77.77266,2024-11-06,N20,367.0,19.16,0.0524838764190485,Unusual Thermal Detection,REVIEW,Unusual thermal detection. Analyst verification required.
29.35469,74.01112,2024-11-23,N,367.0,35.37,0.052411549080547,Unusual Thermal Detection,REVIEW,Unusual thermal detection. Analyst verification required.
17.91667,77.30125,2025-01-02,N,352.39,12.24,0.0521305633507165,Unusual Thermal Detection,REVIEW,Unusual thermal detection. Analyst verification required.
30.56934,74.10522,2024-11-20,N,348.81,15.96,0.051936538462907,Unusual Thermal Detection,REVIEW,Unusual thermal detection. Analyst verification required.
30.85864,75.46038,2024-12-14,Terra,363.92,160.99,0.0517961269739173,Unusual Thermal Detection,HIGH_REVIEW,Unusual thermal detection. Analyst verification required.
30.99434,78.22565,2024-12-19,N20,329.81,17.58,0.0517702042589995,Unusual Thermal Detection,REVIEW,Unusual thermal detection. Analyst verification required.
30.48783,73.97488,2024-12-02,N,329.83,25.56,0.0517676284324578,Unusual Thermal Detection,REVIEW,Unusual thermal detection. Analyst verification required.
30.03672,79.70906,2024-12-18,N,337.95,23.63,0.0517399437479307,Unusual Thermal Detection,REVIEW,Unusual thermal detection. Analyst verification required.
18.55048,74.53389,2024-12-01,N,367.0,18.73,0.0516005120782868,Unusual Thermal Detection,REVIEW,Unusual thermal detection. Analyst verification required.
30.34963,74.61813,2024-11-27,N20,367.0,14.63,0.051599850109343,Unusual Thermal Detection,REVIEW,Unusual thermal detection. Analyst verification required.
31.00414,77.57825,2025-01-04,N20,367.0,16.19,0.0515746156691689,Unusual Thermal Detection,REVIEW,Unusual thermal detection. Analyst verification required.
29.58522,74.43667,2024-11-27,N20,367.0,15.29,0.0515308427232056,Unusual Thermal Detection,REVIEW,Unusual thermal detection. Analyst verification required.
27.31109,95.71582,2024-12-02,Aqua,300.41,13.2,0.0514837447720112,Unusual Thermal Detection,REVIEW,Unusual thermal detection. Analyst verification required.
28.82992,95.86503,2024-11-14,N,354.91,18.08,0.0514639809504577,Unusual Thermal Detection,REVIEW,Unusual thermal detection. Analyst verification required.
20.96875,82.00023,2024-12-14,Terra,309.98,50.66,0.0514019354238514,Unusual Thermal Detection,HIGH_REVIEW,Unusual thermal detection. Analyst verification required.
29.86124,76.0022,2024-11-04,Aqua,317.16,86.17,0.0513706430022137,Unusual Thermal Detection,HIGH_REVIEW,Unusual thermal detection. Analyst verification required.
33.63643,75.48167,2024-11-10,N,343.14,20.13,0.0513010695639787,Unusual Thermal Detection,REVIEW,Unusual thermal detection. Analyst verification required.
19.06295,76.4507,2024-12-18,N,296.15,1.15,0.0511059672972111,Unusual Thermal Detection,REVIEW,Unusual thermal detection. Analyst verification required.
20.86521,81.02912,2024-12-14,N20,367.0,16.03,0.0511045461759077,Unusual Thermal Detection,REVIEW,Unusual thermal detection. Analyst verification required.
22.67348,77.50127,2024-11-12,N20,367.0,16.39,0.0511045461759077,Unusual Thermal Detection,REVIEW,Unusual thermal detection. Analyst verification required.
18.31199,75.51254,2024-12-08,N20,339.9,15.67,0.0506894775308219,Unusual Thermal Detection,REVIEW,Unusual thermal detection. Analyst verification required.
22.70519,77.30357,2024-11-16,N,367.0,10.48,0.0506106872046918,Unusual Thermal Detection,REVIEW,Unusual thermal detection. Analyst verification required.
23.66452,86.92307,2024-12-19,N,298.12,1.16,0.0504120884942927,Unusual Thermal Detection,REVIEW,Unusual thermal detection. Analyst verification required.
32.41927,76.51487,2024-11-01,N20,352.45,43.92,0.0502811720841916,Unusual Thermal Detection,REVIEW,Unusual thermal detection. Analyst verification required.
21.10975,72.64098,2024-12-13,N20,309.08,1.72,0.0502172191492119,Unusual Thermal Detection,REVIEW,Unusual thermal detection. Analyst verification required.
34.10706,74.14952,2024-12-18,N20,300.93,8.2,0.0502075585683827,Unusual Thermal Detection,REVIEW,Unusual thermal detection. Analyst verification required.
21.68347,72.56471,2024-11-10,N20,367.0,35.73,0.0501226361569395,Unusual Thermal Detection,REVIEW,Unusual thermal detection. Analyst verification required.
33.53452,73.96639,2024-12-13,N20,298.97,1.93,0.0500275814387728,Unusual Thermal Detection,REVIEW,Unusual thermal detection. Analyst verification required.
28.62121,94.3922,2024-12-17,N20,335.53,34.29,0.0500136721667804,Unusual Thermal Detection,REVIEW,Unusual thermal detection. Analyst verification required.
30.51152,74.31641,2024-11-22,N20,367.0,39.57,0.0499671932008888,Unusual Thermal Detection,REVIEW,Unusual thermal detection. Analyst verification required.
17.91694,77.29892,2025-01-02,N,350.6,12.86,0.0497703145415976,Unusual Thermal Detection,REVIEW,Unusual thermal detection. Analyst verification required.
20.88818,81.04834,2024-12-16,Aqua,313.25,73.3,0.0497328094041947,Unusual Thermal Detection,HIGH_REVIEW,Unusual thermal detection. Analyst verification required.
31.79956,77.47094,2024-12-07,N,345.74,12.14,0.0495641958934091,Unusual Thermal Detection,REVIEW,Unusual thermal detection. Analyst verification required.
30.9961,78.22335,2024-12-19,N20,343.54,22.45,0.0494631624210762,Unusual Thermal Detection,REVIEW,Unusual thermal detection. Analyst verification required.
28.50523,95.10374,2024-12-16,N,367.0,19.45,0.0494575128620939,Unusual Thermal Detection,REVIEW,Unusual thermal detection. Analyst verification required.
29.17335,73.49727,2024-11-02,Aqua,319.51,50.8,0.0494357791878845,Unusual Thermal Detection,HIGH_REVIEW,Unusual thermal detection. Analyst verification required.
29.9861,75.71612,2024-11-11,N20,349.15,15.01,0.0494046503253744,Unusual Thermal Detection,REVIEW,Unusual thermal detection. Analyst verification required.
20.83276,81.96071,2024-12-14,Terra,309.81,50.17,0.0494023700265191,Unusual Thermal Detection,HIGH_REVIEW,Unusual thermal detection. Analyst verification required.
18.50899,77.77506,2024-11-06,N20,367.0,17.69,0.0493652775023893,Unusual Thermal Detection,REVIEW,Unusual thermal detection. Analyst verification required.
16.64071,73.40306,2024-12-17,Aqua,321.48,96.85,0.0492051741176112,Unusual Thermal Detection,HIGH_REVIEW,Unusual thermal detection. Analyst verification required.
21.07604,85.04079,2024-11-23,N,297.21,2.94,0.0491794198823563,Unusual Thermal Detection,REVIEW,Unusual thermal detection. Analyst verification required.
21.10748,72.63052,2024-12-13,N20,303.91,2.53,0.0491214466758659,Unusual Thermal Detection,REVIEW,Unusual thermal detection. Analyst verification required.
27.37774,95.09035,2024-11-29,N,295.02,0.55,0.0489171237143589,Unusual Thermal Detection,REVIEW,Unusual thermal detection. Analyst verification required.
32.46055,76.56197,2025-01-08,N,313.12,2.07,0.0486698150229933,Unusual Thermal Detection,REVIEW,Unusual thermal detection. Analyst verification required.
21.21504,82.08624,2025-01-04,N,352.42,12.47,0.0486017246835117,Unusual Thermal Detection,REVIEW,Unusual thermal detection. Analyst verification required.
29.41632,74.00526,2024-11-20,N,349.96,14.49,0.0485790596683743,Unusual Thermal Detection,REVIEW,Unusual thermal detection. Analyst verification required.
22.04402,83.73149,2025-01-09,N,350.34,20.51,0.04845232098087,Unusual Thermal Detection,REVIEW,Unusual thermal detection. Analyst verification required.
30.7526,75.26672,2024-11-01,N20,355.67,53.55,0.0483874732169238,Unusual Thermal Detection,HIGH_REVIEW,Unusual thermal detection. Analyst verification required.
25.48756,76.75736,2024-11-02,N20,351.96,45.87,0.0483628433798977,Unusual Thermal Detection,REVIEW,Unusual thermal detection. Analyst verification required.
21.67873,84.03574,2025-01-11,N20,298.86,2.29,0.0482236482568212,Unusual Thermal Detection,REVIEW,Unusual thermal detection. Analyst verification required.
30.50037,76.49209,2024-11-01,N,367.0,32.39,0.0481649542172977,Unusual Thermal Detection,REVIEW,Unusual thermal detection. Analyst verification required.
19.7749,74.76787,2025-01-08,N,295.24,0.94,0.0479764113335239,Unusual Thermal Detection,REVIEW,Unusual thermal detection. Analyst verification required.
21.92324,83.34892,2024-11-27,N,295.65,2.2,0.0477524797786302,Unusual Thermal Detection,REVIEW,Unusual thermal detection. Analyst verification required.
32.73278,75.60844,2024-12-08,N20,313.44,3.34,0.0475316140463344,Unusual Thermal Detection,REVIEW,Unusual thermal detection. Analyst verification required.
30.86101,75.47421,2024-12-14,Terra,355.14,123.2,0.0474483569220961,Unusual Thermal Detection,HIGH_REVIEW,Unusual thermal detection. Analyst verification required.
29.17967,73.48768,2024-11-02,Aqua,319.43,52.34,0.0474264176895827,Unusual Thermal Detection,HIGH_REVIEW,Unusual thermal detection. Analyst verification required.
17.51249,78.61079,2025-01-10,N20,350.14,59.52,0.0472763126041261,Unusual Thermal Detection,HIGH_REVIEW,Unusual thermal detection. Analyst verification required.
30.32403,76.20242,2024-11-01,N20,367.0,20.52,0.0472500316285693,Unusual Thermal Detection,REVIEW,Unusual thermal detection. Analyst verification required.
29.57878,74.44387,2024-11-27,N20,367.0,16.05,0.047224933479871,Unusual Thermal Detection,REVIEW,Unusual thermal detection. Analyst verification required.
20.88875,81.04493,2024-12-16,Aqua,312.69,69.11,0.0472209535129751,Unusual Thermal Detection,HIGH_REVIEW,Unusual thermal detection. Analyst verification required.
33.50114,74.16399,2024-12-13,N20,297.74,2.84,0.047191445014334,Unusual Thermal Detection,REVIEW,Unusual thermal detection. Analyst verification required.
26.49803,78.50438,2024-11-01,N20,367.0,12.71,0.0471821347827844,Unusual Thermal Detection,REVIEW,Unusual thermal detection. Analyst verification required.
16.32867,75.31532,2025-01-05,Terra,309.17,69.07,0.0471451542989324,Unusual Thermal Detection,HIGH_REVIEW,Unusual thermal detection. Analyst verification required.
22.21978,84.75399,2025-01-10,N,295.53,0.87,0.0470369710380659,Unusual Thermal Detection,REVIEW,Unusual thermal detection. Analyst verification required.
26.77172,94.50591,2024-12-31,N,295.59,0.77,0.0469396273946711,Unusual Thermal Detection,REVIEW,Unusual thermal detection. Analyst verification required.
23.78003,86.20475,2024-12-19,N,295.58,3.26,0.0468180329397107,Unusual Thermal Detection,REVIEW,Unusual thermal detection. Analyst verification required.
29.25103,73.59015,2024-11-06,N20,367.0,31.15,0.046781315442829,Unusual Thermal Detection,REVIEW,Unusual thermal detection. Analyst verification required.
33.51002,75.79851,2024-12-20,N20,334.26,10.64,0.0466124819814404,Unusual Thermal Detection,REVIEW,Unusual thermal detection. Analyst verification required.
27.5032,96.12617,2024-11-22,Aqua,303.46,23.39,0.0466121213306365,Unusual Thermal Detection,REVIEW,Unusual thermal detection. Analyst verification required.
32.81546,75.99522,2024-12-21,N20,344.13,72.12,0.0464171378754669,Unusual Thermal Detection,HIGH_REVIEW,Unusual thermal detection. Analyst verification required.
32.11406,75.2052,2024-12-14,N20,367.0,55.41,0.04637603061045,Unusual Thermal Detection,HIGH_REVIEW,Unusual thermal detection. Analyst verification required.
23.16351,82.34253,2024-12-19,N,295.51,1.13,0.0460705947643943,Unusual Thermal Detection,REVIEW,Unusual thermal detection. Analyst verification required.
21.51629,81.66561,2024-12-14,N20,350.45,15.33,0.0460402007132803,Unusual Thermal Detection,REVIEW,Unusual thermal detection. Analyst verification required.
25.62503,76.69099,2024-11-10,N,367.0,18.13,0.0460129606540062,Unusual Thermal Detection,REVIEW,Unusual thermal detection. Analyst verification required.
25.04508,83.90954,2024-12-06,N20,308.8,45.46,0.0459829366017066,Unusual Thermal Detection,REVIEW,Unusual thermal detection. Analyst verification required.
26.71981,93.5094,2024-12-18,Terra,300.42,25.03,0.0459687260989126,Unusual Thermal Detection,REVIEW,Unusual thermal detection. Analyst verification required.
20.82788,81.95425,2024-12-14,Terra,309.33,47.8,0.0459161256453457,Unusual Thermal Detection,REVIEW,Unusual thermal detection. Analyst verification required.
34.19293,74.5965,2024-11-27,N20,351.02,16.44,0.0458885166763801,Unusual Thermal Detection,REVIEW,Unusual thermal detection. Analyst verification required.
19.12007,77.08113,2024-12-16,Terra,300.68,46.58,0.0457566191379316,Unusual Thermal Detection,REVIEW,Unusual thermal detection. Analyst verification required.
33.63773,75.47816,2024-11-10,N,357.1,16.3,0.0457012633113402,Unusual Thermal Detection,REVIEW,Unusual thermal detection. Analyst verification required.
21.02118,82.16952,2024-12-15,N20,356.26,13.41,0.0455972230484382,Unusual Thermal Detection,REVIEW,Unusual thermal detection. Analyst verification required.
25.65542,76.54235,2024-11-11,N,367.0,23.17,0.0455964404798046,Unusual Thermal Detection,REVIEW,Unusual thermal detection. Analyst verification required.
33.52061,75.83428,2024-12-20,N20,340.52,10.64,0.0455669539062143,Unusual Thermal Detection,REVIEW,Unusual thermal detection. Analyst verification required.
25.33974,83.49203,2024-12-05,N20,367.0,25.87,0.0453887185637,Unusual Thermal Detection,REVIEW,Unusual thermal detection. Analyst verification required.
25.89367,77.16013,2025-01-10,N20,333.05,15.3,0.0452448983915547,Unusual Thermal Detection,REVIEW,Unusual thermal detection. Analyst verification required.
26.94884,95.47894,2024-12-17,N,335.23,13.56,0.0452203724041159,Unusual Thermal Detection,REVIEW,Unusual thermal detection. Analyst verification required.
18.42785,73.13373,2025-01-12,N,367.0,11.53,0.0452123848230596,Unusual Thermal Detection,REVIEW,Unusual thermal detection. Analyst verification required.
20.18582,77.98843,2024-12-13,N,367.0,25.79,0.0451281711400639,Unusual Thermal Detection,REVIEW,Unusual thermal detection. Analyst verification required.
31.09587,78.16081,2024-12-14,N,354.96,47.31,0.0451079886663415,Unusual Thermal Detection,REVIEW,Unusual thermal detection. Analyst verification required.
25.49809,76.56374,2024-11-15,N,349.4,11.22,0.0451011236781286,Unusual Thermal Detection,REVIEW,Unusual thermal detection. Analyst verification required.
22.05415,88.12725,2024-11-12,N,299.66,2.15,0.0450942889236962,Unusual Thermal Detection,REVIEW,Unusual thermal detection. Analyst verification required.
34.49545,74.55946,2024-11-10,N20,351.56,54.69,0.0450314919984283,Unusual Thermal Detection,HIGH_REVIEW,Unusual thermal detection. Analyst verification required.
22.04176,83.73276,2024-12-06,N20,353.8,30.72,0.0449914495296557,Unusual Thermal Detection,REVIEW,Unusual thermal detection. Analyst verification required.
18.06889,73.37291,2025-01-03,N20,367.0,16.23,0.0449174664168255,Unusual Thermal Detection,REVIEW,Unusual thermal detection. Analyst verification required.
22.03202,83.35957,2024-12-09,N20,298.1,2.87,0.0448937700035635,Unusual Thermal Detection,REVIEW,Unusual thermal detection. Analyst verification required.
21.04087,82.21064,2024-12-16,N,355.51,39.37,0.0448837477875306,Unusual Thermal Detection,REVIEW,Unusual thermal detection. Analyst verification required.
23.41307,72.35812,2024-12-17,N,295.54,0.81,0.0447257511298907,Unusual Thermal Detection,REVIEW,Unusual thermal detection. Analyst verification required.
30.07227,74.4605,2024-11-19,Aqua,310.19,52.83,0.044705642909216,Unusual Thermal Detection,HIGH_REVIEW,Unusual thermal detection. Analyst verification required.
21.38028,82.14587,2025-01-04,N,352.96,16.01,0.0446870565685894,Unusual Thermal Detection,REVIEW,Unusual thermal detection. Analyst verification required.
33.27693,75.50749,2024-12-12,N20,296.18,1.23,0.04461683939584,Unusual Thermal Detection,REVIEW,Unusual thermal detection. Analyst verification required.
26.64276,79.47492,2024-11-27,N,295.21,0.79,0.0445969094970476,Unusual Thermal Detection,REVIEW,Unusual thermal detection. Analyst verification required.
21.80713,82.41837,2024-12-15,N20,367.0,11.27,0.0445568588033031,Unusual Thermal Detection,REVIEW,Unusual thermal detection. Analyst verification required.
26.59242,94.82967,2024-12-17,Aqua,303.87,34.33,0.0445067530643943,Unusual Thermal Detection,REVIEW,Unusual thermal detection. Analyst verification required.
26.5838,94.84364,2024-12-27,N,355.6,38.49,0.0444867352861655,Unusual Thermal Detection,REVIEW,Unusual thermal detection. Analyst verification required.
30.28266,74.80515,2024-11-28,N20,351.8,40.35,0.0444780740399958,Unusual Thermal Detection,REVIEW,Unusual thermal detection. Analyst verification required.
27.38525,72.31844,2024-11-02,N,208.0,102.05,0.0444711630803908,Unusual Thermal Detection,HIGH_REVIEW,Unusual thermal detection. Analyst verification required.
27.3818,72.31918,2024-11-02,N,208.0,102.05,0.0444711630803908,Unusual Thermal Detection,HIGH_REVIEW,Unusual thermal detection. Analyst verification required.
22.0357,88.08237,2024-12-14,N,295.38,0.99,0.0444434365560888,Unusual Thermal Detection,REVIEW,Unusual thermal detection. Analyst verification required.
25.93814,78.1208,2024-11-17,N20,367.0,15.61,0.0444246208146306,Unusual Thermal Detection,REVIEW,Unusual thermal detection. Analyst verification required.
15.41341,76.16454,2024-11-22,N20,348.74,10.04,0.0443658234339214,Unusual Thermal Detection,REVIEW,Unusual thermal detection. Analyst verification required.
30.39737,74.5076,2024-11-19,Aqua,308.61,38.7,0.044363904650775,Unusual Thermal Detection,REVIEW,Unusual thermal detection. Analyst verification required.
28.6681,96.18145,2024-12-17,N,367.0,27.64,0.0443144850270641,Unusual Thermal Detection,REVIEW,Unusual thermal detection. Analyst verification required.
24.63166,80.69652,2024-11-17,N,352.16,11.05,0.0442753300395653,Unusual Thermal Detection,REVIEW,Unusual thermal detection. Analyst verification required.
30.70537,74.8377,2024-11-19,Aqua,312.63,59.73,0.0442519031146861,Unusual Thermal Detection,HIGH_REVIEW,Unusual thermal detection. Analyst verification required.
32.11986,75.20895,2024-12-14,N20,367.0,49.54,0.0442013484193323,Unusual Thermal Detection,HIGH_REVIEW,Unusual thermal detection. Analyst verification required.
31.17539,77.4213,2025-01-08,N,357.17,18.58,0.0441701287128271,Unusual Thermal Detection,REVIEW,Unusual thermal detection. Analyst verification required.
30.07466,74.45235,2024-11-19,Aqua,308.68,42.78,0.0441319003771824,Unusual Thermal Detection,REVIEW,Unusual thermal detection. Analyst verification required.
29.53381,74.87881,2024-11-22,N20,295.83,0.93,0.0440352694049589,Unusual Thermal Detection,REVIEW,Unusual thermal detection. Analyst verification required.
22.06264,83.32915,2025-01-11,N20,295.14,0.97,0.0440070928228568,Unusual Thermal Detection,REVIEW,Unusual thermal detection. Analyst verification required.
29.88875,75.99442,2024-11-15,N,344.11,11.9,0.044001137737036,Unusual Thermal Detection,REVIEW,Unusual thermal detection. Analyst verification required.
25.4798,76.59743,2024-11-11,N,367.0,22.34,0.0439929106697213,Unusual Thermal Detection,REVIEW,Unusual thermal detection. Analyst verification required.
21.87383,82.17976,2025-01-02,N20,353.97,32.61,0.0439898380759149,Unusual Thermal Detection,REVIEW,Unusual thermal detection. Analyst verification required.
23.23634,79.86355,2024-11-23,N20,367.0,23.1,0.0439628961284508,Unusual Thermal Detection,REVIEW,Unusual thermal detection. Analyst verification required.
25.80767,76.68642,2024-11-16,N,367.0,17.38,0.043936085517732,Unusual Thermal Detection,REVIEW,Unusual thermal detection. Analyst verification required.
18.00566,75.49191,2024-12-12,N,348.39,19.22,0.043613568809336,Unusual Thermal Detection,REVIEW,Unusual thermal detection. Analyst verification required.
23.6376,86.82906,2025-01-01,N20,295.69,0.97,0.0435702992049542,Unusual Thermal Detection,REVIEW,Unusual thermal detection. Analyst verification required.
21.16521,72.67078,2024-12-11,N,367.0,13.85,0.0435657957778041,Unusual Thermal Detection,REVIEW,Unusual thermal detection. Analyst verification required.
15.41144,76.16629,2024-11-22,N20,339.8,11.66,0.0435557488887506,Unusual Thermal Detection,REVIEW,Unusual thermal detection. Analyst verification required.
25.49706,76.75436,2024-11-02,N,367.0,32.96,0.0435131057584262,Unusual Thermal Detection,REVIEW,Unusual thermal detection. Analyst verification required.
25.43589,76.8196,2024-11-03,N20,354.78,44.99,0.0433861849706874,Unusual Thermal Detection,REVIEW,Unusual thermal detection. Analyst verification required.
30.86468,75.46779,2024-12-14,Aqua,336.04,94.49,0.0433721093232051,Unusual Thermal Detection,HIGH_REVIEW,Unusual thermal detection. Analyst verification required.
22.0406,83.73643,2024-12-31,N20,367.0,19.29,0.0433697346494702,Unusual Thermal Detection,REVIEW,Unusual thermal detection. Analyst verification required.
30.73171,74.41106,2024-11-19,Aqua,311.19,51.52,0.0432077033847096,Unusual Thermal Detection,HIGH_REVIEW,Unusual thermal detection. Analyst verification required.
31.07477,77.81686,2024-12-18,N20,296.62,3.21,0.0431817555853414,Unusual Thermal Detection,REVIEW,Unusual thermal detection. Analyst verification required.
22.73162,77.56193,2024-11-12,N20,367.0,14.61,0.043161833821785,Unusual Thermal Detection,REVIEW,Unusual thermal detection. Analyst verification required.
33.64936,75.68004,2024-11-06,N20,302.63,5.18,0.0429667034561416,Unusual Thermal Detection,REVIEW,Unusual thermal detection. Analyst verification required.
21.61749,82.53528,2025-01-03,Aqua,367.54,155.57,0.0428125608437146,Unusual Thermal Detection,HIGH_REVIEW,Unusual thermal detection. Analyst verification required.
30.73222,74.41543,2024-11-19,Aqua,310.79,44.79,0.0427090654859492,Unusual Thermal Detection,REVIEW,Unusual thermal detection. Analyst verification required.
24.43368,93.67255,2024-12-07,N20,343.07,10.94,0.0426139636941899,Unusual Thermal Detection,REVIEW,Unusual thermal detection. Analyst verification required.
26.49923,78.50568,2024-11-01,N20,367.0,11.47,0.042525339765852,Unusual Thermal Detection,REVIEW,Unusual thermal detection. Analyst verification required.
29.44949,74.04301,2024-11-23,N20,351.24,40.27,0.0424998290424591,Unusual Thermal Detection,REVIEW,Unusual thermal detection. Analyst verification required.
32.51204,76.42512,2024-12-17,N20,367.0,29.69,0.0424858269353551,Unusual Thermal Detection,REVIEW,Unusual thermal detection. Analyst verification required.
33.50785,75.33355,2024-11-10,N,299.87,3.6,0.0424849523635035,Unusual Thermal Detection,REVIEW,Unusual thermal detection. Analyst verification required.
30.33084,75.87044,2024-11-01,N20,367.0,25.4,0.0424226543791692,Unusual Thermal Detection,REVIEW,Unusual thermal detection. Analyst verification required.
16.40172,77.38627,2024-11-17,N20,332.41,14.4,0.0423031501079299,Unusual Thermal Detection,REVIEW,Unusual thermal detection. Analyst verification required.
26.00097,78.68755,2024-11-17,N,355.81,60.42,0.0422678093136708,Unusual Thermal Detection,HIGH_REVIEW,Unusual thermal detection. Analyst verification required.
31.09343,78.1638,2024-12-14,N20,353.58,30.03,0.0422221381262363,Unusual Thermal Detection,REVIEW,Unusual thermal detection. Analyst verification required.
17.00367,76.23376,2024-12-18,N,297.13,2.09,0.0421366699089369,Unusual Thermal Detection,REVIEW,Unusual thermal detection. Analyst verification required.
29.87116,75.4026,2024-11-08,N20,345.66,41.66,0.0420423291146725,Unusual Thermal Detection,REVIEW,Unusual thermal detection. Analyst verification required.
25.47286,76.60139,2024-11-16,N,367.0,11.75,0.041942957646437,Unusual Thermal Detection,REVIEW,Unusual thermal detection. Analyst verification required.
26.8877,95.42472,2024-12-17,N20,273.29,155.67,0.0418651966363576,Unusual Thermal Detection,HIGH_REVIEW,Unusual thermal detection. Analyst verification required.
21.43178,83.74079,2025-01-05,N20,367.0,13.28,0.0417922424506863,Unusual Thermal Detection,REVIEW,Unusual thermal detection. Analyst verification required.
21.6827,72.56112,2024-11-10,N20,207.93,35.73,0.0416080832623334,Unusual Thermal Detection,REVIEW,Unusual thermal detection. Analyst verification required.
21.0,81.96082,2024-12-11,Aqua,314.24,63.65,0.0414551855011682,Unusual Thermal Detection,HIGH_REVIEW,Unusual thermal detection. Analyst verification required.
21.48973,83.10855,2024-12-29,N,333.9,11.5,0.0414482443686072,Unusual Thermal Detection,REVIEW,Unusual thermal detection. Analyst verification required.
19.52368,73.60218,2024-12-19,N20,351.96,32.23,0.0414173119815155,Unusual Thermal Detection,REVIEW,Unusual thermal detection. Analyst verification required.
23.66592,85.00057,2025-01-10,N,295.68,1.86,0.0413416861402572,Unusual Thermal Detection,REVIEW,Unusual thermal detection. Analyst verification required.
21.10458,72.63239,2024-11-15,N,342.22,15.26,0.0412283601702155,Unusual Thermal Detection,REVIEW,Unusual thermal detection. Analyst verification required.
23.69321,87.10962,2024-12-15,N20,296.58,4.45,0.0412014131916211,Unusual Thermal Detection,REVIEW,Unusual thermal detection. Analyst verification required.
28.66719,96.1814,2024-12-17,N,367.0,24.91,0.0410493003430677,Unusual Thermal Detection,REVIEW,Unusual thermal detection. Analyst verification required.
26.62072,94.75354,2025-01-06,N,328.77,7.56,0.0409891759778312,Unusual Thermal Detection,REVIEW,Unusual thermal detection. Analyst verification required.
21.48965,83.1105,2024-12-29,N,333.47,11.03,0.0409827806923439,Unusual Thermal Detection,REVIEW,Unusual thermal detection. Analyst verification required.
22.0183,82.70951,2025-01-04,N,367.0,14.24,0.0408762936568407,Unusual Thermal Detection,REVIEW,Unusual thermal detection. Analyst verification required.
18.3905,76.401,2025-01-03,N,296.79,0.59,0.0408650064189844,Unusual Thermal Detection,REVIEW,Unusual thermal detection. Analyst verification required.
21.03248,81.98395,2024-12-14,N,350.31,34.81,0.0407465032846002,Unusual Thermal Detection,REVIEW,Unusual thermal detection. Analyst verification required.
26.64533,79.46907,2024-12-09,N20,298.01,0.93,0.0407329005414186,Unusual Thermal Detection,REVIEW,Unusual thermal detection. Analyst verification required.
20.96162,81.89706,2024-12-19,N,338.16,12.21,0.0406540550589736,Unusual Thermal Detection,REVIEW,Unusual thermal detection. Analyst verification required.
28.34794,81.0659,2024-11-17,N,367.0,29.39,0.0405809560686284,Unusual Thermal Detection,REVIEW,Unusual thermal detection. Analyst verification required.
26.6565,94.80891,2024-12-26,N,356.08,81.26,0.0405654697448392,Unusual Thermal Detection,HIGH_REVIEW,Unusual thermal detection. Analyst verification required.
32.32726,76.70599,2024-12-20,N20,333.57,13.86,0.0403110300304144,Unusual Thermal Detection,REVIEW,Unusual thermal detection. Analyst verification required.
29.61035,74.38174,2024-11-23,N20,341.37,64.81,0.0402609121636391,Unusual Thermal Detection,HIGH_REVIEW,Unusual thermal detection. Analyst verification required.
33.6455,75.68021,2024-11-06,N20,306.19,5.37,0.0402545403779712,Unusual Thermal Detection,REVIEW,Unusual thermal detection. Analyst verification required.
32.13475,77.41473,2024-11-28,N20,355.0,61.78,0.0402214622941125,Unusual Thermal Detection,HIGH_REVIEW,Unusual thermal detection. Analyst verification required.
32.09927,75.22497,2024-11-01,N20,352.05,34.27,0.0402175478030635,Unusual Thermal Detection,REVIEW,Unusual thermal detection. Analyst verification required.
26.586,94.8323,2024-12-27,Aqua,306.96,50.34,0.0401262569303696,Unusual Thermal Detection,HIGH_REVIEW,Unusual thermal detection. Analyst verification required.
20.83531,81.09928,2024-12-20,N20,326.64,3.98,0.0401243828151655,Unusual Thermal Detection,REVIEW,Unusual thermal detection. Analyst verification required.
26.64594,79.47222,2024-12-25,N20,295.49,0.89,0.0401044254708989,Unusual Thermal Detection,REVIEW,Unusual thermal detection. Analyst verification required.
16.67045,73.45408,2024-12-18,N20,367.0,12.56,0.0400111688766454,Unusual Thermal Detection,REVIEW,Unusual thermal detection. Analyst verification required.
25.55867,76.72865,2024-11-10,N,353.46,23.19,0.0399742907399772,Unusual Thermal Detection,REVIEW,Unusual thermal detection. Analyst verification required.
16.39428,77.35053,2024-11-09,N,367.0,23.21,0.0399130777742852,Unusual Thermal Detection,REVIEW,Unusual thermal detection. Analyst verification required.
21.10329,72.64261,2024-11-15,N,333.95,16.31,0.0399022727716356,Unusual Thermal Detection,REVIEW,Unusual thermal detection. Analyst verification required.
26.39112,95.00742,2025-01-03,N20,353.35,22.75,0.0398918878096666,Unusual Thermal Detection,REVIEW,Unusual thermal detection. Analyst verification required.
31.23208,78.01132,2024-12-06,N,367.0,36.07,0.0398379147870829,Unusual Thermal Detection,REVIEW,Unusual thermal detection. Analyst verification required.
18.14748,73.52462,2025-01-06,N20,351.42,38.48,0.0398328146567165,Unusual Thermal Detection,REVIEW,Unusual thermal detection. Analyst verification required.
20.95987,81.89912,2024-12-19,N,341.29,10.56,0.0398208476311724,Unusual Thermal Detection,REVIEW,Unusual thermal detection. Analyst verification required.
25.84719,76.64378,2024-11-19,Aqua,313.07,57.38,0.0397990296157607,Unusual Thermal Detection,HIGH_REVIEW,Unusual thermal detection. Analyst verification required.
20.95316,81.99175,2024-12-14,N,367.0,23.71,0.0397787608026223,Unusual Thermal Detection,REVIEW,Unusual thermal detection. Analyst verification required.
21.2436,82.07919,2025-01-09,N,367.0,21.26,0.039754322218848,Unusual Thermal Detection,REVIEW,Unusual thermal detection. Analyst verification required.
21.88097,83.54821,2024-12-10,N20,295.83,1.63,0.0396421139266002,Unusual Thermal Detection,REVIEW,Unusual thermal detection. Analyst verification required.
22.3296,82.64957,2024-11-29,N20,315.73,3.55,0.0396297620034811,Unusual Thermal Detection,REVIEW,Unusual thermal detection. Analyst verification required.
29.57207,74.42719,2024-11-20,N,345.51,12.61,0.0396127396171603,Unusual Thermal Detection,REVIEW,Unusual thermal detection. Analyst verification required.
21.66587,82.67918,2025-01-07,N20,352.07,34.11,0.0396101626591002,Unusual Thermal Detection,REVIEW,Unusual thermal detection. Analyst verification required.
16.77909,80.42793,2025-01-10,N20,350.81,10.84,0.0396046119970371,Unusual Thermal Detection,REVIEW,Unusual thermal detection. Analyst verification required.
26.00221,76.93149,2024-11-17,N20,367.0,26.45,0.0395896958683349,Unusual Thermal Detection,REVIEW,Unusual thermal detection. Analyst verification required.
17.81028,73.70246,2025-01-07,N,296.69,1.63,0.039537551785283,Unusual Thermal Detection,REVIEW,Unusual thermal detection. Analyst verification required.
21.91981,83.35485,2024-12-14,N,296.59,2.75,0.0395363529760268,Unusual Thermal Detection,REVIEW,Unusual thermal detection. Analyst verification required.
31.28111,77.29422,2025-01-08,N20,299.9,0.84,0.0393487094038526,Unusual Thermal Detection,REVIEW,Unusual thermal detection. Analyst verification required.
25.80996,76.68393,2024-11-16,N,356.74,19.7,0.0393340494183777,Unusual Thermal Detection,REVIEW,Unusual thermal detection. Analyst verification required.
24.15618,82.56524,2025-01-03,N,296.55,1.09,0.039318407302331,Unusual Thermal Detection,REVIEW,Unusual thermal detection. Analyst verification required.
23.18284,79.66428,2024-11-17,N20,338.56,14.94,0.039106095647529,Unusual Thermal Detection,REVIEW,Unusual thermal detection. Analyst verification required.
18.72221,79.53472,2024-11-23,N20,298.34,0.78,0.0389358030844291,Unusual Thermal Detection,REVIEW,Unusual thermal detection. Analyst verification required.
30.393,76.21232,2024-11-04,Aqua,313.89,56.45,0.0389095388292222,Unusual Thermal Detection,HIGH_REVIEW,Unusual thermal detection. Analyst verification required.
30.5141,74.87548,2024-11-01,N20,367.0,23.68,0.0388968086945122,Unusual Thermal Detection,REVIEW,Unusual thermal detection. Analyst verification required.
16.17853,75.97916,2025-01-03,N,296.11,0.47,0.0388731425587106,Unusual Thermal Detection,REVIEW,Unusual thermal detection. Analyst verification required.
24.16665,80.69461,2025-01-08,N,297.29,1.0,0.0387581886043828,Unusual Thermal Detection,REVIEW,Unusual thermal detection. Analyst verification required.
21.10786,72.64351,2024-11-20,N,367.0,20.21,0.0387543667678109,Unusual Thermal Detection,REVIEW,Unusual thermal detection. Analyst verification required.
26.03488,79.11726,2024-11-21,N,354.8,13.1,0.0387148043287952,Unusual Thermal Detection,REVIEW,Unusual thermal detection. Analyst verification required.
26.56997,95.03352,2025-01-03,Aqua,307.92,53.35,0.0386376030285416,Unusual Thermal Detection,HIGH_REVIEW,Unusual thermal detection. Analyst verification required.
23.26559,79.75739,2024-11-17,N20,331.72,16.16,0.0385966899372869,Unusual Thermal Detection,REVIEW,Unusual thermal detection. Analyst verification required.
33.63784,75.48195,2024-11-10,N,327.3,16.3,0.0385960697247292,Unusual Thermal Detection,REVIEW,Unusual thermal detection. Analyst verification required.
22.06091,83.33355,2024-12-14,N,296.04,1.32,0.0385540538220215,Unusual Thermal Detection,REVIEW,Unusual thermal detection. Analyst verification required.
23.60983,87.14714,2025-01-04,N,295.62,1.18,0.0385507532558145,Unusual Thermal Detection,REVIEW,Unusual thermal detection. Analyst verification required.
25.22891,75.99429,2024-11-04,Aqua,319.39,55.59,0.0384512839907013,Unusual Thermal Detection,HIGH_REVIEW,Unusual thermal detection. Analyst verification required.
30.93129,78.28717,2025-01-03,N,300.97,3.44,0.038356249982857,Unusual Thermal Detection,REVIEW,Unusual thermal detection. Analyst verification required.
25.5244,76.7435,2024-11-15,Terra,320.05,65.77,0.0383262539013703,Unusual Thermal Detection,HIGH_REVIEW,Unusual thermal detection. Analyst verification required.
30.32918,75.87046,2024-11-01,N20,367.0,26.44,0.0383171341382273,Unusual Thermal Detection,REVIEW,Unusual thermal detection. Analyst verification required.
22.3287,82.65414,2024-11-29,N20,314.27,2.39,0.0383131488680302,Unusual Thermal Detection,REVIEW,Unusual thermal detection. Analyst verification required.
25.42903,76.62087,2024-11-16,N20,356.44,32.2,0.0383007556857177,Unusual Thermal Detection,REVIEW,Unusual thermal detection. Analyst verification required.
29.8246,80.43785,2024-12-25,N20,297.89,1.34,0.0381796517186333,Unusual Thermal Detection,REVIEW,Unusual thermal detection. Analyst verification required.
34.29219,74.99565,2024-11-08,N20,352.52,46.75,0.0381793738904681,Unusual Thermal Detection,REVIEW,Unusual thermal detection. Analyst verification required.
20.92091,81.9577,2024-12-10,N20,355.42,33.77,0.038179316215667,Unusual Thermal Detection,REVIEW,Unusual thermal detection. Analyst verification required.
21.10331,72.64634,2025-01-02,N,355.73,14.16,0.0381510525489589,Unusual Thermal Detection,REVIEW,Unusual thermal detection. Analyst verification required.
20.83218,81.88858,2024-12-18,N20,340.62,46.67,0.0381381867997404,Unusual Thermal Detection,REVIEW,Unusual thermal detection. Analyst verification required.
26.15481,94.59806,2025-01-07,N,367.0,36.26,0.0381129092933213,Unusual Thermal Detection,REVIEW,Unusual thermal detection. Analyst verification required.
27.46918,95.42254,2024-12-11,N,295.84,0.85,0.0380793052681489,Unusual Thermal Detection,REVIEW,Unusual thermal detection. Analyst verification required.
25.99907,78.69414,2024-11-17,N20,367.0,10.58,0.038024983458286,Unusual Thermal Detection,REVIEW,Unusual thermal detection. Analyst verification required.
22.35898,82.30291,2024-11-28,N,367.0,20.46,0.0380129793152249,Unusual Thermal Detection,REVIEW,Unusual thermal detection. Analyst verification required.
21.86381,82.24712,2025-01-10,N,367.0,30.28,0.0379857503496572,Unusual Thermal Detection,REVIEW,Unusual thermal detection. Analyst verification required.
23.72098,86.43812,2025-01-05,N,305.54,3.82,0.0378782643408249,Unusual Thermal Detection,REVIEW,Unusual thermal detection. Analyst verification required.
34.49596,74.55508,2024-11-10,Aqua,368.22,134.14,0.037843987120843,Unusual Thermal Detection,HIGH_REVIEW,Unusual thermal detection. Analyst verification required.
22.96086,77.69236,2024-11-09,N20,348.12,32.14,0.0377752426202724,Unusual Thermal Detection,REVIEW,Unusual thermal detection. Analyst verification required.
17.00435,76.22629,2024-12-18,N,308.73,3.39,0.03776854339973,Unusual Thermal Detection,REVIEW,Unusual thermal detection. Analyst verification required.
29.61973,74.44877,2024-11-27,N20,367.0,13.57,0.037751148325102,Unusual Thermal Detection,REVIEW,Unusual thermal detection. Analyst verification required.
16.32245,75.31007,2025-01-05,Terra,306.6,58.29,0.0377496019930813,Unusual Thermal Detection,HIGH_REVIEW,Unusual thermal detection. Analyst verification required.
21.19727,81.39783,2025-01-04,N,299.23,3.2,0.0377255865083056,Unusual Thermal Detection,REVIEW,Unusual thermal detection. Analyst verification required.
27.81813,96.28897,2024-12-12,N20,329.83,7.6,0.0376676238595655,Unusual Thermal Detection,REVIEW,Unusual thermal detection. Analyst verification required.
21.01787,82.17023,2024-12-15,N20,354.1,12.46,0.0375908695516478,Unusual Thermal Detection,REVIEW,Unusual thermal detection. Analyst verification required.
21.10118,72.64504,2025-01-02,N,348.94,16.08,0.037564664238293,Unusual Thermal Detection,REVIEW,Unusual thermal detection. Analyst verification required.
25.49997,76.57584,2024-11-13,N20,353.71,37.71,0.0375053017057558,Unusual Thermal Detection,REVIEW,Unusual thermal detection. Analyst verification required.
33.98759,73.75033,2024-12-17,N,305.23,2.59,0.0374984908974619,Unusual Thermal Detection,REVIEW,Unusual thermal detection. Analyst verification required.
17.81262,78.09615,2025-01-03,N20,367.0,15.68,0.0374597411332696,Unusual Thermal Detection,REVIEW,Unusual thermal detection. Analyst verification required.
23.69691,87.11589,2024-11-29,N20,297.72,2.88,0.0374102016767516,Unusual Thermal Detection,REVIEW,Unusual thermal detection. Analyst verification required.
22.10884,83.11687,2025-01-10,N20,295.71,1.62,0.0374035721781499,Unusual Thermal Detection,REVIEW,Unusual thermal detection. Analyst verification required.
21.68622,72.56086,2024-11-10,N20,300.0,52.8,0.037339669131725,Unusual Thermal Detection,HIGH_REVIEW,Unusual thermal detection. Analyst verification required.
16.10107,74.82681,2024-12-13,N20,296.22,0.92,0.0372145566506346,Unusual Thermal Detection,REVIEW,Unusual thermal detection. Analyst verification required.
26.57857,95.02833,2025-01-03,Aqua,307.92,49.5,0.0371519676707924,Unusual Thermal Detection,HIGH_REVIEW,Unusual thermal detection. Analyst verification required.
33.52474,74.1673,2024-12-17,N,367.0,22.74,0.0371432093913025,Unusual Thermal Detection,REVIEW,Unusual thermal detection. Analyst verification required.
19.56065,73.34786,2024-12-17,N,350.63,12.09,0.0371001086589077,Unusual Thermal Detection,REVIEW,Unusual thermal detection. Analyst verification required.
29.60059,74.40058,2024-11-20,N,351.27,8.71,0.0370330163223734,Unusual Thermal Detection,REVIEW,Unusual thermal detection. Analyst verification required.
20.98198,81.96757,2024-12-14,Terra,308.44,37.78,0.0370269477199788,Unusual Thermal Detection,REVIEW,Unusual thermal detection. Analyst verification required.
26.91048,95.46652,2025-01-02,N20,345.66,52.98,0.0370058483549442,Unusual Thermal Detection,HIGH_REVIEW,Unusual thermal detection. Analyst verification required.
21.40364,81.94312,2025-01-04,N,352.64,10.77,0.0369580232153328,Unusual Thermal Detection,REVIEW,Unusual thermal detection. Analyst verification required.
20.86733,81.94646,2024-12-13,N,367.0,16.2,0.0369511618806573,Unusual Thermal Detection,REVIEW,Unusual thermal detection. Analyst verification required.
30.85932,75.46996,2024-12-14,N,299.86,90.54,0.0369496601541555,Unusual Thermal Detection,HIGH_REVIEW,Unusual thermal detection. Analyst verification required.
26.47444,95.01704,2024-12-30,Terra,304.96,42.56,0.0368509527438152,Unusual Thermal Detection,REVIEW,Unusual thermal detection. Analyst verification required.
23.69267,87.10414,2024-12-16,N20,297.05,5.54,0.0368415882848353,Unusual Thermal Detection,REVIEW,Unusual thermal detection. Analyst verification required.
27.37609,95.0899,2024-11-13,N,296.46,0.45,0.0368399770002094,Unusual Thermal Detection,REVIEW,Unusual thermal detection. Analyst verification required.
32.73127,76.0593,2024-12-16,N,297.88,4.01,0.0368100776527087,Unusual Thermal Detection,REVIEW,Unusual thermal detection. Analyst verification required.
23.64728,85.43373,2025-01-05,N20,296.38,0.9,0.0367133077734249,Unusual Thermal Detection,REVIEW,Unusual thermal detection. Analyst verification required.
21.10516,72.64635,2024-11-25,N,367.0,16.42,0.0367002512326832,Unusual Thermal Detection,REVIEW,Unusual thermal detection. Analyst verification required.
22.02983,78.27399,2024-12-13,N,326.24,3.7,0.0366621626324904,Unusual Thermal Detection,REVIEW,Unusual thermal detection. Analyst verification required.
25.48812,76.76275,2024-11-02,N20,354.54,45.87,0.0366518249554611,Unusual Thermal Detection,REVIEW,Unusual thermal detection. Analyst verification required.
24.43905,93.67313,2024-12-07,N20,326.82,7.5,0.0365990475791784,Unusual Thermal Detection,REVIEW,Unusual thermal detection. Analyst verification required.
21.10601,72.64749,2024-11-11,N20,347.24,17.19,0.036595999882808,Unusual Thermal Detection,REVIEW,Unusual thermal detection. Analyst verification required.
30.46468,74.71532,2024-11-09,Aqua,317.2,75.0,0.0365265677024925,Unusual Thermal Detection,HIGH_REVIEW,Unusual thermal detection. Analyst verification required.
30.25137,76.08003,2024-11-03,N20,353.25,30.54,0.0365109444719858,Unusual Thermal Detection,REVIEW,Unusual thermal detection. Analyst verification required.
13.15899,80.28084,2024-11-01,N,315.11,5.64,0.0364903596504506,Unusual Thermal Detection,REVIEW,Unusual thermal detection. Analyst verification required.
32.52896,76.09506,2024-12-08,N20,306.73,3.67,0.0364706192311855,Unusual Thermal Detection,REVIEW,Unusual thermal detection. Analyst verification required.
25.12024,76.91323,2024-11-03,N,354.01,67.22,0.0364678263039407,Unusual Thermal Detection,HIGH_REVIEW,Unusual thermal detection. Analyst verification required.
30.27665,76.08563,2024-11-04,Aqua,313.85,50.01,0.0364342354595801,Unusual Thermal Detection,HIGH_REVIEW,Unusual thermal detection. Analyst verification required.
28.14936,96.66527,2024-11-30,N,333.71,8.78,0.0363610184295704,Unusual Thermal Detection,REVIEW,Unusual thermal detection. Analyst verification required.
30.39222,76.20754,2024-11-04,Aqua,312.43,49.35,0.0363317444180648,Unusual Thermal Detection,HIGH_REVIEW,Unusual thermal detection. Analyst verification required.
31.05992,78.07671,2024-12-03,N20,343.21,14.75,0.0363099049226369,Unusual Thermal Detection,REVIEW,Unusual thermal detection. Analyst verification required.
32.41918,76.52017,2024-11-01,N,367.0,30.41,0.036251579966167,Unusual Thermal Detection,REVIEW,Unusual thermal detection. Analyst verification required.
29.46392,74.07297,2024-11-11,N20,354.0,29.43,0.0362512005977144,Unusual Thermal Detection,REVIEW,Unusual thermal detection. Analyst verification required.
25.55145,76.72234,2024-11-10,N,367.0,15.67,0.0362396549441932,Unusual Thermal Detection,REVIEW,Unusual thermal detection. Analyst verification required.
23.781,86.20428,2024-12-19,N,295.54,1.93,0.0361484456175059,Unusual Thermal Detection,REVIEW,Unusual thermal detection. Analyst verification required.
27.46266,95.47094,2024-12-23,N20,296.72,0.63,0.0361350692260094,Unusual Thermal Detection,REVIEW,Unusual thermal detection. Analyst verification required.
26.56047,95.11459,2024-12-24,N20,367.0,36.33,0.0360238892594853,Unusual Thermal Detection,REVIEW,Unusual thermal detection. Analyst verification required.
21.37678,81.68279,2024-12-03,N,301.29,4.38,0.0359618063999593,Unusual Thermal Detection,REVIEW,Unusual thermal detection. Analyst verification required.
23.69468,87.12059,2025-01-04,N,301.65,3.98,0.0359618063999593,Unusual Thermal Detection,REVIEW,Unusual thermal detection. Analyst verification required.
23.16639,82.34398,2024-12-19,N,295.73,1.55,0.0359510985413326,Unusual Thermal Detection,REVIEW,Unusual thermal detection. Analyst verification required.
21.92485,83.35559,2024-11-27,N,297.37,1.17,0.035942101861512,Unusual Thermal Detection,REVIEW,Unusual thermal detection. Analyst verification required.
23.31969,79.89556,2024-11-13,N20,367.0,20.99,0.0359075318374881,Unusual Thermal Detection,REVIEW,Unusual thermal detection. Analyst verification required.
22.99047,78.11978,2024-11-28,N20,295.25,0.37,0.035864245572893,Unusual Thermal Detection,REVIEW,Unusual thermal detection. Analyst verification required.
18.58594,76.44492,2025-01-03,N,295.62,1.99,0.035777715008452,Unusual Thermal Detection,REVIEW,Unusual thermal detection. Analyst verification required.
22.31146,79.87782,2024-11-07,N20,367.0,15.01,0.0357541712467639,Unusual Thermal Detection,REVIEW,Unusual thermal detection. Analyst verification required.
21.92675,83.34572,2024-12-09,N20,305.16,4.39,0.0357374156757682,Unusual Thermal Detection,REVIEW,Unusual thermal detection. Analyst verification required.
29.5278,74.88372,2024-11-22,N20,296.71,0.87,0.0356982822955491,Unusual Thermal Detection,REVIEW,Unusual thermal detection. Analyst verification required.
26.5797,94.82612,2024-12-27,Aqua,303.38,32.29,0.035669344736419,Unusual Thermal Detection,REVIEW,Unusual thermal detection. Analyst verification required.
25.37033,75.90397,2024-11-02,N20,350.76,37.06,0.0355872990119591,Unusual Thermal Detection,REVIEW,Unusual thermal detection. Analyst verification required.
28.62865,94.39461,2024-12-17,N,351.27,36.21,0.0355809330414548,Unusual Thermal Detection,REVIEW,Unusual thermal detection. Analyst verification required.
18.68312,73.03352,2024-12-28,N,302.66,4.54,0.0355150859094097,Unusual Thermal Detection,REVIEW,Unusual thermal detection. Analyst verification required.
23.41353,72.35007,2024-12-17,N,296.86,1.16,0.0354925577919384,Unusual Thermal Detection,REVIEW,Unusual thermal detection. Analyst verification required.
18.13932,73.59763,2024-12-17,N20,343.3,71.03,0.0354798672818773,Unusual Thermal Detection,HIGH_REVIEW,Unusual thermal detection. Analyst verification required.
31.64448,77.72252,2024-12-14,N20,356.6,24.02,0.0354665547425492,Unusual Thermal Detection,REVIEW,Unusual thermal detection. Analyst verification required.
30.79084,74.80098,2024-11-19,Aqua,310.48,45.13,0.0353441039451335,Unusual Thermal Detection,REVIEW,Unusual thermal detection. Analyst verification required.
16.17764,75.978,2025-01-03,N,296.35,0.55,0.0353362843626799,Unusual Thermal Detection,REVIEW,Unusual thermal detection. Analyst verification required.
26.15351,94.59957,2025-01-07,N,367.0,33.57,0.0353012197242119,Unusual Thermal Detection,REVIEW,Unusual thermal detection. Analyst verification required.
30.98907,77.66897,2024-12-18,N20,295.83,0.75,0.0352810056269008,Unusual Thermal Detection,REVIEW,Unusual thermal detection. Analyst verification required.
27.51048,93.84025,2025-01-03,N20,335.53,8.49,0.0352664532176516,Unusual Thermal Detection,REVIEW,Unusual thermal detection. Analyst verification required.
27.51293,93.83872,2025-01-03,N20,334.66,8.68,0.0352664532176516,Unusual Thermal Detection,REVIEW,Unusual thermal detection. Analyst verification required.
20.96803,85.17132,2024-12-10,N20,295.25,0.99,0.0352615271013316,Unusual Thermal Detection,REVIEW,Unusual thermal detection. Analyst verification required.
13.15854,80.28359,2024-11-01,N,310.97,5.59,0.0352558466225301,Unusual Thermal Detection,REVIEW,Unusual thermal detection. Analyst verification required.
34.25364,73.76991,2024-12-18,N20,298.89,1.76,0.0352057719923013,Unusual Thermal Detection,REVIEW,Unusual thermal detection. Analyst verification required.
23.31407,79.98134,2024-11-28,N20,367.0,14.95,0.035134390688019,Unusual Thermal Detection,REVIEW,Unusual thermal detection. Analyst verification required.
23.16784,82.34111,2024-12-31,N20,295.43,2.25,0.0351313692950544,Unusual Thermal Detection,REVIEW,Unusual thermal detection. Analyst verification required.
22.0375,83.35471,2024-12-14,N,296.13,2.13,0.0351267948274911,Unusual Thermal Detection,REVIEW,Unusual thermal detection. Analyst verification required.
29.88846,75.98582,2024-11-15,N,334.04,10.72,0.0350826687718932,Unusual Thermal Detection,REVIEW,Unusual thermal detection. Analyst verification required.
29.88139,75.99471,2024-11-15,N,340.21,11.9,0.0350826687718932,Unusual Thermal Detection,REVIEW,Unusual thermal detection. Analyst verification required.
21.96452,82.56952,2025-01-04,N,367.0,11.58,0.0349791224982022,Unusual Thermal Detection,REVIEW,Unusual thermal detection. Analyst verification required.
23.61321,87.14217,2024-12-15,N20,297.0,2.38,0.0349748753469271,Unusual Thermal Detection,REVIEW,Unusual thermal detection. Analyst verification required.
29.90894,74.94095,2024-11-22,N20,320.15,3.17,0.0349100653399511,Unusual Thermal Detection,REVIEW,Unusual thermal detection. Analyst verification required.
33.6063,75.77919,2024-12-17,Aqua,360.48,119.61,0.0348411077837537,Unusual Thermal Detection,HIGH_REVIEW,Unusual thermal detection. Analyst verification required.
23.69404,87.09864,2024-11-29,N20,299.0,3.16,0.0348352238148955,Unusual Thermal Detection,REVIEW,Unusual thermal detection. Analyst verification required.
30.28114,75.78294,2024-11-08,N20,339.14,51.94,0.034818996070275,Unusual Thermal Detection,HIGH_REVIEW,Unusual thermal detection. Analyst verification required.
25.78257,76.64483,2024-11-16,N,353.72,20.28,0.0347588745238539,Unusual Thermal Detection,REVIEW,Unusual thermal detection. Analyst verification required.
21.23285,79.63099,2025-01-08,N,295.4,1.36,0.0347052414827947,Unusual Thermal Detection,REVIEW,Unusual thermal detection. Analyst verification required.
21.02928,81.57831,2025-01-03,N,338.98,11.81,0.0346958999183676,Unusual Thermal Detection,REVIEW,Unusual thermal detection. Analyst verification required.
28.14089,95.59731,2024-11-21,N20,302.58,1.2,0.034594701552955,Unusual Thermal Detection,REVIEW,Unusual thermal detection. Analyst verification required.
23.78135,86.39649,2024-12-19,N,297.21,2.53,0.0345271716041312,Unusual Thermal Detection,REVIEW,Unusual thermal detection. Analyst verification required.
30.90211,74.74743,2024-11-05,N20,346.5,62.66,0.0344967298991196,Unusual Thermal Detection,HIGH_REVIEW,Unusual thermal detection. Analyst verification required.
29.22947,76.30939,2024-11-21,N,367.0,23.8,0.0344356113025219,Unusual Thermal Detection,REVIEW,Unusual thermal detection. Analyst verification required.
19.14268,73.10028,2025-01-04,N20,351.52,32.39,0.0344302260177805,Unusual Thermal Detection,REVIEW,Unusual thermal detection. Analyst verification required.
21.57895,82.34385,2024-12-13,Aqua,308.07,40.38,0.0344186075765402,Unusual Thermal Detection,REVIEW,Unusual thermal detection. Analyst verification required.
23.17648,79.75824,2024-11-21,Aqua,310.7,46.5,0.0344073902872206,Unusual Thermal Detection,REVIEW,Unusual thermal detection. Analyst verification required.
30.27931,76.07703,2024-11-04,Aqua,313.17,47.09,0.0343577990164438,Unusual Thermal Detection,REVIEW,Unusual thermal detection. Analyst verification required.
34.09618,74.66283,2024-11-27,N20,350.74,12.61,0.0343429230338506,Unusual Thermal Detection,REVIEW,Unusual thermal detection. Analyst verification required.
26.59815,94.82593,2024-12-16,N20,299.06,51.1,0.0343122743085348,Unusual Thermal Detection,HIGH_REVIEW,Unusual thermal detection. Analyst verification required.
23.36166,68.86984,2024-11-24,N,340.65,9.62,0.03423843643228,Unusual Thermal Detection,REVIEW,Unusual thermal detection. Analyst verification required.
21.69036,83.11325,2025-01-03,N,355.95,25.09,0.0342367700509578,Unusual Thermal Detection,REVIEW,Unusual thermal detection. Analyst verification required.
18.58657,76.43735,2025-01-03,N,314.04,3.6,0.0342241663595507,Unusual Thermal Detection,REVIEW,Unusual thermal detection. Analyst verification required.
29.20658,75.73859,2024-11-01,N,353.23,49.32,0.0342171250245161,Unusual Thermal Detection,HIGH_REVIEW,Unusual thermal detection. Analyst verification required.
25.31488,91.74061,2024-12-26,N,367.0,17.58,0.0342146927328512,Unusual Thermal Detection,REVIEW,Unusual thermal detection. Analyst verification required.
26.61608,94.75305,2025-01-06,N,337.23,6.02,0.0341964316736682,Unusual Thermal Detection,REVIEW,Unusual thermal detection. Analyst verification required.
20.88884,84.98053,2024-11-23,N,334.66,5.66,0.0341756389644148,Unusual Thermal Detection,REVIEW,Unusual thermal detection. Analyst verification required.
17.50054,75.90751,2025-01-07,N20,338.21,43.02,0.0341708975159166,Unusual Thermal Detection,REVIEW,Unusual thermal detection. Analyst verification required.
27.46405,95.46867,2024-12-07,N20,297.31,0.62,0.0341471653115809,Unusual Thermal Detection,REVIEW,Unusual thermal detection. Analyst verification required.
32.46508,76.33825,2024-12-07,N,367.0,18.94,0.0341093125675892,Unusual Thermal Detection,REVIEW,Unusual thermal detection. Analyst verification required.
32.53658,76.4837,2024-11-21,N,367.0,20.06,0.0341093125675892,Unusual Thermal Detection,REVIEW,Unusual thermal detection. Analyst verification required.
21.59392,69.65491,2025-01-07,N,367.0,31.52,0.034108967331657,Unusual Thermal Detection,REVIEW,Unusual thermal detection. Analyst verification required.
26.39254,95.00692,2025-01-03,N20,355.68,18.16,0.0341080200758605,Unusual Thermal Detection,REVIEW,Unusual thermal detection. Analyst verification required.
26.88473,71.54066,2024-11-03,Aqua,360.46,104.12,0.0340844326837643,Unusual Thermal Detection,HIGH_REVIEW,Unusual thermal detection. Analyst verification required.
25.49224,76.75682,2024-11-02,N20,346.93,45.87,0.0340704847874735,Unusual Thermal Detection,REVIEW,Unusual thermal detection. Analyst verification required.
23.34696,79.91808,2024-11-12,N20,367.0,14.44,0.0339887922848187,Unusual Thermal Detection,REVIEW,Unusual thermal detection. Analyst verification required.
23.7391,85.00392,2024-12-10,N20,296.25,2.3,0.0339533338753061,Unusual Thermal Detection,REVIEW,Unusual thermal detection. Analyst verification required.
23.69517,87.10213,2024-12-15,N20,297.46,2.5,0.0339483428623378,Unusual Thermal Detection,REVIEW,Unusual thermal detection. Analyst verification required.
29.55111,74.26773,2024-11-21,N,367.0,31.66,0.0339233929500102,Unusual Thermal Detection,REVIEW,Unusual thermal detection. Analyst verification required.
21.62329,72.80853,2024-12-19,N20,351.54,30.19,0.0338937170861516,Unusual Thermal Detection,REVIEW,Unusual thermal detection. Analyst verification required.
30.7914,74.79677,2024-11-19,Aqua,310.41,43.39,0.0338651468167192,Unusual Thermal Detection,REVIEW,Unusual thermal detection. Analyst verification required.
26.56005,95.1105,2024-12-24,N20,349.53,36.33,0.0338633537405772,Unusual Thermal Detection,REVIEW,Unusual thermal detection. Analyst verification required.
30.92941,78.28914,2025-01-03,N,306.18,2.55,0.0338049055678566,Unusual Thermal Detection,REVIEW,Unusual thermal detection. Analyst verification required.
33.64528,75.68784,2024-11-06,N20,302.26,4.41,0.0337820854231457,Unusual Thermal Detection,REVIEW,Unusual thermal detection. Analyst verification required.
28.67208,94.33899,2024-12-16,N,353.49,26.91,0.0337258132110422,Unusual Thermal Detection,REVIEW,Unusual thermal detection. Analyst verification required.
22.22779,84.75188,2025-01-05,N20,296.75,2.82,0.0337218398195573,Unusual Thermal Detection,REVIEW,Unusual thermal detection. Analyst verification required.
21.68169,84.03529,2024-11-24,N20,295.8,1.56,0.0336778757734698,Unusual Thermal Detection,REVIEW,Unusual thermal detection. Analyst verification required.
19.15425,73.09891,2024-12-17,N,346.82,8.74,0.0336626247844304,Unusual Thermal Detection,REVIEW,Unusual thermal detection. Analyst verification required.
22.80073,78.866,2025-01-04,N20,367.0,11.9,0.0335024251904634,Unusual Thermal Detection,REVIEW,Unusual thermal detection. Analyst verification required.
20.86502,81.02924,2024-12-14,N20,367.0,11.09,0.0334876423168415,Unusual Thermal Detection,REVIEW,Unusual thermal detection. Analyst verification required.
21.48233,83.11108,2024-12-29,N,338.46,9.16,0.0334825776862074,Unusual Thermal Detection,REVIEW,Unusual thermal detection. Analyst verification required.
27.46928,95.41908,2025-01-08,N20,296.62,1.41,0.0334724652670409,Unusual Thermal Detection,REVIEW,Unusual thermal detection. Analyst verification required.
24.75747,93.68696,2024-12-26,N,330.78,10.48,0.0334620306678267,Unusual Thermal Detection,REVIEW,Unusual thermal detection. Analyst verification required.
33.69217,75.67673,2024-11-06,N20,296.62,2.24,0.0334330951002613,Unusual Thermal Detection,REVIEW,Unusual thermal detection. Analyst verification required.
25.34852,91.59881,2024-12-16,N20,297.56,2.0,0.0333812659105455,Unusual Thermal Detection,REVIEW,Unusual thermal detection. Analyst verification required.
18.51328,73.09593,2025-01-04,N20,341.24,50.31,0.0333805864823312,Unusual Thermal Detection,HIGH_REVIEW,Unusual thermal detection. Analyst verification required.
33.69579,75.67075,2024-11-06,N20,299.93,2.84,0.033324050040843,Unusual Thermal Detection,REVIEW,Unusual thermal detection. Analyst verification required.
33.64914,75.68849,2024-11-06,N20,300.03,2.8,0.033324050040843,Unusual Thermal Detection,REVIEW,Unusual thermal detection. Analyst verification required.
30.23185,76.06235,2024-11-02,N20,349.27,37.49,0.0332949521267974,Unusual Thermal Detection,REVIEW,Unusual thermal detection. Analyst verification required.
21.61099,82.3647,2024-12-14,Terra,307.44,41.09,0.033270484713097,Unusual Thermal Detection,REVIEW,Unusual thermal detection. Analyst verification required.
25.47299,76.59938,2024-11-16,N,354.58,17.34,0.0332290672536782,Unusual Thermal Detection,REVIEW,Unusual thermal detection. Analyst verification required.
16.58326,76.98601,2024-12-16,N20,345.61,38.92,0.0331987100776151,Unusual Thermal Detection,REVIEW,Unusual thermal detection. Analyst verification required.
19.06203,76.4484,2024-12-18,N,301.7,1.67,0.0331653576908808,Unusual Thermal Detection,REVIEW,Unusual thermal detection. Analyst verification required.
27.37273,72.22385,2024-11-02,N,350.49,79.45,0.033053801623041,Unusual Thermal Detection,HIGH_REVIEW,Unusual thermal detection. Analyst verification required.
22.08638,82.87149,2024-12-30,N,327.25,9.84,0.0330435930964276,Unusual Thermal Detection,REVIEW,Unusual thermal detection. Analyst verification required.
20.8662,81.9501,2024-12-13,N,367.0,14.37,0.0330109748553122,Unusual Thermal Detection,REVIEW,Unusual thermal detection. Analyst verification required.
28.1499,96.66521,2024-11-30,N,331.26,7.62,0.0328955126337487,Unusual Thermal Detection,REVIEW,Unusual thermal detection. Analyst verification required.
21.92813,83.33996,2024-12-14,N,300.68,4.05,0.0328818473794724,Unusual Thermal Detection,REVIEW,Unusual thermal detection. Analyst verification required.
18.35884,75.87775,2025-01-09,N20,355.9,16.97,0.032880693615804,Unusual Thermal Detection,REVIEW,Unusual thermal detection. Analyst verification required.
28.63362,94.39421,2024-12-17,N,349.22,36.21,0.0328351414892826,Unusual Thermal Detection,REVIEW,Unusual thermal detection. Analyst verification required.
32.14847,77.20013,2025-01-08,N20,325.46,6.18,0.0328324587105608,Unusual Thermal Detection,REVIEW,Unusual thermal detection. Analyst verification required.
23.16688,82.33674,2024-12-19,N,305.54,2.93,0.0328082847130775,Unusual Thermal Detection,REVIEW,Unusual thermal detection. Analyst verification required.
32.35712,76.44765,2024-12-22,N,367.0,19.17,0.0328064945454331,Unusual Thermal Detection,REVIEW,Unusual thermal detection. Analyst verification required.
31.57512,75.22111,2024-11-01,N20,367.0,26.75,0.0328044388827813,Unusual Thermal Detection,REVIEW,Unusual thermal detection. Analyst verification required.
29.88816,75.97724,2024-11-15,N,339.48,10.72,0.0327799943835676,Unusual Thermal Detection,REVIEW,Unusual thermal detection. Analyst verification required.
21.37786,81.67838,2024-12-19,N,300.76,2.59,0.0327342727390582,Unusual Thermal Detection,REVIEW,Unusual thermal detection. Analyst verification required.
30.7301,74.34149,2024-11-20,N,349.01,8.26,0.0327128349346793,Unusual Thermal Detection,REVIEW,Unusual thermal detection. Analyst verification required.
23.72014,86.44237,2025-01-05,N,302.99,3.21,0.0326924887659578,Unusual Thermal Detection,REVIEW,Unusual thermal detection. Analyst verification required.
23.74831,85.50134,2024-11-19,N20,295.3,0.99,0.0326901190451571,Unusual Thermal Detection,REVIEW,Unusual thermal detection. Analyst verification required.
30.60748,74.15073,2024-11-19,Aqua,309.41,37.28,0.0326669749074577,Unusual Thermal Detection,REVIEW,Unusual thermal detection. Analyst verification required.
23.16589,82.32839,2024-12-15,N20,296.15,2.66,0.0326267340825952,Unusual Thermal Detection,REVIEW,Unusual thermal detection. Analyst verification required.
22.03972,83.73246,2024-11-02,Terra,310.49,38.47,0.032622790829817,Unusual Thermal Detection,REVIEW,Unusual thermal detection. Analyst verification required.
33.73803,74.00244,2024-12-31,Aqua,300.75,23.73,0.0326111427826042,Unusual Thermal Detection,REVIEW,Unusual thermal detection. Analyst verification required.
25.74111,76.61572,2024-11-18,N20,349.46,54.46,0.0325857014474866,Unusual Thermal Detection,HIGH_REVIEW,Unusual thermal detection. Analyst verification required.
28.34933,81.06572,2024-11-17,N,367.0,28.97,0.0325703432078761,Unusual Thermal Detection,REVIEW,Unusual thermal detection. Analyst verification required.
24.13695,82.57578,2024-12-02,N,296.45,1.2,0.0325495941020502,Unusual Thermal Detection,REVIEW,Unusual thermal detection. Analyst verification required.
21.10682,72.64293,2024-11-15,N,298.56,2.86,0.0324697378969028,Unusual Thermal Detection,REVIEW,Unusual thermal detection. Analyst verification required.
30.36882,74.76694,2024-11-11,N20,351.33,16.53,0.032452369913569,Unusual Thermal Detection,REVIEW,Unusual thermal detection. Analyst verification required.
21.92264,83.34692,2024-11-28,N,307.62,4.4,0.032372557723253,Unusual Thermal Detection,REVIEW,Unusual thermal detection. Analyst verification required.
18.42863,73.13553,2025-01-12,N,367.0,9.33,0.0323552484497972,Unusual Thermal Detection,REVIEW,Unusual thermal detection. Analyst verification required.
25.52316,76.74834,2024-11-15,Terra,319.8,59.68,0.0323483403068882,Unusual Thermal Detection,HIGH_REVIEW,Unusual thermal detection. Analyst verification required.
29.46425,74.07955,2024-11-11,N20,354.25,25.38,0.0323047457088044,Unusual Thermal Detection,REVIEW,Unusual thermal detection. Analyst verification required.
25.29956,76.32492,2024-11-14,N,352.54,50.82,0.0322887363091175,Unusual Thermal Detection,HIGH_REVIEW,Unusual thermal detection. Analyst verification required.
16.44191,80.95856,2024-12-07,N,342.17,6.83,0.0321959240246247,Unusual Thermal Detection,REVIEW,Unusual thermal detection. Analyst verification required.
20.88585,84.97852,2025-01-11,N20,296.19,1.1,0.0321618813911235,Unusual Thermal Detection,REVIEW,Unusual thermal detection. Analyst verification required.
23.16468,82.34651,2024-12-02,N,296.41,2.02,0.0321317178282143,Unusual Thermal Detection,REVIEW,Unusual thermal detection. Analyst verification required.
21.37957,81.64312,2024-12-03,N,299.98,3.6,0.0321262946743304,Unusual Thermal Detection,REVIEW,Unusual thermal detection. Analyst verification required.
27.90281,96.77473,2024-11-10,N,326.55,7.92,0.0320860917776579,Unusual Thermal Detection,REVIEW,Unusual thermal detection. Analyst verification required.
30.8833,74.67929,2024-11-18,N20,351.48,42.31,0.0320731467320086,Unusual Thermal Detection,REVIEW,Unusual thermal detection. Analyst verification required.
21.25478,82.1168,2025-01-10,N20,367.0,12.09,0.0320374896161455,Unusual Thermal Detection,REVIEW,Unusual thermal detection. Analyst verification required.
20.97342,86.00792,2024-12-31,N20,302.03,5.6,0.0319830395683576,Unusual Thermal Detection,REVIEW,Unusual thermal detection. Analyst verification required.
18.72853,77.97675,2024-11-21,N,367.0,14.63,0.0319523485122055,Unusual Thermal Detection,REVIEW,Unusual thermal detection. Analyst verification required.
32.87279,74.42036,2024-12-07,N,367.0,27.21,0.0319489436289328,Unusual Thermal Detection,REVIEW,Unusual thermal detection. Analyst verification required.
30.84622,74.48544,2024-11-21,N20,353.51,36.78,0.0319390847348157,Unusual Thermal Detection,REVIEW,Unusual thermal detection. Analyst verification required.
32.12817,77.14388,2024-12-20,N20,341.73,8.4,0.0319243992843667,Unusual Thermal Detection,REVIEW,Unusual thermal detection. Analyst verification required.
21.62293,82.3318,2024-12-14,Terra,305.79,34.11,0.0319081401588,Unusual Thermal Detection,REVIEW,Unusual thermal detection. Analyst verification required.
33.70833,75.71902,2024-12-17,Aqua,353.53,98.33,0.0318882301917621,Unusual Thermal Detection,HIGH_REVIEW,Unusual thermal detection. Analyst verification required.
20.78806,81.19742,2024-12-14,N20,367.0,9.51,0.0318541804826771,Unusual Thermal Detection,REVIEW,Unusual thermal detection. Analyst verification required.
18.05057,82.07587,2024-11-18,N20,355.96,14.67,0.0318306498136725,Unusual Thermal Detection,REVIEW,Unusual thermal detection. Analyst verification required.
18.75916,78.67175,2024-11-26,N,355.02,9.07,0.0318295138618279,Unusual Thermal Detection,REVIEW,Unusual thermal detection. Analyst verification required.
33.41002,75.81992,2024-12-20,N20,343.29,128.11,0.0318195603886373,Unusual Thermal Detection,HIGH_REVIEW,Unusual thermal detection. Analyst verification required.
22.10715,83.5179,2024-11-24,N20,299.96,1.09,0.0317838791636175,Unusual Thermal Detection,REVIEW,Unusual thermal detection. Analyst verification required.
29.1755,78.1026,2024-11-16,N,367.0,18.82,0.0317596328635392,Unusual Thermal Detection,REVIEW,Unusual thermal detection. Analyst verification required.
22.04287,83.34651,2024-12-09,N20,297.96,1.23,0.0317364290136545,Unusual Thermal Detection,REVIEW,Unusual thermal detection. Analyst verification required.
18.76927,73.75282,2025-01-03,N20,367.0,11.98,0.0316985745091281,Unusual Thermal Detection,REVIEW,Unusual thermal detection. Analyst verification required.
30.39247,74.84814,2024-11-18,N20,351.54,47.04,0.0316840230572547,Unusual Thermal Detection,REVIEW,Unusual thermal detection. Analyst verification required.
31.84355,77.13396,2024-11-26,N,351.84,11.93,0.0316727078140947,Unusual Thermal Detection,REVIEW,Unusual thermal detection. Analyst verification required.
30.63484,79.80851,2024-11-28,N20,356.29,23.29,0.0316485589147743,Unusual Thermal Detection,REVIEW,Unusual thermal detection. Analyst verification required.
23.63212,86.83002,2025-01-01,N20,296.95,1.18,0.031641697527318,Unusual Thermal Detection,REVIEW,Unusual thermal detection. Analyst verification required.
33.2528,75.45348,2024-12-13,N20,298.44,1.74,0.0316102147775365,Unusual Thermal Detection,REVIEW,Unusual thermal detection. Analyst verification required.
21.92923,83.33144,2025-01-11,N20,302.8,5.19,0.0315262209841795,Unusual Thermal Detection,REVIEW,Unusual thermal detection. Analyst verification required.
26.65183,94.81048,2024-12-26,N,367.0,31.02,0.0314424685527668,Unusual Thermal Detection,REVIEW,Unusual thermal detection. Analyst verification required.
18.26013,77.80414,2024-11-03,N,354.93,55.8,0.0314410830692892,Unusual Thermal Detection,HIGH_REVIEW,Unusual thermal detection. Analyst verification required.
21.92377,83.35506,2024-12-29,N,304.57,4.47,0.0312525454452368,Unusual Thermal Detection,REVIEW,Unusual thermal detection. Analyst verification required.
28.62295,94.3912,2024-12-17,N20,342.42,20.98,0.0312030990124267,Unusual Thermal Detection,REVIEW,Unusual thermal detection. Analyst verification required.
21.21871,82.08335,2025-01-04,N,350.56,11.16,0.0311689864182694,Unusual Thermal Detection,REVIEW,Unusual thermal detection. Analyst verification required.
33.24654,76.2422,2024-11-06,N20,348.79,33.11,0.0311441836743252,Unusual Thermal Detection,REVIEW,Unusual thermal detection. Analyst verification required.
33.74143,74.01077,2024-12-31,Aqua,300.62,23.25,0.031137727280571,Unusual Thermal Detection,REVIEW,Unusual thermal detection. Analyst verification required.
27.65777,92.28782,2024-12-28,N20,350.02,37.38,0.0311357126392332,Unusual Thermal Detection,REVIEW,Unusual thermal detection. Analyst verification required.
20.97787,82.01693,2024-12-10,N20,338.84,34.84,0.0311313257339418,Unusual Thermal Detection,REVIEW,Unusual thermal detection. Analyst verification required.
30.43275,74.41704,2024-11-01,N20,344.23,43.2,0.0311087635583727,Unusual Thermal Detection,REVIEW,Unusual thermal detection. Analyst verification required.
28.67315,96.17737,2024-12-16,N,342.85,10.78,0.0311050583874918,Unusual Thermal Detection,REVIEW,Unusual thermal detection. Analyst verification required.
31.072,77.81808,2024-12-18,N20,299.26,1.6,0.0310859457318724,Unusual Thermal Detection,REVIEW,Unusual thermal detection. Analyst verification required.
20.98149,80.9091,2024-12-14,N20,367.0,25.27,0.0310850403225986,Unusual Thermal Detection,REVIEW,Unusual thermal detection. Analyst verification required.
27.60837,95.39812,2024-12-23,N20,297.47,1.08,0.0310358634915954,Unusual Thermal Detection,REVIEW,Unusual thermal detection. Analyst verification required.
26.71219,94.90124,2024-12-30,Aqua,342.32,94.63,0.0310181458736141,Unusual Thermal Detection,HIGH_REVIEW,Unusual thermal detection. Analyst verification required.
21.37533,81.63903,2024-11-01,N,301.35,2.96,0.0309337217740987,Unusual Thermal Detection,REVIEW,Unusual thermal detection. Analyst verification required.
33.37823,76.25435,2024-11-06,N20,303.71,6.65,0.0309302805806618,Unusual Thermal Detection,REVIEW,Unusual thermal detection. Analyst verification required.
23.69127,87.11523,2024-11-18,N,299.42,5.08,0.0309145979612356,Unusual Thermal Detection,REVIEW,Unusual thermal detection. Analyst verification required.
28.63298,94.39925,2024-12-17,N,339.02,40.99,0.0308989352171151,Unusual Thermal Detection,REVIEW,Unusual thermal detection. Analyst verification required.
25.57282,93.79902,2025-01-11,N,367.0,26.13,0.0308920027650526,Unusual Thermal Detection,REVIEW,Unusual thermal detection. Analyst verification required.
22.0324,78.27286,2024-12-13,N,328.74,3.64,0.0308656631895111,Unusual Thermal Detection,REVIEW,Unusual thermal detection. Analyst verification required.
31.07162,77.82957,2024-12-18,N,367.0,20.54,0.0308499467120177,Unusual Thermal Detection,REVIEW,Unusual thermal detection. Analyst verification required.
29.6077,76.57939,2024-11-01,N20,346.82,8.6,0.0308383474008767,Unusual Thermal Detection,REVIEW,Unusual thermal detection. Analyst verification required.
29.32215,73.7888,2024-11-20,N,337.87,20.56,0.0307901201351946,Unusual Thermal Detection,REVIEW,Unusual thermal detection. Analyst verification required.
24.5194,72.19733,2024-11-19,N20,300.66,178.15,0.030784816433525,Unusual Thermal Detection,HIGH_REVIEW,Unusual thermal detection. Analyst verification required.
30.34794,74.59418,2024-11-11,N20,350.12,16.66,0.0307594814071449,Unusual Thermal Detection,REVIEW,Unusual thermal detection. Analyst verification required.
20.97785,82.01896,2024-12-10,N20,344.05,26.74,0.0307257592582305,Unusual Thermal Detection,REVIEW,Unusual thermal detection. Analyst verification required.
21.88907,72.78448,2025-01-08,N20,367.0,8.67,0.030698959206555,Unusual Thermal Detection,REVIEW,Unusual thermal detection. Analyst verification required.
33.25987,75.4446,2024-12-13,N20,298.78,1.74,0.0306973907369692,Unusual Thermal Detection,REVIEW,Unusual thermal detection. Analyst verification required.
25.81655,76.68187,2024-11-16,N,350.99,19.7,0.0306955224630376,Unusual Thermal Detection,REVIEW,Unusual thermal detection. Analyst verification required.
23.56108,87.07692,2025-01-01,N20,295.67,0.7,0.0306780411320668,Unusual Thermal Detection,REVIEW,Unusual thermal detection. Analyst verification required.
34.25585,73.7898,2024-12-26,N,308.82,3.18,0.0306431064425972,Unusual Thermal Detection,REVIEW,Unusual thermal detection. Analyst verification required.
23.76397,86.40167,2024-12-14,Terra,303.08,32.9,0.0306415059908414,Unusual Thermal Detection,REVIEW,Unusual thermal detection. Analyst verification required.
25.35204,91.60272,2024-12-16,N20,296.17,1.85,0.030612390949069,Unusual Thermal Detection,REVIEW,Unusual thermal detection. Analyst verification required.
25.49767,76.55556,2024-11-15,N,338.97,11.22,0.0306001702757375,Unusual Thermal Detection,REVIEW,Unusual thermal detection. Analyst verification required.
18.50846,75.61613,2024-12-06,N,342.37,7.56,0.0305930209933718,Unusual Thermal Detection,REVIEW,Unusual thermal detection. Analyst verification required.
26.60465,95.01113,2025-01-03,N20,349.9,14.42,0.0305761965858188,Unusual Thermal Detection,REVIEW,Unusual thermal detection. Analyst verification required.
26.61172,95.00293,2025-01-03,N20,349.85,14.63,0.0305761965858188,Unusual Thermal Detection,REVIEW,Unusual thermal detection. Analyst verification required.
32.7965,74.55233,2024-12-26,Aqua,304.98,34.91,0.0304863789720553,Unusual Thermal Detection,REVIEW,Unusual thermal detection. Analyst verification required.
29.56218,74.50578,2024-11-21,N,367.0,20.8,0.0304145455205524,Unusual Thermal Detection,REVIEW,Unusual thermal detection. Analyst verification required.
29.55784,75.39671,2024-12-12,N,296.97,2.3,0.0303913304378287,Unusual Thermal Detection,REVIEW,Unusual thermal detection. Analyst verification required.
30.14538,80.23348,2024-12-26,N20,325.03,8.39,0.0303614459305482,Unusual Thermal Detection,REVIEW,Unusual thermal detection. Analyst verification required.
26.39291,95.01421,2025-01-03,N20,353.17,14.34,0.0303462642899586,Unusual Thermal Detection,REVIEW,Unusual thermal detection. Analyst verification required.
21.98645,83.22943,2024-12-09,N20,297.25,1.16,0.0303404816360357,Unusual Thermal Detection,REVIEW,Unusual thermal detection. Analyst verification required.
25.88941,77.1529,2025-01-10,N20,339.21,13.13,0.0303391394413541,Unusual Thermal Detection,REVIEW,Unusual thermal detection. Analyst verification required.
21.29308,82.09866,2024-12-12,N20,344.67,40.66,0.0303332624563279,Unusual Thermal Detection,REVIEW,Unusual thermal detection. Analyst verification required.
29.98769,75.71798,2024-11-11,N20,343.9,10.02,0.0303195963802535,Unusual Thermal Detection,REVIEW,Unusual thermal detection. Analyst verification required.
28.81012,76.83201,2024-12-19,N20,297.17,0.72,0.0303178219161603,Unusual Thermal Detection,REVIEW,Unusual thermal detection. Analyst verification required.
26.94547,95.4798,2024-12-17,N,325.6,9.83,0.0303039232923874,Unusual Thermal Detection,REVIEW,Unusual thermal detection. Analyst verification required.
34.25516,73.7885,2024-12-26,N,309.78,3.37,0.0302945524431451,Unusual Thermal Detection,REVIEW,Unusual thermal detection. Analyst verification required.
22.12935,80.86948,2024-12-18,N,336.75,14.85,0.0302405616711907,Unusual Thermal Detection,REVIEW,Unusual thermal detection. Analyst verification required.
22.35778,82.30428,2024-11-29,N20,367.0,22.31,0.0301826625923279,Unusual Thermal Detection,REVIEW,Unusual thermal detection. Analyst verification required.
31.09376,78.17052,2024-12-14,N20,367.0,21.71,0.0301462841234022,Unusual Thermal Detection,REVIEW,Unusual thermal detection. Analyst verification required.
30.93954,74.76687,2024-11-01,N20,367.0,22.76,0.0301460211493218,Unusual Thermal Detection,REVIEW,Unusual thermal detection. Analyst verification required.
21.53681,83.96856,2025-01-02,N20,347.66,39.52,0.030128206958933,Unusual Thermal Detection,REVIEW,Unusual thermal detection. Analyst verification required.
29.56765,74.5128,2024-11-20,N,333.36,12.76,0.0300949771937523,Unusual Thermal Detection,REVIEW,Unusual thermal detection. Analyst verification required.
26.89195,95.31892,2024-12-30,Terra,302.16,31.01,0.0300733007360852,Unusual Thermal Detection,REVIEW,Unusual thermal detection. Analyst verification required.
21.05853,82.25562,2024-12-18,N20,351.06,30.69,0.0300629846818997,Unusual Thermal Detection,REVIEW,Unusual thermal detection. Analyst verification required.
25.43048,76.66281,2024-11-09,N20,342.83,35.96,0.0300615950874962,Unusual Thermal Detection,REVIEW,Unusual thermal detection. Analyst verification required.
18.42208,73.15368,2024-11-05,N20,354.44,15.27,0.0300609343416999,Unusual Thermal Detection,REVIEW,Unusual thermal detection. Analyst verification required.
20.97154,86.01536,2024-12-31,N20,302.33,4.68,0.0300261382779889,Unusual Thermal Detection,REVIEW,Unusual thermal detection. Analyst verification required.
30.80012,74.67693,2024-11-01,N,349.87,39.58,0.029973214235381,Unusual Thermal Detection,REVIEW,Unusual thermal detection. Analyst verification required.
26.00612,76.93145,2024-11-17,N20,367.0,24.7,0.0299298228618423,Unusual Thermal Detection,REVIEW,Unusual thermal detection. Analyst verification required.
30.3777,76.2431,2024-11-05,N20,337.22,32.81,0.0298666521658926,Unusual Thermal Detection,REVIEW,Unusual thermal detection. Analyst verification required.
26.64476,79.47063,2025-01-10,N20,297.53,1.63,0.029818516113881,Unusual Thermal Detection,REVIEW,Unusual thermal detection. Analyst verification required.
25.33503,83.48023,2024-12-10,N20,367.0,13.96,0.0298065458514243,Unusual Thermal Detection,REVIEW,Unusual thermal detection. Analyst verification required.
33.56769,74.129,2024-12-18,N20,295.16,1.56,0.0297466453284201,Unusual Thermal Detection,REVIEW,Unusual thermal detection. Analyst verification required.
30.34879,74.61763,2024-11-27,N20,354.4,15.48,0.0297361525622601,Unusual Thermal Detection,REVIEW,Unusual thermal detection. Analyst verification required.
29.85503,75.86774,2024-11-15,N,341.34,9.97,0.0297321080002853,Unusual Thermal Detection,REVIEW,Unusual thermal detection. Analyst verification required.
23.08658,79.80092,2024-11-18,N20,340.58,14.08,0.0297159188843155,Unusual Thermal Detection,REVIEW,Unusual thermal detection. Analyst verification required.
24.66352,74.63036,2025-01-08,N20,298.51,1.94,0.0297034988585398,Unusual Thermal Detection,REVIEW,Unusual thermal detection. Analyst verification required.
30.39719,74.71382,2024-11-18,N20,346.08,44.18,0.0296815367703271,Unusual Thermal Detection,REVIEW,Unusual thermal detection. Analyst verification required.
30.81518,74.88841,2024-11-01,N,351.68,39.32,0.029672023801144,Unusual Thermal Detection,REVIEW,Unusual thermal detection. Analyst verification required.
32.78522,74.56156,2024-12-26,Aqua,301.12,19.21,0.0296672994237077,Unusual Thermal Detection,REVIEW,Unusual thermal detection. Analyst verification required.
21.77045,84.01735,2025-01-11,N20,298.84,2.29,0.0296617654192368,Unusual Thermal Detection,REVIEW,Unusual thermal detection. Analyst verification required.
31.48994,77.63287,2024-12-19,N20,298.86,2.31,0.0296617654192368,Unusual Thermal Detection,REVIEW,Unusual thermal detection. Analyst verification required.
32.9889,76.00615,2024-12-17,N,355.78,26.15,0.0296462975096262,Unusual Thermal Detection,REVIEW,Unusual thermal detection. Analyst verification required.
23.27944,79.98948,2024-11-21,N,335.66,10.19,0.0296371923846896,Unusual Thermal Detection,REVIEW,Unusual thermal detection. Analyst verification required.
16.27072,77.05587,2024-12-07,N,328.94,5.64,0.029574088531889,Unusual Thermal Detection,REVIEW,Unusual thermal detection. Analyst verification required.
23.65048,85.43523,2025-01-05,N20,297.7,1.0,0.0295237956356274,Unusual Thermal Detection,REVIEW,Unusual thermal detection. Analyst verification required.
17.26007,73.83943,2025-01-03,N20,367.0,15.04,0.029478324908599,Unusual Thermal Detection,REVIEW,Unusual thermal detection. Analyst verification required.
21.11074,82.05648,2024-12-13,N,367.0,12.28,0.0294649604842669,Unusual Thermal Detection,REVIEW,Unusual thermal detection. Analyst verification required.
33.98642,73.75191,2024-12-17,N,300.26,1.87,0.0293894548112042,Unusual Thermal Detection,REVIEW,Unusual thermal detection. Analyst verification required.
23.61571,86.78114,2024-11-24,N20,295.4,1.05,0.0293182158172643,Unusual Thermal Detection,REVIEW,Unusual thermal detection. Analyst verification required.
16.17984,75.65178,2024-12-31,Terra,302.99,36.09,0.0292251619648251,Unusual Thermal Detection,REVIEW,Unusual thermal detection. Analyst verification required.
31.62584,74.7657,2024-12-13,N20,296.65,0.92,0.0292187675986289,Unusual Thermal Detection,REVIEW,Unusual thermal detection. Analyst verification required.
22.04056,83.35249,2024-11-28,N,298.44,2.86,0.0291708478788086,Unusual Thermal Detection,REVIEW,Unusual thermal detection. Analyst verification required.
23.32752,79.8515,2024-11-25,N20,350.41,31.19,0.0291292097846227,Unusual Thermal Detection,REVIEW,Unusual thermal detection. Analyst verification required.
20.97199,86.00799,2024-11-24,N20,300.35,2.23,0.0291208753139752,Unusual Thermal Detection,REVIEW,Unusual thermal detection. Analyst verification required.
30.33214,75.7965,2024-11-04,Aqua,313.47,51.05,0.0290797634211587,Unusual Thermal Detection,HIGH_REVIEW,Unusual thermal detection. Analyst verification required.
21.06112,81.87327,2025-01-05,N20,367.0,11.32,0.0290704479957035,Unusual Thermal Detection,REVIEW,Unusual thermal detection. Analyst verification required.
22.04139,83.34422,2025-01-11,N20,298.01,1.2,0.0290686403794836,Unusual Thermal Detection,REVIEW,Unusual thermal detection. Analyst verification required.
25.95522,78.07971,2024-11-20,N20,344.25,33.87,0.0290521362896514,Unusual Thermal Detection,REVIEW,Unusual thermal detection. Analyst verification required.
21.02779,83.78391,2025-01-11,N20,348.96,10.06,0.0289844768610777,Unusual Thermal Detection,REVIEW,Unusual thermal detection. Analyst verification required.
28.74284,76.92493,2025-01-08,N,295.39,0.78,0.0289426995705462,Unusual Thermal Detection,REVIEW,Unusual thermal detection. Analyst verification required.
27.46158,95.46861,2024-12-07,N20,298.78,0.81,0.0288323534751208,Unusual Thermal Detection,REVIEW,Unusual thermal detection. Analyst verification required.
25.57313,93.79933,2025-01-11,N,367.0,24.53,0.0288131580744633,Unusual Thermal Detection,REVIEW,Unusual thermal detection. Analyst verification required.
19.10386,82.16769,2024-12-13,N,297.68,0.67,0.0287985641746579,Unusual Thermal Detection,REVIEW,Unusual thermal detection. Analyst verification required.
30.56789,74.10502,2024-11-20,N,345.13,9.81,0.028759480927473,Unusual Thermal Detection,REVIEW,Unusual thermal detection. Analyst verification required.
23.7749,86.36596,2024-12-19,N,296.13,2.15,0.0286952970193004,Unusual Thermal Detection,REVIEW,Unusual thermal detection. Analyst verification required.
18.14408,73.52522,2025-01-06,N20,348.53,38.48,0.0286522329195956,Unusual Thermal Detection,REVIEW,Unusual thermal detection. Analyst verification required.
25.67922,72.56853,2024-11-20,N20,353.19,30.71,0.028647232588008,Unusual Thermal Detection,REVIEW,Unusual thermal detection. Analyst verification required.
34.19804,74.59934,2024-11-27,N20,348.0,8.95,0.0286430713243204,Unusual Thermal Detection,REVIEW,Unusual thermal detection. Analyst verification required.
20.92841,81.89944,2024-12-14,N,367.0,21.84,0.02861411700114,Unusual Thermal Detection,REVIEW,Unusual thermal detection. Analyst verification required.
25.26784,75.87895,2024-11-10,N20,347.36,59.26,0.0286043994869451,Unusual Thermal Detection,HIGH_REVIEW,Unusual thermal detection. Analyst verification required.
34.29306,74.99429,2024-11-08,N20,351.38,51.26,0.028591518613829,Unusual Thermal Detection,HIGH_REVIEW,Unusual thermal detection. Analyst verification required.
20.98058,80.9108,2024-12-14,N20,367.0,27.72,0.0285761217556924,Unusual Thermal Detection,REVIEW,Unusual thermal detection. Analyst verification required.
23.69923,87.10466,2024-12-15,N20,296.56,1.33,0.0285639459886123,Unusual Thermal Detection,REVIEW,Unusual thermal detection. Analyst verification required.
30.28238,74.80138,2024-11-28,N20,341.6,40.24,0.0285518962381104,Unusual Thermal Detection,REVIEW,Unusual thermal detection. Analyst verification required.
29.58732,74.43475,2024-11-27,N20,348.98,19.74,0.0284426032841514,Unusual Thermal Detection,REVIEW,Unusual thermal detection. Analyst verification required.
26.9303,83.57113,2024-11-21,N20,345.8,35.81,0.028400722928097,Unusual Thermal Detection,REVIEW,Unusual thermal detection. Analyst verification required.
27.60992,95.39439,2025-01-08,N20,299.73,1.43,0.0283950637630358,Unusual Thermal Detection,REVIEW,Unusual thermal detection. Analyst verification required.
29.38071,74.01482,2024-11-20,N,353.61,10.01,0.028353545301147,Unusual Thermal Detection,REVIEW,Unusual thermal detection. Analyst verification required.
23.17086,82.34105,2024-12-31,N20,297.85,2.4,0.0283470685565194,Unusual Thermal Detection,REVIEW,Unusual thermal detection. Analyst verification required.
16.62758,75.1304,2024-12-16,N,367.0,18.99,0.0282952308253671,Unusual Thermal Detection,REVIEW,Unusual thermal detection. Analyst verification required.
21.04189,75.89094,2025-01-02,N20,347.37,37.69,0.0282791047151899,Unusual Thermal Detection,REVIEW,Unusual thermal detection. Analyst verification required.
29.4278,74.01521,2024-11-02,N,348.36,40.76,0.0282691285398122,Unusual Thermal Detection,REVIEW,Unusual thermal detection. Analyst verification required.
31.00663,75.20573,2024-11-21,N,367.0,28.41,0.0282447329662252,Unusual Thermal Detection,REVIEW,Unusual thermal detection. Analyst verification required.
23.28983,79.81936,2024-11-14,N20,340.38,37.4,0.028244508337242,Unusual Thermal Detection,REVIEW,Unusual thermal detection. Analyst verification required.
33.41052,75.82117,2024-12-20,N20,350.24,79.16,0.0282378952047923,Unusual Thermal Detection,HIGH_REVIEW,Unusual thermal detection. Analyst verification required.
17.561,74.53661,2024-12-18,N20,351.49,14.82,0.0281957537387699,Unusual Thermal Detection,REVIEW,Unusual thermal detection. Analyst verification required.
27.36863,77.69442,2024-11-20,N,308.7,3.25,0.0281921297543576,Unusual Thermal Detection,REVIEW,Unusual thermal detection. Analyst verification required.
29.45101,74.05353,2024-11-10,N,367.0,29.88,0.0281534101936353,Unusual Thermal Detection,REVIEW,Unusual thermal detection. Analyst verification required.
16.75167,82.04394,2024-11-22,N,325.85,10.1,0.0280173877593219,Unusual Thermal Detection,REVIEW,Unusual thermal detection. Analyst verification required.
34.49649,74.55656,2024-11-10,N20,354.49,37.19,0.0280107695041831,Unusual Thermal Detection,REVIEW,Unusual thermal detection. Analyst verification required.
21.37596,81.67949,2024-12-19,N,301.06,2.37,0.0280032267229111,Unusual Thermal Detection,REVIEW,Unusual thermal detection. Analyst verification required.
27.31712,95.268,2024-11-13,N,297.34,1.0,0.0279859987269024,Unusual Thermal Detection,REVIEW,Unusual thermal detection. Analyst verification required.
24.66076,74.62817,2024-11-21,N20,297.64,1.92,0.0279070323432845,Unusual Thermal Detection,REVIEW,Unusual thermal detection. Analyst verification required.
19.10736,82.16718,2024-12-13,N,298.96,0.75,0.0278981648361195,Unusual Thermal Detection,REVIEW,Unusual thermal detection. Analyst verification required.
23.69588,87.0989,2025-01-01,N20,298.23,2.89,0.0278787469279828,Unusual Thermal Detection,REVIEW,Unusual thermal detection. Analyst verification required.
31.12161,74.71886,2024-11-10,N,367.0,18.93,0.0278706334386253,Unusual Thermal Detection,REVIEW,Unusual thermal detection. Analyst verification required.
21.37978,82.02592,2025-01-04,N,348.08,11.77,0.0278557289898583,Unusual Thermal Detection,REVIEW,Unusual thermal detection. Analyst verification required.
31.08193,78.27289,2025-01-08,N,325.28,9.06,0.0278550015091886,Unusual Thermal Detection,REVIEW,Unusual thermal detection. Analyst verification required.
23.36394,70.05197,2024-11-08,N20,352.77,30.85,0.0278480675828536,Unusual Thermal Detection,REVIEW,Unusual thermal detection. Analyst verification required.
22.14775,75.64083,2024-12-12,N,367.0,17.44,0.0278207621741485,Unusual Thermal Detection,REVIEW,Unusual thermal detection. Analyst verification required.
17.82331,78.64198,2025-01-09,N,350.49,38.07,0.0277852733523761,Unusual Thermal Detection,REVIEW,Unusual thermal detection. Analyst verification required.
25.48697,76.74522,2024-11-06,N20,354.54,15.55,0.0277205672551485,Unusual Thermal Detection,REVIEW,Unusual thermal detection. Analyst verification required.
25.69493,76.5888,2024-11-12,N20,355.26,15.42,0.0277205672551485,Unusual Thermal Detection,REVIEW,Unusual thermal detection. Analyst verification required.
20.8678,81.95293,2024-12-13,N,353.95,19.86,0.0276868719016742,Unusual Thermal Detection,REVIEW,Unusual thermal detection. Analyst verification required.
33.25963,75.45048,2024-12-13,N20,296.4,1.74,0.0276737217068372,Unusual Thermal Detection,REVIEW,Unusual thermal detection. Analyst verification required.
23.69897,85.2863,2024-12-05,N20,297.24,1.56,0.0276014240889929,Unusual Thermal Detection,REVIEW,Unusual thermal detection. Analyst verification required.
21.92543,83.3456,2024-12-13,N,299.17,2.85,0.0274386570176647,Unusual Thermal Detection,REVIEW,Unusual thermal detection. Analyst verification required.
28.62831,94.39067,2024-12-17,N,348.38,36.21,0.0274360551331313,Unusual Thermal Detection,REVIEW,Unusual thermal detection. Analyst verification required.
23.67101,86.91204,2025-01-01,N20,300.03,1.49,0.0274301920764216,Unusual Thermal Detection,REVIEW,Unusual thermal detection. Analyst verification required.
29.36324,73.7226,2024-11-19,N,351.01,45.02,0.0274199883535134,Unusual Thermal Detection,REVIEW,Unusual thermal detection. Analyst verification required.
28.67334,96.18154,2024-12-16,N,337.18,10.78,0.0274190510676805,Unusual Thermal Detection,REVIEW,Unusual thermal detection. Analyst verification required.
25.77917,76.5591,2024-11-08,N20,344.2,35.59,0.0273863480383939,Unusual Thermal Detection,REVIEW,Unusual thermal detection. Analyst verification required.
25.56015,76.58727,2024-11-11,N20,367.0,19.74,0.0273840766523694,Unusual Thermal Detection,REVIEW,Unusual thermal detection. Analyst verification required.
21.92134,83.3434,2024-12-14,N,297.51,2.51,0.0273688893598994,Unusual Thermal Detection,REVIEW,Unusual thermal detection. Analyst verification required.
21.07836,85.03973,2025-01-11,N20,296.12,1.57,0.0273139287318407,Unusual Thermal Detection,REVIEW,Unusual thermal detection. Analyst verification required.
30.29011,76.44334,2024-11-01,N20,367.0,20.66,0.0273080370824491,Unusual Thermal Detection,REVIEW,Unusual thermal detection. Analyst verification required.
30.93037,74.8606,2024-11-04,Aqua,319.15,70.26,0.0272853637457978,Unusual Thermal Detection,HIGH_REVIEW,Unusual thermal detection. Analyst verification required.
20.81582,81.11584,2024-12-14,N20,367.0,9.62,0.0272786154107343,Unusual Thermal Detection,REVIEW,Unusual thermal detection. Analyst verification required.
13.16194,80.28547,2024-12-09,N20,301.16,2.19,0.0272479845697631,Unusual Thermal Detection,REVIEW,Unusual thermal detection. Analyst verification required.
33.60018,75.77083,2024-12-16,N,367.0,12.55,0.0272470258186261,Unusual Thermal Detection,REVIEW,Unusual thermal detection. Analyst verification required.
34.4945,74.55455,2024-11-10,N20,351.56,54.69,0.0272359148245177,Unusual Thermal Detection,HIGH_REVIEW,Unusual thermal detection. Analyst verification required.
21.84122,82.47071,2024-12-15,N20,367.0,25.5,0.0272332346346136,Unusual Thermal Detection,REVIEW,Unusual thermal detection. Analyst verification required.
30.85389,75.47159,2024-12-14,N20,295.74,37.8,0.0272029814673815,Unusual Thermal Detection,REVIEW,Unusual thermal detection. Analyst verification required.
23.77848,86.20311,2024-11-01,N,328.67,9.83,0.0271785266047033,Unusual Thermal Detection,REVIEW,Unusual thermal detection. Analyst verification required.
31.07707,78.22224,2024-12-15,N,352.65,42.95,0.0271470699359828,Unusual Thermal Detection,REVIEW,Unusual thermal detection. Analyst verification required.
19.35648,77.03777,2024-12-16,N20,311.12,33.19,0.0271449576291159,Unusual Thermal Detection,REVIEW,Unusual thermal detection. Analyst verification required.
19.26949,73.37183,2024-12-19,Aqua,310.85,45.02,0.0271254178500193,Unusual Thermal Detection,REVIEW,Unusual thermal detection. Analyst verification required.
23.21531,79.814,2024-11-16,N,367.0,16.93,0.0271044467369264,Unusual Thermal Detection,REVIEW,Unusual thermal detection. Analyst verification required.
21.75646,82.71191,2025-01-03,N,367.0,15.38,0.0270739783675026,Unusual Thermal Detection,REVIEW,Unusual thermal detection. Analyst verification required.
26.39129,95.03166,2024-12-31,N20,351.94,75.63,0.0270453051074947,Unusual Thermal Detection,HIGH_REVIEW,Unusual thermal detection. Analyst verification required.
22.36175,82.30055,2024-12-09,N20,355.09,14.56,0.0269094911020258,Unusual Thermal Detection,REVIEW,Unusual thermal detection. Analyst verification required.
26.5493,95.02509,2024-12-26,N,367.0,26.89,0.026858657162447,Unusual Thermal Detection,REVIEW,Unusual thermal detection. Analyst verification required.
19.35561,77.16824,2025-01-08,N,367.0,25.64,0.0268421637355555,Unusual Thermal Detection,REVIEW,Unusual thermal detection. Analyst verification required.
25.68201,76.6059,2024-11-11,N,367.0,21.13,0.0268304558896173,Unusual Thermal Detection,REVIEW,Unusual thermal detection. Analyst verification required.
23.74567,85.50079,2024-12-05,N20,296.82,0.66,0.0268127416906814,Unusual Thermal Detection,REVIEW,Unusual thermal detection. Analyst verification required.
30.46049,74.72038,2024-11-09,Aqua,313.35,49.6,0.0268085681912745,Unusual Thermal Detection,HIGH_REVIEW,Unusual thermal detection. Analyst verification required.
18.857,78.20272,2024-11-16,N,328.91,10.92,0.0267685750877567,Unusual Thermal Detection,REVIEW,Unusual thermal detection. Analyst verification required.
18.88213,78.20211,2024-11-16,N,328.61,10.75,0.0267685750877567,Unusual Thermal Detection,REVIEW,Unusual thermal detection. Analyst verification required.
21.10022,72.63494,2024-11-15,N,310.52,2.43,0.0266807522700471,Unusual Thermal Detection,REVIEW,Unusual thermal detection. Analyst verification required.
18.85345,78.21895,2024-11-16,N,341.99,11.55,0.0266694714809594,Unusual Thermal Detection,REVIEW,Unusual thermal detection. Analyst verification required.
21.10147,72.63525,2024-11-15,N,344.29,10.8,0.0265862143576822,Unusual Thermal Detection,REVIEW,Unusual thermal detection. Analyst verification required.
24.22086,79.46548,2024-12-04,N20,340.87,11.81,0.0265818584729787,Unusual Thermal Detection,REVIEW,Unusual thermal detection. Analyst verification required.
21.61437,82.37218,2024-12-14,Terra,305.51,32.98,0.0265668734221221,Unusual Thermal Detection,REVIEW,Unusual thermal detection. Analyst verification required.
20.97848,82.02303,2024-12-10,N20,341.3,37.27,0.0265531310447335,Unusual Thermal Detection,REVIEW,Unusual thermal detection. Analyst verification required.
32.42236,76.51668,2024-11-01,N,367.0,30.73,0.0265506998404011,Unusual Thermal Detection,REVIEW,Unusual thermal detection. Analyst verification required.
25.59857,76.56501,2024-11-13,N,346.83,51.54,0.0264958839227494,Unusual Thermal Detection,HIGH_REVIEW,Unusual thermal detection. Analyst verification required.
21.1896,81.3875,2024-11-16,N,304.59,4.27,0.0264758837757431,Unusual Thermal Detection,REVIEW,Unusual thermal detection. Analyst verification required.
22.046,83.72614,2024-12-10,N20,297.92,1.44,0.0264222174323112,Unusual Thermal Detection,REVIEW,Unusual thermal detection. Analyst verification required.
20.89459,81.80347,2024-12-14,N20,349.79,10.41,0.0264164089546423,Unusual Thermal Detection,REVIEW,Unusual thermal detection. Analyst verification required.
21.52468,83.11632,2024-12-23,N20,342.54,41.91,0.0263783441974009,Unusual Thermal Detection,REVIEW,Unusual thermal detection. Analyst verification required.
22.25101,79.84991,2024-11-01,N20,336.13,12.44,0.0263183819622401,Unusual Thermal Detection,REVIEW,Unusual thermal detection. Analyst verification required.
23.69405,87.1117,2024-11-29,N20,299.03,2.04,0.026300359666071,Unusual Thermal Detection,REVIEW,Unusual thermal detection. Analyst verification required.
29.91755,80.42313,2025-01-09,N20,306.12,2.75,0.0262952887971266,Unusual Thermal Detection,REVIEW,Unusual thermal detection. Analyst verification required.
21.24276,82.07908,2025-01-09,N,367.0,17.22,0.0262635516290604,Unusual Thermal Detection,REVIEW,Unusual thermal detection. Analyst verification required.
26.39296,95.02452,2024-12-31,N,341.96,71.67,0.0262401101683048,Unusual Thermal Detection,HIGH_REVIEW,Unusual thermal detection. Analyst verification required.
21.06106,82.06051,2024-12-16,Aqua,316.52,64.0,0.0262088857948568,Unusual Thermal Detection,HIGH_REVIEW,Unusual thermal detection. Analyst verification required.
23.86972,92.59237,2025-01-11,N,367.0,24.72,0.0261736749977354,Unusual Thermal Detection,REVIEW,Unusual thermal detection. Analyst verification required.
16.76744,82.04771,2024-11-22,N,340.69,11.38,0.0261464638035247,Unusual Thermal Detection,REVIEW,Unusual thermal detection. Analyst verification required.
22.35553,82.29878,2024-11-27,N,296.35,2.7,0.0261457097248938,Unusual Thermal Detection,REVIEW,Unusual thermal detection. Analyst verification required.
33.3026,75.99104,2024-11-06,N20,295.69,2.38,0.0261453449595391,Unusual Thermal Detection,REVIEW,Unusual thermal detection. Analyst verification required.
26.88514,95.43722,2024-12-17,N20,343.52,71.33,0.0261227537081748,Unusual Thermal Detection,HIGH_REVIEW,Unusual thermal detection. Analyst verification required.
23.69686,85.29112,2024-12-25,N,295.94,0.97,0.026108452859064,Unusual Thermal Detection,REVIEW,Unusual thermal detection. Analyst verification required.
31.49072,77.63422,2024-12-19,N20,296.75,1.35,0.0260673261494562,Unusual Thermal Detection,REVIEW,Unusual thermal detection. Analyst verification required.
33.31237,75.20121,2024-12-13,N20,337.22,8.46,0.0260378800599866,Unusual Thermal Detection,REVIEW,Unusual thermal detection. Analyst verification required.
23.16395,82.33549,2024-12-19,N,300.04,1.13,0.0260126055044658,Unusual Thermal Detection,REVIEW,Unusual thermal detection. Analyst verification required.
29.22647,76.30694,2024-11-21,N,367.0,22.4,0.0259839879372534,Unusual Thermal Detection,REVIEW,Unusual thermal detection. Analyst verification required.
29.33606,76.04587,2024-11-01,N20,367.0,17.52,0.0259795801213192,Unusual Thermal Detection,REVIEW,Unusual thermal detection. Analyst verification required.
27.27437,92.14822,2025-01-07,N20,345.09,11.24,0.0259747665366153,Unusual Thermal Detection,REVIEW,Unusual thermal detection. Analyst verification required.
33.41018,75.81693,2024-12-20,N20,348.95,79.16,0.0259695380826505,Unusual Thermal Detection,HIGH_REVIEW,Unusual thermal detection. Analyst verification required.
29.34275,73.86208,2024-11-20,N,351.59,11.15,0.0259636239077927,Unusual Thermal Detection,REVIEW,Unusual thermal detection. Analyst verification required.
23.68763,86.39202,2024-12-19,N,305.7,3.33,0.0259465306941139,Unusual Thermal Detection,REVIEW,Unusual thermal detection. Analyst verification required.
20.97131,86.01031,2024-11-24,N20,320.55,4.61,0.0258722551279708,Unusual Thermal Detection,REVIEW,Unusual thermal detection. Analyst verification required.
23.26512,70.25932,2025-01-06,N,295.19,0.82,0.0257501451363187,Unusual Thermal Detection,REVIEW,Unusual thermal detection. Analyst verification required.
23.41794,72.35448,2025-01-01,N,297.0,0.97,0.0257477209358468,Unusual Thermal Detection,REVIEW,Unusual thermal detection. Analyst verification required.
26.03811,79.1161,2024-11-21,N,352.87,10.97,0.0257069981021318,Unusual Thermal Detection,REVIEW,Unusual thermal detection. Analyst verification required.
25.71818,77.21478,2025-01-09,N20,367.0,28.48,0.0256336094124658,Unusual Thermal Detection,REVIEW,Unusual thermal detection. Analyst verification required.
23.73748,85.01125,2024-12-25,N,302.9,3.25,0.0256319034627554,Unusual Thermal Detection,REVIEW,Unusual thermal detection. Analyst verification required.
33.96413,73.71423,2024-12-18,N20,307.2,3.72,0.0256039045541024,Unusual Thermal Detection,REVIEW,Unusual thermal detection. Analyst verification required.
23.17995,79.79926,2024-11-21,Aqua,308.08,33.5,0.0255845405227891,Unusual Thermal Detection,REVIEW,Unusual thermal detection. Analyst verification required.
34.11091,74.04326,2024-12-18,N20,302.79,3.96,0.0255553700560734,Unusual Thermal Detection,REVIEW,Unusual thermal detection. Analyst verification required.
23.69699,87.10706,2025-01-04,N,300.41,3.0,0.0255222157350375,Unusual Thermal Detection,REVIEW,Unusual thermal detection. Analyst verification required.
23.64879,85.43684,2025-01-10,N,295.18,0.95,0.0255065200866444,Unusual Thermal Detection,REVIEW,Unusual thermal detection. Analyst verification required.
25.90351,93.74775,2025-01-02,N20,367.0,26.68,0.02550556525047,Unusual Thermal Detection,REVIEW,Unusual thermal detection. Analyst verification required.
24.07707,69.58948,2024-11-21,N20,354.29,13.92,0.0254824229937128,Unusual Thermal Detection,REVIEW,Unusual thermal detection. Analyst verification required.
27.31747,95.26564,2024-12-27,N,296.78,1.07,0.0254699917983877,Unusual Thermal Detection,REVIEW,Unusual thermal detection. Analyst verification required.
27.38798,72.31344,2024-11-02,N,315.93,78.51,0.0254651592495861,Unusual Thermal Detection,HIGH_REVIEW,Unusual thermal detection. Analyst verification required.
26.67845,94.82476,2024-12-17,N20,345.45,14.16,0.025457079167707,Unusual Thermal Detection,REVIEW,Unusual thermal detection. Analyst verification required.
23.38903,79.97505,2024-11-21,N,342.31,8.29,0.0254310705416022,Unusual Thermal Detection,REVIEW,Unusual thermal detection. Analyst verification required.
20.97447,86.00031,2024-12-15,N20,299.09,2.71,0.0253911722371181,Unusual Thermal Detection,REVIEW,Unusual thermal detection. Analyst verification required.
23.01509,70.09891,2025-01-08,N20,295.43,0.47,0.025347666028909,Unusual Thermal Detection,REVIEW,Unusual thermal detection. Analyst verification required.
20.93378,81.90199,2024-12-14,N,367.0,21.84,0.0253447939778681,Unusual Thermal Detection,REVIEW,Unusual thermal detection. Analyst verification required.
21.07884,85.03384,2025-01-11,N20,298.46,1.82,0.0253401440172584,Unusual Thermal Detection,REVIEW,Unusual thermal detection. Analyst verification required.
22.22618,84.74892,2025-01-05,N20,297.38,1.75,0.0253352164672292,Unusual Thermal Detection,REVIEW,Unusual thermal detection. Analyst verification required.
25.12381,76.91248,2024-11-03,N,348.21,67.22,0.0252907080652164,Unusual Thermal Detection,HIGH_REVIEW,Unusual thermal detection. Analyst verification required.
29.27529,76.79756,2024-12-03,N20,298.79,2.39,0.0252866066785195,Unusual Thermal Detection,REVIEW,Unusual thermal detection. Analyst verification required.
21.92132,83.35652,2024-11-27,N,305.77,2.2,0.0252696323610748,Unusual Thermal Detection,REVIEW,Unusual thermal detection. Analyst verification required.
22.93495,78.32056,2024-11-28,N20,295.1,0.74,0.0252538309434335,Unusual Thermal Detection,REVIEW,Unusual thermal detection. Analyst verification required.
21.69601,83.16749,2024-12-19,N,367.0,14.81,0.025223930074942,Unusual Thermal Detection,REVIEW,Unusual thermal detection. Analyst verification required.
27.45976,95.47133,2024-11-21,N20,296.81,0.6,0.0251894016799701,Unusual Thermal Detection,REVIEW,Unusual thermal detection. Analyst verification required.
31.26587,77.74854,2024-12-22,N,295.04,2.13,0.0251087481590507,Unusual Thermal Detection,REVIEW,Unusual thermal detection. Analyst verification required.
23.33195,70.21214,2024-12-12,N20,295.04,0.33,0.0250971839745129,Unusual Thermal Detection,REVIEW,Unusual thermal detection. Analyst verification required.
25.35267,91.58832,2024-12-16,N,331.26,10.4,0.0250756802731905,Unusual Thermal Detection,REVIEW,Unusual thermal detection. Analyst verification required.
28.11183,95.28233,2024-12-27,N,318.46,3.33,0.0250294237631807,Unusual Thermal Detection,REVIEW,Unusual thermal detection. Analyst verification required.
20.89685,81.8046,2024-12-14,N20,351.01,9.13,0.0250025839577107,Unusual Thermal Detection,REVIEW,Unusual thermal detection. Analyst verification required.
26.1186,94.6228,2024-11-09,N,367.0,15.62,0.024994791952746,Unusual Thermal Detection,REVIEW,Unusual thermal detection. Analyst verification required.
16.75533,82.04907,2024-11-22,N,331.11,10.23,0.0249745694555341,Unusual Thermal Detection,REVIEW,Unusual thermal detection. Analyst verification required.
27.73593,80.78075,2024-12-14,N,344.33,8.65,0.0249592935880581,Unusual Thermal Detection,REVIEW,Unusual thermal detection. Analyst verification required.
26.39723,95.02347,2024-12-31,N,338.92,71.67,0.0248946954033852,Unusual Thermal Detection,HIGH_REVIEW,Unusual thermal detection. Analyst verification required.
23.01698,79.43154,2025-01-04,N20,354.17,11.05,0.0248778948223574,Unusual Thermal Detection,REVIEW,Unusual thermal detection. Analyst verification required.
21.62598,72.80873,2024-12-17,N20,352.08,33.98,0.0248753104356158,Unusual Thermal Detection,REVIEW,Unusual thermal detection. Analyst verification required.
30.53321,74.10479,2024-11-18,Aqua,386.74,190.5,0.0248740942561496,Unusual Thermal Detection,HIGH_REVIEW,Unusual thermal detection. Analyst verification required.
29.59402,74.43118,2024-11-26,N,367.0,22.77,0.0248655224881604,Unusual Thermal Detection,REVIEW,Unusual thermal detection. Analyst verification required.
25.3654,91.55027,2024-12-15,N,340.41,15.58,0.0248154209379659,Unusual Thermal Detection,REVIEW,Unusual thermal detection. Analyst verification required.
25.59245,76.656,2024-11-15,N20,351.57,30.68,0.0247283949277669,Unusual Thermal Detection,REVIEW,Unusual thermal detection. Analyst verification required.
23.28406,79.95502,2024-11-15,N20,340.65,44.79,0.024694383208119,Unusual Thermal Detection,REVIEW,Unusual thermal detection. Analyst verification required.
19.92401,79.11562,2025-01-08,N,296.61,1.25,0.0246869273122148,Unusual Thermal Detection,REVIEW,Unusual thermal detection. Analyst verification required.
19.0013,73.75475,2025-01-07,N,367.0,11.43,0.0246448313799166,Unusual Thermal Detection,REVIEW,Unusual thermal detection. Analyst verification required.
25.48835,76.75405,2024-11-02,Aqua,332.62,103.17,0.0246435635560299,Unusual Thermal Detection,HIGH_REVIEW,Unusual thermal detection. Analyst verification required.
22.14709,75.64419,2024-12-12,N,367.0,16.64,0.0246335087892725,Unusual Thermal Detection,REVIEW,Unusual thermal detection. Analyst verification required.
22.03975,83.35316,2024-12-29,N,303.85,3.08,0.0246131392940935,Unusual Thermal Detection,REVIEW,Unusual thermal detection. Analyst verification required.
22.03256,83.36331,2024-11-28,N,301.01,3.03,0.0246131392940935,Unusual Thermal Detection,REVIEW,Unusual thermal detection. Analyst verification required.
25.77568,80.89622,2024-12-01,Aqua,307.27,33.44,0.0246114330369816,Unusual Thermal Detection,REVIEW,Unusual thermal detection. Analyst verification required.
32.59347,76.14205,2024-12-12,N,295.27,1.21,0.0246004933047069,Unusual Thermal Detection,REVIEW,Unusual thermal detection. Analyst verification required.
22.05305,88.10062,2024-12-14,N,367.0,26.7,0.0245953085769273,Unusual Thermal Detection,REVIEW,Unusual thermal detection. Analyst verification required.
25.70697,76.57152,2024-11-12,N,354.89,41.99,0.0245931343272042,Unusual Thermal Detection,REVIEW,Unusual thermal detection. Analyst verification required.
25.70824,76.57398,2024-11-12,N,353.95,43.26,0.0245931343272042,Unusual Thermal Detection,REVIEW,Unusual thermal detection. Analyst verification required.
30.38092,74.08548,2024-11-18,N20,348.59,40.39,0.0245893937577811,Unusual Thermal Detection,REVIEW,Unusual thermal detection. Analyst verification required.
20.96091,81.97409,2024-12-13,N,367.0,22.42,0.0245320621636971,Unusual Thermal Detection,REVIEW,Unusual thermal detection. Analyst verification required.
29.91842,80.42004,2025-01-09,N20,306.93,2.75,0.024507011200356,Unusual Thermal Detection,REVIEW,Unusual thermal detection. Analyst verification required.
33.71115,75.67184,2024-11-03,N20,348.86,30.8,0.0245038390906182,Unusual Thermal Detection,REVIEW,Unusual thermal detection. Analyst verification required.
23.69604,87.10414,2024-11-29,N20,299.81,2.04,0.0244902968313415,Unusual Thermal Detection,REVIEW,Unusual thermal detection. Analyst verification required.
21.38055,81.64116,2024-12-03,N,298.79,2.56,0.0244785861786811,Unusual Thermal Detection,REVIEW,Unusual thermal detection. Analyst verification required.
18.58021,76.44141,2025-01-03,N,297.97,2.27,0.0244267464228129,Unusual Thermal Detection,REVIEW,Unusual thermal detection. Analyst verification required.
23.76591,86.39948,2024-12-19,N,298.12,4.85,0.0244256536270829,Unusual Thermal Detection,REVIEW,Unusual thermal detection. Analyst verification required.
23.6695,86.92329,2025-01-04,N,297.2,1.75,0.0244070866585928,Unusual Thermal Detection,REVIEW,Unusual thermal detection. Analyst verification required.
31.00742,77.57448,2025-01-04,N,354.36,39.03,0.0243482245594016,Unusual Thermal Detection,REVIEW,Unusual thermal detection. Analyst verification required.
18.67088,73.03779,2024-12-18,N20,367.0,23.58,0.0243363568705212,Unusual Thermal Detection,REVIEW,Unusual thermal detection. Analyst verification required.
29.33955,73.8396,2024-11-18,N20,349.36,36.92,0.0243226953849464,Unusual Thermal Detection,REVIEW,Unusual thermal detection. Analyst verification required.
30.50275,73.9869,2024-12-01,N,367.0,30.35,0.0242981474211466,Unusual Thermal Detection,REVIEW,Unusual thermal detection. Analyst verification required.
26.77138,94.49971,2024-12-28,N20,295.98,0.4,0.0242964589034855,Unusual Thermal Detection,REVIEW,Unusual thermal detection. Analyst verification required.
25.93376,78.04028,2024-11-24,N20,345.23,52.36,0.0242721246921505,Unusual Thermal Detection,HIGH_REVIEW,Unusual thermal detection. Analyst verification required.
23.82754,85.49628,2024-12-20,N20,297.57,1.79,0.0242701528830302,Unusual Thermal Detection,REVIEW,Unusual thermal detection. Analyst verification required.
16.42661,78.44724,2025-01-01,N20,340.74,43.23,0.024242494361205,Unusual Thermal Detection,REVIEW,Unusual thermal detection. Analyst verification required.
30.3013,75.45936,2024-11-09,N20,341.9,32.35,0.0242007111775874,Unusual Thermal Detection,REVIEW,Unusual thermal detection. Analyst verification required.
27.60469,95.39945,2024-12-27,N,296.55,0.76,0.0241925813633938,Unusual Thermal Detection,REVIEW,Unusual thermal detection. Analyst verification required.
22.2123,84.86822,2025-01-09,N,308.08,3.22,0.0241605700304251,Unusual Thermal Detection,REVIEW,Unusual thermal detection. Analyst verification required.
22.05709,88.12849,2024-12-30,N,303.66,3.08,0.0241590621671103,Unusual Thermal Detection,REVIEW,Unusual thermal detection. Analyst verification required.
23.74461,85.50584,2025-01-10,N,295.13,1.03,0.0241433983447895,Unusual Thermal Detection,REVIEW,Unusual thermal detection. Analyst verification required.
23.78681,85.5537,2025-01-09,N,297.83,1.38,0.0241059343918842,Unusual Thermal Detection,REVIEW,Unusual thermal detection. Analyst verification required.
17.46096,76.75575,2025-01-09,N20,367.0,11.69,0.024083998983048,Unusual Thermal Detection,REVIEW,Unusual thermal detection. Analyst verification required.
17.0056,76.233,2024-12-18,N,303.78,2.01,0.0240401169220373,Unusual Thermal Detection,REVIEW,Unusual thermal detection. Analyst verification required.
17.00623,76.22552,2024-12-18,N,303.85,2.01,0.0240401169220373,Unusual Thermal Detection,REVIEW,Unusual thermal detection. Analyst verification required.
23.26395,79.75888,2024-11-17,N20,339.97,11.17,0.024030886157955,Unusual Thermal Detection,REVIEW,Unusual thermal detection. Analyst verification required.
20.97137,81.96452,2024-12-13,N,367.0,12.29,0.0239864244621347,Unusual Thermal Detection,REVIEW,Unusual thermal detection. Analyst verification required.
24.16322,82.67078,2024-12-15,N20,295.28,1.63,0.0239605132938643,Unusual Thermal Detection,REVIEW,Unusual thermal detection. Analyst verification required.
23.69542,87.10641,2025-01-01,N20,296.09,2.48,0.0239002276449894,Unusual Thermal Detection,REVIEW,Unusual thermal detection. Analyst verification required.
27.3195,95.26228,2024-11-21,N20,297.31,1.82,0.0238855241443396,Unusual Thermal Detection,REVIEW,Unusual thermal detection. Analyst verification required.
10.57973,76.62216,2025-01-07,N,345.59,11.43,0.0238289192023445,Unusual Thermal Detection,REVIEW,Unusual thermal detection. Analyst verification required.
25.71908,77.21867,2025-01-09,N20,367.0,28.48,0.0238253485945852,Unusual Thermal Detection,REVIEW,Unusual thermal detection. Analyst verification required.
23.69372,87.10352,2024-11-18,N,301.66,3.63,0.0237876101642395,Unusual Thermal Detection,REVIEW,Unusual thermal detection. Analyst verification required.
24.75808,93.68826,2024-12-26,N,344.52,7.33,0.0237847485416936,Unusual Thermal Detection,REVIEW,Unusual thermal detection. Analyst verification required.
29.51814,75.09229,2024-11-22,N20,297.45,1.14,0.0237739243375352,Unusual Thermal Detection,REVIEW,Unusual thermal detection. Analyst verification required.
23.66627,84.99257,2024-11-24,N20,295.35,1.66,0.0237580029826677,Unusual Thermal Detection,REVIEW,Unusual thermal detection. Analyst verification required.
21.37349,81.68092,2024-11-17,N,299.96,2.5,0.0237519636029415,Unusual Thermal Detection,REVIEW,Unusual thermal detection. Analyst verification required.
25.05408,77.00982,2024-11-01,N20,367.0,22.73,0.0237489545498023,Unusual Thermal Detection,REVIEW,Unusual thermal detection. Analyst verification required.
31.84377,77.12885,2024-11-26,N,322.17,12.85,0.0237458719415537,Unusual Thermal Detection,REVIEW,Unusual thermal detection. Analyst verification required.
16.26941,80.73964,2024-11-23,N20,338.1,9.52,0.0237047127122366,Unusual Thermal Detection,REVIEW,Unusual thermal detection. Analyst verification required.
23.69493,87.11491,2025-01-04,N,298.1,2.54,0.0236649853373994,Unusual Thermal Detection,REVIEW,Unusual thermal detection. Analyst verification required.
21.09715,72.798,2025-01-12,N,323.56,12.86,0.0236576733907721,Unusual Thermal Detection,REVIEW,Unusual thermal detection. Analyst verification required.
23.30321,79.73417,2024-11-21,Aqua,307.81,34.42,0.0236396414430748,Unusual Thermal Detection,REVIEW,Unusual thermal detection. Analyst verification required.
27.69418,93.1423,2024-12-27,N,349.18,13.31,0.0236302695559926,Unusual Thermal Detection,REVIEW,Unusual thermal detection. Analyst verification required.
34.11475,74.04011,2024-12-18,N20,318.92,2.97,0.0235799811869031,Unusual Thermal Detection,REVIEW,Unusual thermal detection. Analyst verification required.
22.03099,83.3657,2024-12-29,N,298.43,2.6,0.0235709209936371,Unusual Thermal Detection,REVIEW,Unusual thermal detection. Analyst verification required.
31.07253,77.82871,2024-12-18,N,355.51,29.26,0.0235504964335409,Unusual Thermal Detection,REVIEW,Unusual thermal detection. Analyst verification required.
34.11106,74.03922,2024-12-18,N20,321.28,5.09,0.0235449415691558,Unusual Thermal Detection,REVIEW,Unusual thermal detection. Analyst verification required.
18.80654,77.93159,2024-11-16,N,334.53,9.56,0.0235096044714639,Unusual Thermal Detection,REVIEW,Unusual thermal detection. Analyst verification required.
20.96631,81.98089,2024-12-13,N,367.0,21.52,0.0234840231936557,Unusual Thermal Detection,REVIEW,Unusual thermal detection. Analyst verification required.
15.6916,76.69901,2024-12-18,N20,367.0,26.65,0.0234545901256844,Unusual Thermal Detection,REVIEW,Unusual thermal detection. Analyst verification required.
28.67539,96.17681,2024-12-16,N,325.42,6.96,0.0234368745025329,Unusual Thermal Detection,REVIEW,Unusual thermal detection. Analyst verification required.
21.57109,82.31075,2025-01-09,N,367.0,14.94,0.0234213682914806,Unusual Thermal Detection,REVIEW,Unusual thermal detection. Analyst verification required.
29.53286,74.55577,2024-11-14,Aqua,311.78,41.82,0.0233965339845559,Unusual Thermal Detection,REVIEW,Unusual thermal detection. Analyst verification required.
22.04118,83.7327,2025-01-04,N,367.0,16.36,0.0233716974788716,Unusual Thermal Detection,REVIEW,Unusual thermal detection. Analyst verification required.
21.3568,82.15321,2024-12-14,N,367.0,16.35,0.0233168353333724,Unusual Thermal Detection,REVIEW,Unusual thermal detection. Analyst verification required.
26.88901,71.56591,2024-11-03,Aqua,356.46,89.15,0.0232677329590971,Unusual Thermal Detection,HIGH_REVIEW,Unusual thermal detection. Analyst verification required.
25.81741,78.25911,2024-12-13,N,367.0,23.57,0.0232191582008086,Unusual Thermal Detection,REVIEW,Unusual thermal detection. Analyst verification required.
32.33343,76.50874,2024-12-16,N,344.58,22.35,0.0231637198430985,Unusual Thermal Detection,REVIEW,Unusual thermal detection. Analyst verification required.
21.72637,82.44896,2025-01-02,N,348.72,42.61,0.0231260727730796,Unusual Thermal Detection,REVIEW,Unusual thermal detection. Analyst verification required.
24.16371,82.66253,2024-12-15,N20,295.39,1.67,0.0230580336195385,Unusual Thermal Detection,REVIEW,Unusual thermal detection. Analyst verification required.
33.2063,75.44209,2024-12-13,N20,306.7,3.02,0.0230272345428704,Unusual Thermal Detection,REVIEW,Unusual thermal detection. Analyst verification required.
23.69244,87.11271,2024-11-01,N,303.25,4.12,0.0230213789621452,Unusual Thermal Detection,REVIEW,Unusual thermal detection. Analyst verification required.
21.25489,82.81881,2024-12-29,N,339.88,9.96,0.0229882027400354,Unusual Thermal Detection,REVIEW,Unusual thermal detection. Analyst verification required.
30.33382,75.79157,2024-11-04,Aqua,312.02,41.59,0.0229727139793822,Unusual Thermal Detection,REVIEW,Unusual thermal detection. Analyst verification required.
29.57691,74.49799,2024-11-23,Aqua,383.93,190.29,0.0229665821244946,Unusual Thermal Detection,HIGH_REVIEW,Unusual thermal detection. Analyst verification required.
22.03921,83.35311,2024-12-14,N,297.63,0.97,0.0229590198173282,Unusual Thermal Detection,REVIEW,Unusual thermal detection. Analyst verification required.
23.56467,87.0778,2025-01-01,N20,298.54,2.1,0.022946153232537,Unusual Thermal Detection,REVIEW,Unusual thermal detection. Analyst verification required.
21.92788,83.33331,2024-11-08,N20,299.49,2.81,0.0229411885189232,Unusual Thermal Detection,REVIEW,Unusual thermal detection. Analyst verification required.
30.54012,74.58404,2024-11-09,Aqua,310.46,41.1,0.0228997101037458,Unusual Thermal Detection,REVIEW,Unusual thermal detection. Analyst verification required.
29.96591,75.82697,2024-11-09,N20,341.54,34.98,0.0228469623642958,Unusual Thermal Detection,REVIEW,Unusual thermal detection. Analyst verification required.
29.59214,74.46334,2024-11-22,N,348.0,41.84,0.0228220836622532,Unusual Thermal Detection,REVIEW,Unusual thermal detection. Analyst verification required.
30.51382,74.0088,2024-12-01,N,367.0,25.11,0.0228076390114382,Unusual Thermal Detection,REVIEW,Unusual thermal detection. Analyst verification required.
33.13393,75.10988,2024-12-12,N20,298.28,2.05,0.0227911055494822,Unusual Thermal Detection,REVIEW,Unusual thermal detection. Analyst verification required.
23.61547,86.78614,2024-11-24,N20,297.88,1.04,0.0227629894880521,Unusual Thermal Detection,REVIEW,Unusual thermal detection. Analyst verification required.
32.63479,75.50016,2024-11-02,N20,326.36,10.93,0.0227158307246992,Unusual Thermal Detection,REVIEW,Unusual thermal detection. Analyst verification required.
20.97137,86.01778,2025-01-04,N,297.75,2.35,0.0226644832056515,Unusual Thermal Detection,REVIEW,Unusual thermal detection. Analyst verification required.
30.62699,74.96433,2024-11-19,Aqua,309.41,35.25,0.0226352652365746,Unusual Thermal Detection,REVIEW,Unusual thermal detection. Analyst verification required.
21.63871,74.48792,2024-12-19,N20,351.17,26.92,0.0226306383143379,Unusual Thermal Detection,REVIEW,Unusual thermal detection. Analyst verification required.
25.78598,76.65791,2024-11-16,N,339.72,22.39,0.0226127400863563,Unusual Thermal Detection,REVIEW,Unusual thermal detection. Analyst verification required.
25.38052,76.97238,2024-11-03,N20,352.25,30.65,0.0225387281547883,Unusual Thermal Detection,REVIEW,Unusual thermal detection. Analyst verification required.
33.96717,73.57246,2024-12-18,N20,297.69,1.48,0.0225373213344347,Unusual Thermal Detection,REVIEW,Unusual thermal detection. Analyst verification required.
25.89146,77.16035,2025-01-10,N20,333.31,11.54,0.0225363538848766,Unusual Thermal Detection,REVIEW,Unusual thermal detection. Analyst verification required.
21.36219,81.6817,2024-12-03,N,297.93,2.41,0.0225163881788771,Unusual Thermal Detection,REVIEW,Unusual thermal detection. Analyst verification required.
23.21122,79.73028,2024-11-17,N20,342.6,11.06,0.0225084237285697,Unusual Thermal Detection,REVIEW,Unusual thermal detection. Analyst verification required.
22.28849,79.83863,2024-11-01,N20,332.16,11.57,0.0224883880507903,Unusual Thermal Detection,REVIEW,Unusual thermal detection. Analyst verification required.
21.93184,85.21519,2025-01-06,N20,297.54,0.9,0.0224878738252038,Unusual Thermal Detection,REVIEW,Unusual thermal detection. Analyst verification required.
19.27766,73.51519,2025-01-03,N,367.0,20.91,0.0224877174631685,Unusual Thermal Detection,REVIEW,Unusual thermal detection. Analyst verification required.
23.01995,79.43043,2025-01-04,N20,353.53,9.94,0.0224767998309732,Unusual Thermal Detection,REVIEW,Unusual thermal detection. Analyst verification required.
33.20287,75.40444,2024-12-22,N,329.65,11.35,0.0224705496987742,Unusual Thermal Detection,REVIEW,Unusual thermal detection. Analyst verification required.
33.74555,74.31564,2024-12-16,Aqua,305.97,43.34,0.022460293586518,Unusual Thermal Detection,REVIEW,Unusual thermal detection. Analyst verification required.
22.03809,83.73442,2025-01-09,N,296.04,3.62,0.0224497365527676,Unusual Thermal Detection,REVIEW,Unusual thermal detection. Analyst verification required.
23.69222,87.09994,2024-11-18,N,302.56,3.58,0.0224279738566832,Unusual Thermal Detection,REVIEW,Unusual thermal detection. Analyst verification required.
26.61024,94.99746,2025-01-03,N20,341.0,14.63,0.0224145086086448,Unusual Thermal Detection,REVIEW,Unusual thermal detection. Analyst verification required.
21.64613,82.65166,2024-12-23,N,367.0,26.26,0.0223614100556882,Unusual Thermal Detection,REVIEW,Unusual thermal detection. Analyst verification required.
25.98812,78.64996,2024-11-25,N20,346.14,36.59,0.022352842917845,Unusual Thermal Detection,REVIEW,Unusual thermal detection. Analyst verification required.
27.60456,95.40281,2024-12-11,N,298.92,0.81,0.0223490073672808,Unusual Thermal Detection,REVIEW,Unusual thermal detection. Analyst verification required.
33.30419,75.99107,2024-11-06,N20,302.37,4.2,0.0223302346045393,Unusual Thermal Detection,REVIEW,Unusual thermal detection. Analyst verification required.
21.08313,82.07537,2024-12-15,N,354.03,47.41,0.0223258853614872,Unusual Thermal Detection,REVIEW,Unusual thermal detection. Analyst verification required.
18.00577,75.48625,2024-12-12,N,354.18,10.37,0.0223242952125878,Unusual Thermal Detection,REVIEW,Unusual thermal detection. Analyst verification required.
24.14188,79.07401,2025-01-04,N20,355.93,11.8,0.0222957664156694,Unusual Thermal Detection,REVIEW,Unusual thermal detection. Analyst verification required.
21.24811,82.11974,2025-01-11,N,350.61,40.53,0.0222830674351434,Unusual Thermal Detection,REVIEW,Unusual thermal detection. Analyst verification required.
29.58833,74.34948,2024-11-19,N20,351.14,29.46,0.0222088948988438,Unusual Thermal Detection,REVIEW,Unusual thermal detection. Analyst verification required.
32.40638,76.47926,2024-12-15,Aqua,320.81,90.21,0.0221935101598287,Unusual Thermal Detection,HIGH_REVIEW,Unusual thermal detection. Analyst verification required.
16.78618,76.75403,2024-12-17,N,352.1,10.75,0.0221803646803453,Unusual Thermal Detection,REVIEW,Unusual thermal detection. Analyst verification required.
21.37396,81.64204,2025-01-04,N,299.35,3.59,0.02217484211961,Unusual Thermal Detection,REVIEW,Unusual thermal detection. Analyst verification required.
15.82322,76.77561,2024-12-16,N20,348.98,28.61,0.0221691448771371,Unusual Thermal Detection,REVIEW,Unusual thermal detection. Analyst verification required.
29.81738,76.04185,2024-11-15,N,337.61,8.31,0.0221505318761557,Unusual Thermal Detection,REVIEW,Unusual thermal detection. Analyst verification required.
21.91783,83.35352,2024-11-27,N,300.7,1.17,0.0221300032298087,Unusual Thermal Detection,REVIEW,Unusual thermal detection. Analyst verification required.
20.97049,86.00146,2024-11-13,N20,302.25,3.79,0.0221297960944316,Unusual Thermal Detection,REVIEW,Unusual thermal detection. Analyst verification required.
22.04329,83.73441,2025-01-05,N20,348.99,16.18,0.0220576522040149,Unusual Thermal Detection,REVIEW,Unusual thermal detection. Analyst verification required.
25.36184,91.55255,2024-12-15,N,348.18,11.52,0.022019487944625,Unusual Thermal Detection,REVIEW,Unusual thermal detection. Analyst verification required.
23.31521,79.97135,2024-11-21,N,344.93,7.1,0.0219994348957328,Unusual Thermal Detection,REVIEW,Unusual thermal detection. Analyst verification required.
18.64898,78.14669,2024-11-13,N20,348.07,39.1,0.0219498453698612,Unusual Thermal Detection,REVIEW,Unusual thermal detection. Analyst verification required.
20.96921,86.00458,2024-12-03,N,299.5,3.06,0.0219461605179577,Unusual Thermal Detection,REVIEW,Unusual thermal detection. Analyst verification required.
22.1061,83.51945,2024-12-26,N20,297.83,1.55,0.021921828173444,Unusual Thermal Detection,REVIEW,Unusual thermal detection. Analyst verification required.
19.80298,78.8616,2025-01-04,N20,296.18,1.03,0.0219054070826364,Unusual Thermal Detection,REVIEW,Unusual thermal detection. Analyst verification required.
22.03832,83.35577,2024-12-13,N,300.28,1.73,0.0219041062934944,Unusual Thermal Detection,REVIEW,Unusual thermal detection. Analyst verification required.
19.26471,73.38027,2024-12-19,Aqua,310.11,38.97,0.021902672126717,Unusual Thermal Detection,REVIEW,Unusual thermal detection. Analyst verification required.
33.37814,76.25684,2024-11-06,N20,304.48,5.88,0.0218928950333016,Unusual Thermal Detection,REVIEW,Unusual thermal detection. Analyst verification required.
19.53124,74.24377,2025-01-07,N,297.48,0.76,0.0218847536723054,Unusual Thermal Detection,REVIEW,Unusual thermal detection. Analyst verification required.
30.47699,79.28392,2024-12-14,N20,297.62,2.89,0.0218709138976326,Unusual Thermal Detection,REVIEW,Unusual thermal detection. Analyst verification required.
18.73095,75.44151,2024-12-19,N20,296.69,0.77,0.021843033170703,Unusual Thermal Detection,REVIEW,Unusual thermal detection. Analyst verification required.
22.22468,84.7527,2025-01-09,N,298.12,2.49,0.0218121419176596,Unusual Thermal Detection,REVIEW,Unusual thermal detection. Analyst verification required.
21.02554,82.02338,2024-12-13,N,367.0,10.92,0.0217850552215496,Unusual Thermal Detection,REVIEW,Unusual thermal detection. Analyst verification required.
15.33923,76.2155,2024-11-22,N20,330.48,6.37,0.0217117147776931,Unusual Thermal Detection,REVIEW,Unusual thermal detection. Analyst verification required.
21.10644,82.55067,2024-12-15,N20,350.81,10.89,0.0217095673337838,Unusual Thermal Detection,REVIEW,Unusual thermal detection. Analyst verification required.
21.74679,82.97054,2024-12-18,Aqua,308.94,35.41,0.021699998815671,Unusual Thermal Detection,REVIEW,Unusual thermal detection. Analyst verification required.
19.69027,82.32521,2025-01-10,N20,355.0,15.57,0.0216289312047021,Unusual Thermal Detection,REVIEW,Unusual thermal detection. Analyst verification required.
32.73481,76.06814,2024-12-16,N,299.09,3.21,0.0216127634903307,Unusual Thermal Detection,REVIEW,Unusual thermal detection. Analyst verification required.
22.70601,77.30499,2024-11-16,N,351.98,10.72,0.0215970966235247,Unusual Thermal Detection,REVIEW,Unusual thermal detection. Analyst verification required.
29.39637,73.94969,2024-11-16,N,354.84,28.05,0.0215758982654363,Unusual Thermal Detection,REVIEW,Unusual thermal detection. Analyst verification required.
20.96966,86.01839,2024-12-31,N20,347.08,9.97,0.0215561742723229,Unusual Thermal Detection,REVIEW,Unusual thermal detection. Analyst verification required.
13.89273,76.48344,2025-01-03,N20,329.08,10.61,0.021533873096926,Unusual Thermal Detection,REVIEW,Unusual thermal detection. Analyst verification required.
33.60632,75.77267,2024-12-16,N,315.99,6.95,0.021520032913846,Unusual Thermal Detection,REVIEW,Unusual thermal detection. Analyst verification required.
30.13477,75.72113,2024-11-11,N20,334.01,8.69,0.0214618413912697,Unusual Thermal Detection,REVIEW,Unusual thermal detection. Analyst verification required.
31.31906,75.26161,2024-11-01,N20,367.0,15.3,0.0213712992507842,Unusual Thermal Detection,REVIEW,Unusual thermal detection. Analyst verification required.
27.89815,96.7758,2024-11-10,N,333.98,8.16,0.0213687702161134,Unusual Thermal Detection,REVIEW,Unusual thermal detection. Analyst verification required.
21.10448,82.25064,2024-12-13,N,351.64,12.93,0.0213566735183794,Unusual Thermal Detection,REVIEW,Unusual thermal detection. Analyst verification required.
25.85168,79.35579,2024-11-16,N,367.0,13.59,0.0213513280185951,Unusual Thermal Detection,REVIEW,Unusual thermal detection. Analyst verification required.
19.36076,76.08716,2025-01-08,N,334.74,10.62,0.0213444378607132,Unusual Thermal Detection,REVIEW,Unusual thermal detection. Analyst verification required.
23.6683,86.91787,2025-01-01,N20,305.83,2.12,0.0213071416467416,Unusual Thermal Detection,REVIEW,Unusual thermal detection. Analyst verification required.
22.00539,82.67232,2024-11-27,N,297.69,1.39,0.0212643248786652,Unusual Thermal Detection,REVIEW,Unusual thermal detection. Analyst verification required.
22.056,88.12138,2024-12-14,N,299.04,2.35,0.0212530554569451,Unusual Thermal Detection,REVIEW,Unusual thermal detection. Analyst verification required.
30.04075,74.58382,2024-12-04,N20,345.91,35.44,0.0212407002938125,Unusual Thermal Detection,REVIEW,Unusual thermal detection. Analyst verification required.
27.45912,95.47749,2024-12-11,N,297.35,1.02,0.021232348948145,Unusual Thermal Detection,REVIEW,Unusual thermal detection. Analyst verification required.
21.10751,72.64739,2024-12-13,N20,331.02,12.81,0.0212308256175922,Unusual Thermal Detection,REVIEW,Unusual thermal detection. Analyst verification required.
28.082,95.54592,2024-12-09,N20,350.33,32.47,0.0212164217877839,Unusual Thermal Detection,REVIEW,Unusual thermal detection. Analyst verification required.
30.37894,73.91059,2024-11-19,Aqua,307.35,31.22,0.0212159078138199,Unusual Thermal Detection,REVIEW,Unusual thermal detection. Analyst verification required.
22.72561,78.01104,2024-11-10,N,346.79,11.99,0.0211888768400915,Unusual Thermal Detection,REVIEW,Unusual thermal detection. Analyst verification required.
33.96689,73.58045,2024-12-18,N20,296.08,1.48,0.0211869453773561,Unusual Thermal Detection,REVIEW,Unusual thermal detection. Analyst verification required.
23.34499,79.73994,2024-11-20,N20,343.37,35.51,0.0211789052496342,Unusual Thermal Detection,REVIEW,Unusual thermal detection. Analyst verification required.
18.33883,74.94205,2025-01-04,N20,318.71,4.03,0.0211494521590908,Unusual Thermal Detection,REVIEW,Unusual thermal detection. Analyst verification required.
21.19027,81.38951,2024-12-14,N20,301.07,2.76,0.0211402044703999,Unusual Thermal Detection,REVIEW,Unusual thermal detection. Analyst verification required.
18.34119,74.94057,2025-01-04,N20,314.31,2.62,0.0211135371240963,Unusual Thermal Detection,REVIEW,Unusual thermal detection. Analyst verification required.
33.65335,75.75526,2024-11-10,N20,299.63,1.99,0.02110960298183,Unusual Thermal Detection,REVIEW,Unusual thermal detection. Analyst verification required.
26.024,79.36662,2024-11-01,N20,367.0,15.76,0.0210600137299855,Unusual Thermal Detection,REVIEW,Unusual thermal detection. Analyst verification required.
18.00155,78.16922,2024-11-16,N,333.84,6.92,0.0210135462200002,Unusual Thermal Detection,REVIEW,Unusual thermal detection. Analyst verification required.
20.84935,81.86166,2025-01-04,N,335.25,10.18,0.0209595839322606,Unusual Thermal Detection,REVIEW,Unusual thermal detection. Analyst verification required.
24.45004,83.03304,2024-12-31,N20,295.04,1.0,0.0209003810997839,Unusual Thermal Detection,REVIEW,Unusual thermal detection. Analyst verification required.
30.08567,75.40156,2024-11-23,N20,351.31,28.09,0.0208902883439747,Unusual Thermal Detection,REVIEW,Unusual thermal detection. Analyst verification required.
30.64485,74.48095,2024-11-18,N20,346.25,42.24,0.0208486842020977,Unusual Thermal Detection,REVIEW,Unusual thermal detection. Analyst verification required.
26.64163,79.48015,2024-12-08,N20,296.49,2.79,0.0208381014075343,Unusual Thermal Detection,REVIEW,Unusual thermal detection. Analyst verification required.
26.60969,95.00294,2025-01-03,N20,353.97,10.24,0.020791060085083,Unusual Thermal Detection,REVIEW,Unusual thermal detection. Analyst verification required.
24.16158,82.66531,2024-12-31,N20,296.13,1.55,0.0207697041472787,Unusual Thermal Detection,REVIEW,Unusual thermal detection. Analyst verification required.
33.3039,76.00011,2024-11-06,N20,317.78,4.84,0.020761196072375,Unusual Thermal Detection,REVIEW,Unusual thermal detection. Analyst verification required.
21.79944,84.16698,2025-01-03,N20,345.59,36.51,0.020750144487969,Unusual Thermal Detection,REVIEW,Unusual thermal detection. Analyst verification required.
25.53974,76.73928,2024-11-04,N20,345.64,38.57,0.020750144487969,Unusual Thermal Detection,REVIEW,Unusual thermal detection. Analyst verification required.
23.69522,87.11961,2024-12-15,N20,299.11,1.96,0.0206855260475569,Unusual Thermal Detection,REVIEW,Unusual thermal detection. Analyst verification required.
30.02113,75.76771,2024-11-15,N,342.3,8.64,0.0206464347271281,Unusual Thermal Detection,REVIEW,Unusual thermal detection. Analyst verification required.
25.43887,76.81459,2024-11-03,N20,342.77,44.99,0.0206458623705005,Unusual Thermal Detection,REVIEW,Unusual thermal detection. Analyst verification required.
28.08791,80.70372,2024-11-26,N,296.5,0.82,0.0205708222423133,Unusual Thermal Detection,REVIEW,Unusual thermal detection. Analyst verification required.
28.12107,95.55053,2024-12-27,N,367.0,17.29,0.0205644544557008,Unusual Thermal Detection,REVIEW,Unusual thermal detection. Analyst verification required.
29.27913,76.79773,2024-12-03,N20,297.37,1.58,0.0205563124583246,Unusual Thermal Detection,REVIEW,Unusual thermal detection. Analyst verification required.
25.56435,76.70808,2024-11-10,N,355.47,17.69,0.0205420285637717,Unusual Thermal Detection,REVIEW,Unusual thermal detection. Analyst verification required.
31.05962,78.06754,2024-12-03,N20,325.15,13.49,0.0204999398993754,Unusual Thermal Detection,REVIEW,Unusual thermal detection. Analyst verification required.
16.2647,80.74132,2024-11-23,N20,338.5,9.56,0.0204421246750413,Unusual Thermal Detection,REVIEW,Unusual thermal detection. Analyst verification required.
33.70328,75.72329,2024-12-19,N20,349.74,49.13,0.020439424683764,Unusual Thermal Detection,REVIEW,Unusual thermal detection. Analyst verification required.
22.79331,70.91716,2024-11-20,N,313.05,2.77,0.0203997431637331,Unusual Thermal Detection,REVIEW,Unusual thermal detection. Analyst verification required.
21.37851,81.64429,2024-11-16,N,300.12,2.6,0.0203961765085665,Unusual Thermal Detection,REVIEW,Unusual thermal detection. Analyst verification required.
21.95272,86.8365,2025-01-01,N20,343.37,9.03,0.0203811077045322,Unusual Thermal Detection,REVIEW,Unusual thermal detection. Analyst verification required.
21.78058,83.83182,2024-12-20,N20,297.1,2.62,0.0203750019487014,Unusual Thermal Detection,REVIEW,Unusual thermal detection. Analyst verification required.
22.02973,83.36156,2024-12-14,N,297.48,1.76,0.0203628346536499,Unusual Thermal Detection,REVIEW,Unusual thermal detection. Analyst verification required.
30.10815,75.95984,2024-11-15,N,339.93,8.23,0.0203427209038499,Unusual Thermal Detection,REVIEW,Unusual thermal detection. Analyst verification required.
27.469,95.41889,2024-12-27,N,296.66,1.0,0.0203290735117587,Unusual Thermal Detection,REVIEW,Unusual thermal detection. Analyst verification required.
30.51294,74.31741,2024-11-22,N20,367.0,24.57,0.0203092408934036,Unusual Thermal Detection,REVIEW,Unusual thermal detection. Analyst verification required.
25.3937,76.87366,2024-11-04,N20,347.1,38.07,0.0203009233564249,Unusual Thermal Detection,REVIEW,Unusual thermal detection. Analyst verification required.
21.04845,82.25511,2024-12-17,N20,342.83,36.12,0.0202801870256618,Unusual Thermal Detection,REVIEW,Unusual thermal detection. Analyst verification required.
21.18755,81.38814,2024-12-14,N20,301.29,2.73,0.0202415385798466,Unusual Thermal Detection,REVIEW,Unusual thermal detection. Analyst verification required.
25.5128,76.59283,2024-11-11,N20,367.0,16.94,0.0201614562779627,Unusual Thermal Detection,REVIEW,Unusual thermal detection. Analyst verification required.
22.05331,88.1233,2024-11-13,N,311.17,2.59,0.0201565980935578,Unusual Thermal Detection,REVIEW,Unusual thermal detection. Analyst verification required.
19.80401,78.8623,2025-01-04,N20,295.9,1.27,0.0201511123605657,Unusual Thermal Detection,REVIEW,Unusual thermal detection. Analyst verification required.
25.53162,88.42352,2024-12-06,N20,341.8,9.9,0.0201409356463049,Unusual Thermal Detection,REVIEW,Unusual thermal detection. Analyst verification required.
20.96735,86.01197,2024-12-03,N,310.03,3.47,0.020102051293696,Unusual Thermal Detection,REVIEW,Unusual thermal detection. Analyst verification required.
27.65717,92.28774,2024-12-28,Aqua,365.4,127.24,0.0200996522550787,Unusual Thermal Detection,HIGH_REVIEW,Unusual thermal detection. Analyst verification required.
33.36831,75.17052,2024-11-22,N,328.67,7.41,0.0200347264192394,Unusual Thermal Detection,REVIEW,Unusual thermal detection. Analyst verification required.
22.37899,87.27413,2024-11-24,N20,301.87,1.79,0.0200341982863436,Unusual Thermal Detection,REVIEW,Unusual thermal detection. Analyst verification required.
21.10421,72.64032,2024-11-11,N20,341.07,13.78,0.0200173259506254,Unusual Thermal Detection,REVIEW,Unusual thermal detection. Analyst verification required.
23.75919,86.3986,2024-12-19,N,296.04,1.8,0.0199592637803719,Unusual Thermal Detection,REVIEW,Unusual thermal detection. Analyst verification required.
21.58948,69.65622,2025-01-07,N,367.0,20.58,0.0199238452999583,Unusual Thermal Detection,REVIEW,Unusual thermal detection. Analyst verification required.
15.4733,76.77554,2024-12-08,N20,332.85,11.05,0.0199038155400084,Unusual Thermal Detection,REVIEW,Unusual thermal detection. Analyst verification required.
23.6817,86.08637,2024-12-15,N20,295.31,2.84,0.0198893424687182,Unusual Thermal Detection,REVIEW,Unusual thermal detection. Analyst verification required.
21.10866,72.6418,2024-12-18,N20,367.0,14.39,0.0198604355690831,Unusual Thermal Detection,REVIEW,Unusual thermal detection. Analyst verification required.
22.99044,78.12099,2024-11-28,N20,295.9,0.84,0.0198202696362307,Unusual Thermal Detection,REVIEW,Unusual thermal detection. Analyst verification required.
22.0393,83.35054,2025-01-11,N20,298.29,1.82,0.0197874749993131,Unusual Thermal Detection,REVIEW,Unusual thermal detection. Analyst verification required.
18.58744,76.44228,2025-01-03,N,308.36,2.27,0.0197829080594396,Unusual Thermal Detection,REVIEW,Unusual thermal detection. Analyst verification required.
18.80527,78.20619,2024-11-15,N20,351.98,31.39,0.0197661984009944,Unusual Thermal Detection,REVIEW,Unusual thermal detection. Analyst verification required.
28.6189,94.39767,2024-12-17,N,367.0,17.05,0.0197619577042708,Unusual Thermal Detection,REVIEW,Unusual thermal detection. Analyst verification required.
21.20499,82.12019,2025-01-03,Aqua,349.74,91.8,0.0197504211971182,Unusual Thermal Detection,HIGH_REVIEW,Unusual thermal detection. Analyst verification required.
23.55907,87.08764,2024-12-03,N,298.32,2.44,0.0197273560979504,Unusual Thermal Detection,REVIEW,Unusual thermal detection. Analyst verification required.
30.64113,76.35169,2024-11-02,N,348.39,51.07,0.019717920214518,Unusual Thermal Detection,HIGH_REVIEW,Unusual thermal detection. Analyst verification required.
25.06501,76.20818,2024-11-05,N20,342.33,41.91,0.0196715688642165,Unusual Thermal Detection,REVIEW,Unusual thermal detection. Analyst verification required.
21.92347,83.35329,2024-12-13,N,312.49,2.85,0.0196431251425321,Unusual Thermal Detection,REVIEW,Unusual thermal detection. Analyst verification required.
21.69696,83.16661,2024-12-19,N20,367.0,25.54,0.0196225872983278,Unusual Thermal Detection,REVIEW,Unusual thermal detection. Analyst verification required.
23.7804,86.3445,2024-12-19,N,300.28,1.57,0.019525777533365,Unusual Thermal Detection,REVIEW,Unusual thermal detection. Analyst verification required.
32.95699,75.76998,2024-12-16,N,303.36,4.82,0.0195029754779356,Unusual Thermal Detection,REVIEW,Unusual thermal detection. Analyst verification required.
32.94994,75.77567,2024-12-16,N,300.33,2.48,0.0194870256371976,Unusual Thermal Detection,REVIEW,Unusual thermal detection. Analyst verification required.
23.69722,87.11214,2024-12-15,N20,299.18,1.33,0.0194833454431403,Unusual Thermal Detection,REVIEW,Unusual thermal detection. Analyst verification required.
24.1663,80.69133,2024-12-19,N20,298.0,1.27,0.0194344940378644,Unusual Thermal Detection,REVIEW,Unusual thermal detection. Analyst verification required.
20.97874,85.13363,2025-01-11,N20,295.22,1.36,0.0193803305340996,Unusual Thermal Detection,REVIEW,Unusual thermal detection. Analyst verification required.
30.15903,76.04005,2024-11-01,N,345.44,48.58,0.0193199105621539,Unusual Thermal Detection,REVIEW,Unusual thermal detection. Analyst verification required.
27.30928,83.70247,2024-11-18,N20,337.72,10.17,0.0193037314844106,Unusual Thermal Detection,REVIEW,Unusual thermal detection. Analyst verification required.
23.3817,79.97549,2024-11-21,N,329.95,8.29,0.0192698782007842,Unusual Thermal Detection,REVIEW,Unusual thermal detection. Analyst verification required.
23.6685,86.9189,2024-12-31,N20,311.04,2.02,0.0192508924729314,Unusual Thermal Detection,REVIEW,Unusual thermal detection. Analyst verification required.
24.17033,80.69059,2024-11-17,N20,298.03,1.15,0.0192327568738178,Unusual Thermal Detection,REVIEW,Unusual thermal detection. Analyst verification required.
25.30062,71.76477,2025-01-07,N,296.85,0.61,0.0192177086168408,Unusual Thermal Detection,REVIEW,Unusual thermal detection. Analyst verification required.
18.67127,77.8689,2024-11-10,N,353.92,15.39,0.0191825611128174,Unusual Thermal Detection,REVIEW,Unusual thermal detection. Analyst verification required.
27.31595,95.26528,2024-12-27,N,297.36,0.92,0.0191759470141756,Unusual Thermal Detection,REVIEW,Unusual thermal detection. Analyst verification required.
33.16741,75.89232,2024-12-16,N,297.28,2.01,0.0191663063260302,Unusual Thermal Detection,REVIEW,Unusual thermal detection. Analyst verification required.
25.82208,76.69456,2024-11-14,N,356.55,22.18,0.0190965653738777,Unusual Thermal Detection,REVIEW,Unusual thermal detection. Analyst verification required.
32.35772,76.44384,2024-12-22,N20,295.88,9.08,0.0190698418893962,Unusual Thermal Detection,REVIEW,Unusual thermal detection. Analyst verification required.
20.97058,86.0139,2024-11-24,N20,306.94,2.23,0.0190478290937171,Unusual Thermal Detection,REVIEW,Unusual thermal detection. Analyst verification required.
30.27124,76.16477,2024-11-01,N20,350.65,29.21,0.0190217118136185,Unusual Thermal Detection,REVIEW,Unusual thermal detection. Analyst verification required.
26.4067,77.83491,2024-11-02,N,348.87,42.23,0.0189994220075346,Unusual Thermal Detection,REVIEW,Unusual thermal detection. Analyst verification required.
23.38953,79.97492,2024-11-21,N,343.29,6.22,0.0189981594181789,Unusual Thermal Detection,REVIEW,Unusual thermal detection. Analyst verification required.
20.99389,81.96903,2024-12-12,N20,346.35,54.48,0.0189476104945586,Unusual Thermal Detection,HIGH_REVIEW,Unusual thermal detection. Analyst verification required.
15.92477,77.06018,2024-12-17,N,351.94,9.55,0.0189200943122828,Unusual Thermal Detection,REVIEW,Unusual thermal detection. Analyst verification required.
17.48019,75.55329,2024-12-19,N20,319.34,4.33,0.0189133888260965,Unusual Thermal Detection,REVIEW,Unusual thermal detection. Analyst verification required.
22.9556,77.54898,2024-11-16,N,353.29,12.65,0.0188959706020254,Unusual Thermal Detection,REVIEW,Unusual thermal detection. Analyst verification required.
26.67535,94.82371,2024-12-17,N20,346.76,12.34,0.0188689817260573,Unusual Thermal Detection,REVIEW,Unusual thermal detection. Analyst verification required.
30.76999,78.54961,2024-12-13,N,367.0,19.68,0.0188588596381639,Unusual Thermal Detection,REVIEW,Unusual thermal detection. Analyst verification required.
25.82293,76.65644,2024-11-14,N20,343.61,40.84,0.0188435649088956,Unusual Thermal Detection,REVIEW,Unusual thermal detection. Analyst verification required.
23.66697,84.99893,2025-01-10,N,299.18,1.59,0.0188415124073574,Unusual Thermal Detection,REVIEW,Unusual thermal detection. Analyst verification required.
21.60699,82.85287,2025-01-02,N20,343.1,43.56,0.018781227200754,Unusual Thermal Detection,REVIEW,Unusual thermal detection. Analyst verification required.
21.92923,85.22337,2025-01-10,N,296.68,0.86,0.0187672807297656,Unusual Thermal Detection,REVIEW,Unusual thermal detection. Analyst verification required.
23.79084,85.5499,2024-12-20,N20,300.57,2.02,0.0187436082963201,Unusual Thermal Detection,REVIEW,Unusual thermal detection. Analyst verification required.
22.78651,86.20052,2024-12-03,N,297.04,3.34,0.0187403235963121,Unusual Thermal Detection,REVIEW,Unusual thermal detection. Analyst verification required.
22.03593,83.35178,2024-11-12,N,301.27,2.59,0.0187277269561314,Unusual Thermal Detection,REVIEW,Unusual thermal detection. Analyst verification required.
28.83491,95.86809,2024-11-14,N,342.01,12.87,0.0187068236478112,Unusual Thermal Detection,REVIEW,Unusual thermal detection. Analyst verification required.
23.43669,69.23971,2024-12-22,N20,314.93,2.35,0.0186779933066476,Unusual Thermal Detection,REVIEW,Unusual thermal detection. Analyst verification required.
24.40368,80.84385,2024-11-28,N20,350.15,9.05,0.0186321737633565,Unusual Thermal Detection,REVIEW,Unusual thermal detection. Analyst verification required.
29.5938,74.42754,2024-11-27,N20,356.11,17.66,0.0185514399170205,Unusual Thermal Detection,REVIEW,Unusual thermal detection. Analyst verification required.
26.39445,95.01395,2025-01-03,N20,327.55,18.16,0.018536819041508,Unusual Thermal Detection,REVIEW,Unusual thermal detection. Analyst verification required.
22.38319,87.27861,2025-01-11,N20,296.53,1.4,0.0185265687187906,Unusual Thermal Detection,REVIEW,Unusual thermal detection. Analyst verification required.
23.75731,86.40427,2024-12-19,N,302.54,3.1,0.0185086846329676,Unusual Thermal Detection,REVIEW,Unusual thermal detection. Analyst verification required.
20.89071,84.97894,2024-12-05,N20,313.71,4.93,0.0184967257265868,Unusual Thermal Detection,REVIEW,Unusual thermal detection. Analyst verification required.
24.13337,82.57296,2024-12-02,N,298.11,0.9,0.0184857122110272,Unusual Thermal Detection,REVIEW,Unusual thermal detection. Analyst verification required.
29.86971,75.71997,2024-11-11,N20,339.41,7.98,0.0184850721968761,Unusual Thermal Detection,REVIEW,Unusual thermal detection. Analyst verification required.
21.37596,81.68381,2024-11-16,N,301.3,2.65,0.0184779605050218,Unusual Thermal Detection,REVIEW,Unusual thermal detection. Analyst verification required.
22.04011,83.35011,2024-12-30,N,305.43,3.52,0.0184424538135566,Unusual Thermal Detection,REVIEW,Unusual thermal detection. Analyst verification required.
31.39713,77.87617,2024-12-22,N,312.88,3.87,0.018434912762279,Unusual Thermal Detection,REVIEW,Unusual thermal detection. Analyst verification required.
21.37915,81.6442,2025-01-04,N,299.45,3.12,0.0184265916284337,Unusual Thermal Detection,REVIEW,Unusual thermal detection. Analyst verification required.
22.66256,77.65585,2024-11-07,N20,367.0,18.28,0.018414377723867,Unusual Thermal Detection,REVIEW,Unusual thermal detection. Analyst verification required.
17.51234,78.07402,2025-01-07,N,367.0,17.26,0.0184104842137274,Unusual Thermal Detection,REVIEW,Unusual thermal detection. Analyst verification required.
31.27742,77.2988,2025-01-08,N,298.06,2.86,0.0183615090052157,Unusual Thermal Detection,REVIEW,Unusual thermal detection. Analyst verification required.
22.35442,82.30524,2024-12-04,N20,367.0,20.54,0.018354060004501,Unusual Thermal Detection,REVIEW,Unusual thermal detection. Analyst verification required.
20.97054,86.00386,2024-11-17,N,300.83,2.87,0.0182957622107559,Unusual Thermal Detection,REVIEW,Unusual thermal detection. Analyst verification required.
33.50785,75.3397,2024-11-10,N,303.29,1.58,0.0182947005171556,Unusual Thermal Detection,REVIEW,Unusual thermal detection. Analyst verification required.
25.50416,76.75184,2024-11-12,N20,367.0,8.73,0.0182827182663564,Unusual Thermal Detection,REVIEW,Unusual thermal detection. Analyst verification required.
20.91113,71.45657,2024-12-12,N20,297.45,1.06,0.0182324147314302,Unusual Thermal Detection,REVIEW,Unusual thermal detection. Analyst verification required.
26.79903,71.99821,2025-01-04,Aqua,383.5,214.94,0.0182277781910885,Unusual Thermal Detection,HIGH_REVIEW,Unusual thermal detection. Analyst verification required.
29.5959,74.3347,2024-11-28,N20,367.0,19.87,0.0181967576032859,Unusual Thermal Detection,REVIEW,Unusual thermal detection. Analyst verification required.
16.44706,80.76521,2024-12-07,N,335.6,6.9,0.0181648305340107,Unusual Thermal Detection,REVIEW,Unusual thermal detection. Analyst verification required.
21.92297,83.35307,2024-11-28,N,299.16,2.19,0.0181405683362314,Unusual Thermal Detection,REVIEW,Unusual thermal detection. Analyst verification required.
21.68711,82.69318,2025-01-09,N,367.0,14.48,0.018117005657847,Unusual Thermal Detection,REVIEW,Unusual thermal detection. Analyst verification required.
21.88212,83.55299,2024-11-12,N,299.98,0.76,0.0180704882702775,Unusual Thermal Detection,REVIEW,Unusual thermal detection. Analyst verification required.
23.67175,84.99056,2024-12-10,N20,297.96,1.83,0.0180467069410544,Unusual Thermal Detection,REVIEW,Unusual thermal detection. Analyst verification required.
29.99417,75.85675,2024-11-04,N20,312.63,31.82,0.0180408716149598,Unusual Thermal Detection,REVIEW,Unusual thermal detection. Analyst verification required.
26.63512,94.97273,2025-01-06,N,356.48,16.1,0.0179849997910866,Unusual Thermal Detection,REVIEW,Unusual thermal detection. Analyst verification required.
23.69312,87.0965,2024-12-16,N20,298.67,3.16,0.0179784769747144,Unusual Thermal Detection,REVIEW,Unusual thermal detection. Analyst verification required.
21.0403,82.20695,2024-12-16,N,309.95,39.37,0.0179721200498286,Unusual Thermal Detection,REVIEW,Unusual thermal detection. Analyst verification required.
30.43818,73.97813,2024-11-22,N20,367.0,26.33,0.0179339904404114,Unusual Thermal Detection,REVIEW,Unusual thermal detection. Analyst verification required.
25.6808,77.26803,2025-01-10,N20,344.31,10.08,0.0178731980230965,Unusual Thermal Detection,REVIEW,Unusual thermal detection. Analyst verification required.
20.50757,81.32325,2024-12-14,N,356.15,27.15,0.017866566812531,Unusual Thermal Detection,REVIEW,Unusual thermal detection. Analyst verification required.
22.78554,86.19989,2025-01-04,N,297.41,5.28,0.0178484591791786,Unusual Thermal Detection,REVIEW,Unusual thermal detection. Analyst verification required.
33.50808,75.32748,2024-11-10,N,301.84,1.58,0.0178448969135146,Unusual Thermal Detection,REVIEW,Unusual thermal detection. Analyst verification required.
21.74862,82.96536,2024-12-18,Aqua,307.39,28.41,0.0178364261300215,Unusual Thermal Detection,REVIEW,Unusual thermal detection. Analyst verification required.
25.73441,78.90409,2024-11-26,Aqua,308.3,30.78,0.0178364261300215,Unusual Thermal Detection,REVIEW,Unusual thermal detection. Analyst verification required.
24.53339,77.29686,2024-11-06,N20,354.26,13.11,0.0178045869044195,Unusual Thermal Detection,REVIEW,Unusual thermal detection. Analyst verification required.
33.27863,75.50579,2024-12-13,N20,367.0,7.8,0.0177981170108018,Unusual Thermal Detection,REVIEW,Unusual thermal detection. Analyst verification required.
22.22217,84.75215,2024-12-04,N20,298.92,2.44,0.0177623063081299,Unusual Thermal Detection,REVIEW,Unusual thermal detection. Analyst verification required.
28.13125,96.68533,2024-11-09,N,367.0,11.78,0.0177621868143199,Unusual Thermal Detection,REVIEW,Unusual thermal detection. Analyst verification required.
21.18875,81.39036,2024-12-30,N20,300.2,2.4,0.0177610738605683,Unusual Thermal Detection,REVIEW,Unusual thermal detection. Analyst verification required.
16.46044,73.65594,2024-12-06,N,356.8,12.8,0.0177514487687977,Unusual Thermal Detection,REVIEW,Unusual thermal detection. Analyst verification required.
21.37992,81.67973,2024-11-01,N,300.88,1.28,0.0177387776459891,Unusual Thermal Detection,REVIEW,Unusual thermal detection. Analyst verification required.
26.5663,94.97072,2024-12-26,N20,294.39,31.48,0.0177364166272592,Unusual Thermal Detection,REVIEW,Unusual thermal detection. Analyst verification required.
21.07763,85.03808,2024-11-23,N,299.65,2.0,0.0177163116157664,Unusual Thermal Detection,REVIEW,Unusual thermal detection. Analyst verification required.
20.83269,81.93345,2024-12-16,Aqua,312.41,37.65,0.0177043648171507,Unusual Thermal Detection,REVIEW,Unusual thermal detection. Analyst verification required.
21.0351,82.18327,2024-12-14,N,367.0,19.37,0.0176854310610699,Unusual Thermal Detection,REVIEW,Unusual thermal detection. Analyst verification required.
33.60465,75.77795,2024-12-16,N,302.04,12.55,0.017673832270531,Unusual Thermal Detection,REVIEW,Unusual thermal detection. Analyst verification required.
21.77927,83.8275,2024-12-20,N20,296.62,2.06,0.017657847770894,Unusual Thermal Detection,REVIEW,Unusual thermal detection. Analyst verification required.
22.26497,75.12747,2025-01-03,N20,296.79,2.24,0.0176499771372703,Unusual Thermal Detection,REVIEW,Unusual thermal detection. Analyst verification required.
33.40343,75.81863,2024-12-20,Aqua,368.62,125.16,0.0176479712137827,Unusual Thermal Detection,HIGH_REVIEW,Unusual thermal detection. Analyst verification required.
20.94691,86.05389,2024-11-24,N20,295.92,1.6,0.0176008030217921,Unusual Thermal Detection,REVIEW,Unusual thermal detection. Analyst verification required.
22.00747,82.67279,2024-12-19,N,295.11,1.41,0.0175971753327702,Unusual Thermal Detection,REVIEW,Unusual thermal detection. Analyst verification required.
32.95373,75.78107,2024-12-16,N,307.88,4.75,0.0175485236768128,Unusual Thermal Detection,REVIEW,Unusual thermal detection. Analyst verification required.
30.04038,80.5946,2024-12-22,Aqua,359.06,86.42,0.017546000614692,Unusual Thermal Detection,HIGH_REVIEW,Unusual thermal detection. Analyst verification required.
21.92015,83.35155,2024-11-11,N,308.38,3.23,0.0175297843632646,Unusual Thermal Detection,REVIEW,Unusual thermal detection. Analyst verification required.
15.97484,75.14228,2024-12-08,N20,295.37,1.99,0.0175172468700892,Unusual Thermal Detection,REVIEW,Unusual thermal detection. Analyst verification required.
27.17498,81.97986,2025-01-10,N20,346.12,8.63,0.0175171708042284,Unusual Thermal Detection,REVIEW,Unusual thermal detection. Analyst verification required.
20.96573,86.00551,2024-12-15,N20,314.83,3.22,0.0174997017131406,Unusual Thermal Detection,REVIEW,Unusual thermal detection. Analyst verification required.
33.59969,75.76984,2024-12-16,N,353.15,12.49,0.0174952961112559,Unusual Thermal Detection,REVIEW,Unusual thermal detection. Analyst verification required.
30.06543,75.98716,2024-11-01,N20,367.0,19.27,0.0174856830016333,Unusual Thermal Detection,REVIEW,Unusual thermal detection. Analyst verification required.
18.06769,74.27559,2024-12-30,N,341.63,39.22,0.0174756612680307,Unusual Thermal Detection,REVIEW,Unusual thermal detection. Analyst verification required.
19.72335,79.17656,2025-01-08,N,297.55,1.66,0.0174280668925991,Unusual Thermal Detection,REVIEW,Unusual thermal detection. Analyst verification required.
18.26097,73.1636,2024-12-17,N,333.36,8.75,0.0174210505705549,Unusual Thermal Detection,REVIEW,Unusual thermal detection. Analyst verification required.
20.96526,81.97618,2024-12-13,N,367.0,21.52,0.0174182511831455,Unusual Thermal Detection,REVIEW,Unusual thermal detection. Analyst verification required.
29.5718,74.42693,2024-11-20,N,340.92,7.76,0.0174074338434998,Unusual Thermal Detection,REVIEW,Unusual thermal detection. Analyst verification required.
26.49768,78.25851,2024-11-21,N,350.67,16.17,0.0173827716347571,Unusual Thermal Detection,REVIEW,Unusual thermal detection. Analyst verification required.
21.1981,81.39677,2025-01-04,N,302.3,2.58,0.0173783505756666,Unusual Thermal Detection,REVIEW,Unusual thermal detection. Analyst verification required.
12.81266,77.58018,2024-12-28,N,349.42,11.95,0.0173103280809927,Unusual Thermal Detection,REVIEW,Unusual thermal detection. Analyst verification required.
26.64305,79.47572,2024-12-13,N,300.07,1.58,0.0173022128736559,Unusual Thermal Detection,REVIEW,Unusual thermal detection. Analyst verification required.
30.63425,79.80602,2024-11-28,N20,367.0,23.29,0.0172448502365925,Unusual Thermal Detection,REVIEW,Unusual thermal detection. Analyst verification required.
26.80661,95.30779,2024-12-19,Terra,421.03,429.44,0.0171952196829408,Unusual Thermal Detection,HIGH_REVIEW,Unusual thermal detection. Analyst verification required.
20.78423,81.86571,2024-12-16,Aqua,313.07,42.2,0.0171635044217989,Unusual Thermal Detection,REVIEW,Unusual thermal detection. Analyst verification required.
21.96517,82.74364,2025-01-03,N,367.0,21.78,0.0171047928043953,Unusual Thermal Detection,REVIEW,Unusual thermal detection. Analyst verification required.
19.93515,73.70601,2024-12-08,N20,301.26,1.28,0.017097889694311,Unusual Thermal Detection,REVIEW,Unusual thermal detection. Analyst verification required.
30.10809,75.95602,2024-11-15,N,339.35,6.37,0.0170950823497797,Unusual Thermal Detection,REVIEW,Unusual thermal detection. Analyst verification required.
23.56646,87.0811,2024-12-10,N20,295.85,1.24,0.017021123514591,Unusual Thermal Detection,REVIEW,Unusual thermal detection. Analyst verification required.
31.27098,77.28498,2025-01-08,N,297.96,2.35,0.0170128752050282,Unusual Thermal Detection,REVIEW,Unusual thermal detection. Analyst verification required.
21.66366,82.68267,2024-12-15,N,352.37,61.52,0.0169975412156823,Unusual Thermal Detection,HIGH_REVIEW,Unusual thermal detection. Analyst verification required.
32.41457,76.46756,2024-12-15,Aqua,306.03,45.8,0.0169902902733034,Unusual Thermal Detection,REVIEW,Unusual thermal detection. Analyst verification required.
31.41602,77.86326,2024-12-20,N20,330.53,14.08,0.016966760314482,Unusual Thermal Detection,REVIEW,Unusual thermal detection. Analyst verification required.
25.45663,76.53391,2024-11-10,N,367.0,10.21,0.0169588398459992,Unusual Thermal Detection,REVIEW,Unusual thermal detection. Analyst verification required.
25.30909,91.70808,2024-12-17,N20,367.0,9.81,0.0169411327431933,Unusual Thermal Detection,REVIEW,Unusual thermal detection. Analyst verification required.
31.11158,78.42188,2024-11-28,N20,351.63,25.67,0.0169266749301547,Unusual Thermal Detection,REVIEW,Unusual thermal detection. Analyst verification required.
23.766,86.40059,2024-12-19,N,298.65,2.72,0.0169197442120985,Unusual Thermal Detection,REVIEW,Unusual thermal detection. Analyst verification required.
23.16461,82.33653,2024-11-17,N,311.37,3.65,0.0169081775504743,Unusual Thermal Detection,REVIEW,Unusual thermal detection. Analyst verification required.
24.15936,82.66428,2024-12-15,N20,297.51,1.72,0.0169058062536943,Unusual Thermal Detection,REVIEW,Unusual thermal detection. Analyst verification required.
23.40854,72.4145,2024-12-01,N,298.41,0.75,0.0168935195992351,Unusual Thermal Detection,REVIEW,Unusual thermal detection. Analyst verification required.
23.18663,79.78297,2024-11-21,N,328.58,8.38,0.0168907792508637,Unusual Thermal Detection,REVIEW,Unusual thermal detection. Analyst verification required.
34.11461,74.04433,2024-12-18,N20,308.21,2.97,0.0168752914788988,Unusual Thermal Detection,REVIEW,Unusual thermal detection. Analyst verification required.
23.56065,87.23811,2025-01-10,N,367.0,14.49,0.0168613755399714,Unusual Thermal Detection,REVIEW,Unusual thermal detection. Analyst verification required.
23.7783,86.21147,2024-12-19,N,302.65,2.59,0.0167879328687281,Unusual Thermal Detection,REVIEW,Unusual thermal detection. Analyst verification required.
22.24692,87.38548,2024-12-10,N20,296.47,1.93,0.0167375160032039,Unusual Thermal Detection,REVIEW,Unusual thermal detection. Analyst verification required.
24.11905,86.34816,2024-12-15,N20,296.38,1.16,0.0167375160032039,Unusual Thermal Detection,REVIEW,Unusual thermal detection. Analyst verification required.
15.42521,76.64735,2024-11-26,N,339.51,9.0,0.0166688059271249,Unusual Thermal Detection,REVIEW,Unusual thermal detection. Analyst verification required.
25.81818,78.25889,2024-12-13,N,367.0,23.0,0.0166490532322015,Unusual Thermal Detection,REVIEW,Unusual thermal detection. Analyst verification required.
25.8669,76.65511,2024-11-19,N20,348.06,40.74,0.0166033943024459,Unusual Thermal Detection,REVIEW,Unusual thermal detection. Analyst verification required.
33.18687,75.62114,2024-12-16,N,295.64,1.16,0.0165981893938735,Unusual Thermal Detection,REVIEW,Unusual thermal detection. Analyst verification required.
32.1184,77.12228,2024-12-17,N,367.0,10.1,0.0165971965540211,Unusual Thermal Detection,REVIEW,Unusual thermal detection. Analyst verification required.
15.17065,76.37952,2024-11-10,N,303.49,2.21,0.0165617519920752,Unusual Thermal Detection,REVIEW,Unusual thermal detection. Analyst verification required.
28.74437,76.92641,2024-11-21,N,296.15,0.74,0.0165502368154175,Unusual Thermal Detection,REVIEW,Unusual thermal detection. Analyst verification required.
23.66978,84.99123,2024-12-10,N20,298.83,1.83,0.0165465708322863,Unusual Thermal Detection,REVIEW,Unusual thermal detection. Analyst verification required.
21.0831,85.03203,2024-12-05,N20,302.84,3.61,0.0164842737351801,Unusual Thermal Detection,REVIEW,Unusual thermal detection. Analyst verification required.
23.67071,86.92005,2024-12-15,N20,301.92,2.59,0.0164238680227979,Unusual Thermal Detection,REVIEW,Unusual thermal detection. Analyst verification required.
21.57193,82.30947,2025-01-09,N,367.0,13.01,0.0164145728729612,Unusual Thermal Detection,REVIEW,Unusual thermal detection. Analyst verification required.
22.49713,79.9614,2024-11-11,N,367.0,11.99,0.0164085491596494,Unusual Thermal Detection,REVIEW,Unusual thermal detection. Analyst verification required.
20.97078,86.01493,2024-12-15,N20,311.41,4.13,0.0164016574451317,Unusual Thermal Detection,REVIEW,Unusual thermal detection. Analyst verification required.
27.30567,83.65792,2024-11-18,Aqua,311.04,46.39,0.0163982089598259,Unusual Thermal Detection,REVIEW,Unusual thermal detection. Analyst verification required.
22.21131,84.86822,2024-11-24,N20,296.15,1.9,0.0163913865875395,Unusual Thermal Detection,REVIEW,Unusual thermal detection. Analyst verification required.
19.68989,78.01163,2024-12-29,N,299.26,0.81,0.0163909884328322,Unusual Thermal Detection,REVIEW,Unusual thermal detection. Analyst verification required.
31.09633,78.1657,2024-12-14,N,350.79,31.94,0.0163863634135207,Unusual Thermal Detection,REVIEW,Unusual thermal detection. Analyst verification required.
23.78018,86.34542,2024-12-19,N,301.18,1.71,0.0163777171757397,Unusual Thermal Detection,REVIEW,Unusual thermal detection. Analyst verification required.
22.56238,77.41618,2024-12-18,N,296.55,1.57,0.0163603563967612,Unusual Thermal Detection,REVIEW,Unusual thermal detection. Analyst verification required.
20.92872,81.90256,2024-12-14,N,349.23,21.84,0.0163484705985134,Unusual Thermal Detection,REVIEW,Unusual thermal detection. Analyst verification required.
22.35924,82.30006,2024-11-27,N,316.95,5.38,0.0163480393748952,Unusual Thermal Detection,REVIEW,Unusual thermal detection. Analyst verification required.
29.98041,75.71826,2024-11-11,N20,330.03,8.48,0.0163343899385161,Unusual Thermal Detection,REVIEW,Unusual thermal detection. Analyst verification required.
23.69366,87.09772,2024-11-24,N20,296.4,1.35,0.0163251655413997,Unusual Thermal Detection,REVIEW,Unusual thermal detection. Analyst verification required.
30.85666,75.46526,2024-12-14,N,331.33,90.54,0.016285493886286,Unusual Thermal Detection,HIGH_REVIEW,Unusual thermal detection. Analyst verification required.
22.02981,83.36572,2024-12-30,N,298.56,2.82,0.0162625800665989,Unusual Thermal Detection,REVIEW,Unusual thermal detection. Analyst verification required.
24.81111,93.66876,2025-01-07,N20,326.45,3.96,0.0162500532971646,Unusual Thermal Detection,REVIEW,Unusual thermal detection. Analyst verification required.
20.96436,86.01557,2025-01-04,N,300.43,2.35,0.0162069478075894,Unusual Thermal Detection,REVIEW,Unusual thermal detection. Analyst verification required.
33.96393,73.72078,2024-12-18,N20,323.1,4.56,0.0161788215177358,Unusual Thermal Detection,REVIEW,Unusual thermal detection. Analyst verification required.
17.6127,83.201,2024-12-04,N20,301.1,1.53,0.0161680483434396,Unusual Thermal Detection,REVIEW,Unusual thermal detection. Analyst verification required.
21.92537,83.34342,2024-11-08,N20,307.16,3.77,0.0161461448796179,Unusual Thermal Detection,REVIEW,Unusual thermal detection. Analyst verification required.
22.22712,84.75534,2024-12-04,N20,296.91,1.7,0.0161357195373261,Unusual Thermal Detection,REVIEW,Unusual thermal detection. Analyst verification required.
24.64792,93.70307,2024-12-23,N20,367.0,26.19,0.0161292927229508,Unusual Thermal Detection,REVIEW,Unusual thermal detection. Analyst verification required.
23.77717,86.20766,2024-12-03,N,331.86,8.47,0.0160992872247731,Unusual Thermal Detection,REVIEW,Unusual thermal detection. Analyst verification required.
23.56143,87.07671,2024-12-16,N20,298.4,1.06,0.0160845753828271,Unusual Thermal Detection,REVIEW,Unusual thermal detection. Analyst verification required.
33.22624,75.1622,2024-12-13,N20,335.37,6.47,0.0160750834830052,Unusual Thermal Detection,REVIEW,Unusual thermal detection. Analyst verification required.
28.01145,96.65292,2024-11-11,N20,367.0,25.54,0.0160563272095365,Unusual Thermal Detection,REVIEW,Unusual thermal detection. Analyst verification required.
20.94015,86.06024,2024-12-03,N,299.02,2.1,0.0160354651806344,Unusual Thermal Detection,REVIEW,Unusual thermal detection. Analyst verification required.
22.36571,87.29852,2024-11-24,N20,301.26,1.71,0.0160259849881623,Unusual Thermal Detection,REVIEW,Unusual thermal detection. Analyst verification required.
33.25638,75.45067,2024-12-13,N20,317.59,4.15,0.0160139355165782,Unusual Thermal Detection,REVIEW,Unusual thermal detection. Analyst verification required.
26.91149,95.47095,2025-01-02,N20,334.14,52.98,0.0159963673132335,Unusual Thermal Detection,HIGH_REVIEW,Unusual thermal detection. Analyst verification required.
21.76082,84.01825,2024-12-20,N20,296.93,2.73,0.0159788734331172,Unusual Thermal Detection,REVIEW,Unusual thermal detection. Analyst verification required.
16.47326,76.68822,2024-11-26,N,351.49,13.48,0.0159638257607621,Unusual Thermal Detection,REVIEW,Unusual thermal detection. Analyst verification required.
25.81169,76.69044,2024-11-16,N,346.99,19.7,0.0159585639407904,Unusual Thermal Detection,REVIEW,Unusual thermal detection. Analyst verification required.
25.56474,76.71483,2024-11-10,N,340.74,23.09,0.0159286204659563,Unusual Thermal Detection,REVIEW,Unusual thermal detection. Analyst verification required.
22.03648,83.34768,2024-11-12,N,300.05,1.39,0.0159263254858262,Unusual Thermal Detection,REVIEW,Unusual thermal detection. Analyst verification required.
17.78877,75.8656,2024-11-16,N20,329.42,4.29,0.0158961760688743,Unusual Thermal Detection,REVIEW,Unusual thermal detection. Analyst verification required.
23.6942,87.1068,2024-11-17,N,301.81,2.82,0.0158658359927633,Unusual Thermal Detection,REVIEW,Unusual thermal detection. Analyst verification required.
31.0036,75.2514,2024-11-11,N20,337.86,9.13,0.0158571098324376,Unusual Thermal Detection,REVIEW,Unusual thermal detection. Analyst verification required.
16.20594,75.73675,2024-12-19,N20,319.86,3.25,0.0158475175182409,Unusual Thermal Detection,REVIEW,Unusual thermal detection. Analyst verification required.
16.20774,75.73654,2024-12-19,N20,315.03,2.32,0.015785357412244,Unusual Thermal Detection,REVIEW,Unusual thermal detection. Analyst verification required.
29.84363,75.95501,2024-11-15,N,338.06,7.4,0.0157795336716438,Unusual Thermal Detection,REVIEW,Unusual thermal detection. Analyst verification required.
21.10793,72.64424,2024-12-01,N,336.9,10.42,0.015779332159556,Unusual Thermal Detection,REVIEW,Unusual thermal detection. Analyst verification required.
33.23222,75.10671,2024-12-13,N20,300.85,1.54,0.0157675815538518,Unusual Thermal Detection,REVIEW,Unusual thermal detection. Analyst verification required.
16.57193,80.69963,2024-12-16,N20,341.97,40.66,0.0157475438620331,Unusual Thermal Detection,REVIEW,Unusual thermal detection. Analyst verification required.
16.40879,75.97919,2024-11-16,N20,335.36,6.24,0.0157448625399035,Unusual Thermal Detection,REVIEW,Unusual thermal detection. Analyst verification required.
20.77328,81.86079,2024-12-16,Aqua,312.54,41.73,0.0157214121019023,Unusual Thermal Detection,REVIEW,Unusual thermal detection. Analyst verification required.
26.65025,94.80313,2024-12-26,N,343.09,33.21,0.0157120857390921,Unusual Thermal Detection,REVIEW,Unusual thermal detection. Analyst verification required.
19.93453,73.7129,2024-11-26,N,321.45,2.95,0.0157043874893402,Unusual Thermal Detection,REVIEW,Unusual thermal detection. Analyst verification required.
23.56572,87.07902,2024-12-16,N20,299.93,2.3,0.0156773953390411,Unusual Thermal Detection,REVIEW,Unusual thermal detection. Analyst verification required.
23.69525,87.11018,2024-12-03,N,299.22,2.51,0.0156738436680827,Unusual Thermal Detection,REVIEW,Unusual thermal detection. Analyst verification required.
33.9708,73.71767,2024-12-18,N20,298.86,0.98,0.0156661206382603,Unusual Thermal Detection,REVIEW,Unusual thermal detection. Analyst verification required.
15.47363,76.54866,2024-12-17,N,349.63,15.14,0.0156374486545172,Unusual Thermal Detection,REVIEW,Unusual thermal detection. Analyst verification required.
21.9173,83.35328,2024-12-13,N,298.24,1.44,0.0156257146864456,Unusual Thermal Detection,REVIEW,Unusual thermal detection. Analyst verification required.
19.93735,73.7067,2024-12-08,N20,302.29,1.05,0.0156207909254025,Unusual Thermal Detection,REVIEW,Unusual thermal detection. Analyst verification required.
24.24425,71.19556,2025-01-07,N,367.0,10.44,0.0156130502385954,Unusual Thermal Detection,REVIEW,Unusual thermal detection. Analyst verification required.
15.96137,75.74133,2025-01-09,N20,296.29,0.72,0.0156108291668748,Unusual Thermal Detection,REVIEW,Unusual thermal detection. Analyst verification required.
26.82974,95.03095,2025-01-07,N20,327.08,39.95,0.0155978305569212,Unusual Thermal Detection,REVIEW,Unusual thermal detection. Analyst verification required.
24.54074,71.24686,2024-11-08,Aqua,349.18,63.24,0.0155318687668125,Unusual Thermal Detection,HIGH_REVIEW,Unusual thermal detection. Analyst verification required.
27.7327,71.31728,2025-01-02,N20,296.89,1.53,0.0154991423216076,Unusual Thermal Detection,REVIEW,Unusual thermal detection. Analyst verification required.
25.37694,76.97293,2024-11-03,N20,346.89,30.65,0.0154956550420208,Unusual Thermal Detection,REVIEW,Unusual thermal detection. Analyst verification required.
22.03148,83.35993,2024-12-14,N,298.43,2.22,0.0154942586712865,Unusual Thermal Detection,REVIEW,Unusual thermal detection. Analyst verification required.
22.35393,82.29506,2024-12-19,N,305.7,2.76,0.0154688385443415,Unusual Thermal Detection,REVIEW,Unusual thermal detection. Analyst verification required.
30.47707,79.28305,2024-12-14,N20,299.09,1.99,0.0154447143119896,Unusual Thermal Detection,REVIEW,Unusual thermal detection. Analyst verification required.
23.68527,86.09429,2024-12-09,N,296.69,2.52,0.0154402340897886,Unusual Thermal Detection,REVIEW,Unusual thermal detection. Analyst verification required.
18.80783,74.25643,2024-12-12,N,296.12,2.02,0.0154251535151128,Unusual Thermal Detection,REVIEW,Unusual thermal detection. Analyst verification required.
29.19579,77.59011,2024-12-20,N20,340.57,6.84,0.0154142145531609,Unusual Thermal Detection,REVIEW,Unusual thermal detection. Analyst verification required.
21.75915,83.83608,2024-11-29,N20,301.12,1.98,0.0153857332312727,Unusual Thermal Detection,REVIEW,Unusual thermal detection. Analyst verification required.
23.29113,79.74192,2024-12-03,N20,332.1,8.05,0.0153760969610909,Unusual Thermal Detection,REVIEW,Unusual thermal detection. Analyst verification required.
21.75918,83.83234,2024-12-10,N20,297.71,1.65,0.015349050707727,Unusual Thermal Detection,REVIEW,Unusual thermal detection. Analyst verification required.
23.16545,82.33535,2024-12-15,N20,310.93,4.37,0.0153179912761832,Unusual Thermal Detection,REVIEW,Unusual thermal detection. Analyst verification required.
21.07166,82.19442,2024-12-13,N20,351.08,36.73,0.0152820569481012,Unusual Thermal Detection,REVIEW,Unusual thermal detection. Analyst verification required.
22.81542,86.0801,2024-12-15,N20,296.25,1.9,0.0152668586320424,Unusual Thermal Detection,REVIEW,Unusual thermal detection. Analyst verification required.
21.98545,83.23317,2024-12-29,N,298.67,0.95,0.0152543501239706,Unusual Thermal Detection,REVIEW,Unusual thermal detection. Analyst verification required.
21.92093,83.34649,2025-01-11,N20,310.55,3.89,0.0152542322436262,Unusual Thermal Detection,REVIEW,Unusual thermal detection. Analyst verification required.
31.00456,75.20882,2024-11-21,N,367.0,22.34,0.015246202402019,Unusual Thermal Detection,REVIEW,Unusual thermal detection. Analyst verification required.
16.41274,76.19064,2024-11-22,N20,297.01,1.0,0.0152437232099476,Unusual Thermal Detection,REVIEW,Unusual thermal detection. Analyst verification required.
19.72564,79.17172,2025-01-04,N20,298.56,1.63,0.0152383054272441,Unusual Thermal Detection,REVIEW,Unusual thermal detection. Analyst verification required.
22.21459,84.86032,2024-12-04,N20,298.29,1.66,0.0152383054272441,Unusual Thermal Detection,REVIEW,Unusual thermal detection. Analyst verification required.
22.38052,87.27684,2024-11-24,N20,307.05,2.56,0.0152301162319721,Unusual Thermal Detection,REVIEW,Unusual thermal detection. Analyst verification required.
30.27628,77.0996,2024-11-25,N,298.1,1.21,0.0152200275129854,Unusual Thermal Detection,REVIEW,Unusual thermal detection. Analyst verification required.
23.61502,86.78674,2024-11-18,N,299.97,1.77,0.0151309141232888,Unusual Thermal Detection,REVIEW,Unusual thermal detection. Analyst verification required.
17.83842,79.93319,2024-12-19,N20,329.9,5.76,0.0150675793325641,Unusual Thermal Detection,REVIEW,Unusual thermal detection. Analyst verification required.
18.60904,73.95469,2025-01-12,N,331.4,6.91,0.0150519399078504,Unusual Thermal Detection,REVIEW,Unusual thermal detection. Analyst verification required.
34.09813,74.6613,2024-11-27,N20,335.27,9.25,0.0150497305831582,Unusual Thermal Detection,REVIEW,Unusual thermal detection. Analyst verification required.
21.65403,84.12555,2025-01-05,N20,352.67,13.84,0.0150039140086053,Unusual Thermal Detection,REVIEW,Unusual thermal detection. Analyst verification required.
25.48701,76.75199,2024-11-02,N20,348.89,80.69,0.0149861468098762,Unusual Thermal Detection,HIGH_REVIEW,Unusual thermal detection. Analyst verification required.
31.14615,74.82424,2024-11-02,N,340.35,38.91,0.01496800946609,Unusual Thermal Detection,REVIEW,Unusual thermal detection. Analyst verification required.
29.98537,80.53255,2024-12-13,N,306.11,2.63,0.0149666526449403,Unusual Thermal Detection,REVIEW,Unusual thermal detection. Analyst verification required.
21.92398,83.33711,2024-11-28,N,301.69,2.56,0.0149492420636634,Unusual Thermal Detection,REVIEW,Unusual thermal detection. Analyst verification required.
29.60499,76.5794,2024-11-01,N20,332.62,5.47,0.0149404680335296,Unusual Thermal Detection,REVIEW,Unusual thermal detection. Analyst verification required.
30.03936,80.57361,2024-12-13,N,299.27,2.47,0.0149304631952358,Unusual Thermal Detection,REVIEW,Unusual thermal detection. Analyst verification required.
33.60904,75.77666,2024-12-17,N20,314.3,39.58,0.0149282892228476,Unusual Thermal Detection,REVIEW,Unusual thermal detection. Analyst verification required.
33.59897,75.77942,2024-12-16,N,312.25,12.49,0.0149240362586409,Unusual Thermal Detection,REVIEW,Unusual thermal detection. Analyst verification required.
23.69628,87.11143,2024-12-16,N20,299.02,2.91,0.0149194715727805,Unusual Thermal Detection,REVIEW,Unusual thermal detection. Analyst verification required.
20.8916,84.97884,2024-11-19,N20,305.04,4.06,0.0149151085977784,Unusual Thermal Detection,REVIEW,Unusual thermal detection. Analyst verification required.
20.96508,85.16854,2024-11-23,N,298.58,2.41,0.014915008135095,Unusual Thermal Detection,REVIEW,Unusual thermal detection. Analyst verification required.
27.178,81.97865,2025-01-10,N20,346.29,7.8,0.0148394951294658,Unusual Thermal Detection,REVIEW,Unusual thermal detection. Analyst verification required.
29.54423,74.51589,2024-11-14,Aqua,311.21,37.69,0.0148327856264145,Unusual Thermal Detection,REVIEW,Unusual thermal detection. Analyst verification required.
21.38843,81.64337,2025-01-04,N,299.56,3.1,0.0148253651739207,Unusual Thermal Detection,REVIEW,Unusual thermal detection. Analyst verification required.
31.0805,78.22115,2024-12-15,N,345.23,60.21,0.0148206315119522,Unusual Thermal Detection,HIGH_REVIEW,Unusual thermal detection. Analyst verification required.
32.36253,76.4534,2024-12-22,N,311.23,19.17,0.0148195621464362,Unusual Thermal Detection,REVIEW,Unusual thermal detection. Analyst verification required.
27.01279,95.46586,2024-12-23,N,299.08,87.69,0.0148174467221913,Unusual Thermal Detection,HIGH_REVIEW,Unusual thermal detection. Analyst verification required.
33.00783,74.97635,2024-12-25,N20,329.47,8.86,0.0147730931373422,Unusual Thermal Detection,REVIEW,Unusual thermal detection. Analyst verification required.
31.11396,78.42145,2024-11-28,N,367.0,27.54,0.0147525691186176,Unusual Thermal Detection,REVIEW,Unusual thermal detection. Analyst verification required.
22.05247,88.12564,2024-11-13,N,308.49,2.27,0.0147476935942743,Unusual Thermal Detection,REVIEW,Unusual thermal detection. Analyst verification required.
23.3718,79.97498,2024-11-27,N,367.0,15.28,0.0147376773798564,Unusual Thermal Detection,REVIEW,Unusual thermal detection. Analyst verification required.
16.03563,76.82182,2024-11-28,N20,367.0,11.63,0.0147219319284456,Unusual Thermal Detection,REVIEW,Unusual thermal detection. Analyst verification required.
23.3154,79.9736,2024-11-21,N,341.05,7.68,0.0147167661027761,Unusual Thermal Detection,REVIEW,Unusual thermal detection. Analyst verification required.
25.99343,90.062,2025-01-06,N,367.0,22.64,0.0146757596936444,Unusual Thermal Detection,REVIEW,Unusual thermal detection. Analyst verification required.
26.66945,94.90753,2024-12-30,N20,341.78,34.85,0.014665326972281,Unusual Thermal Detection,REVIEW,Unusual thermal detection. Analyst verification required.
25.75649,81.75179,2024-11-18,N20,367.0,22.36,0.0146651120876765,Unusual Thermal Detection,REVIEW,Unusual thermal detection. Analyst verification required.
22.1285,72.75868,2024-12-13,N20,301.69,0.77,0.014661232324638,Unusual Thermal Detection,REVIEW,Unusual thermal detection. Analyst verification required.
31.10157,77.5248,2024-11-01,N20,353.77,14.71,0.0146586192817722,Unusual Thermal Detection,REVIEW,Unusual thermal detection. Analyst verification required.
33.20959,75.44553,2024-12-13,N20,310.77,2.89,0.0146453083228322,Unusual Thermal Detection,REVIEW,Unusual thermal detection. Analyst verification required.
22.04226,83.35194,2024-12-29,N,298.97,2.06,0.0146392402489449,Unusual Thermal Detection,REVIEW,Unusual thermal detection. Analyst verification required.
31.40128,77.87381,2024-12-22,N,320.01,4.95,0.0146222870808223,Unusual Thermal Detection,REVIEW,Unusual thermal detection. Analyst verification required.
22.04183,83.73399,2024-12-06,N20,349.72,27.02,0.0146152481984846,Unusual Thermal Detection,REVIEW,Unusual thermal detection. Analyst verification required.
29.6003,74.39207,2024-11-20,N,335.2,8.71,0.0146133681290563,Unusual Thermal Detection,REVIEW,Unusual thermal detection. Analyst verification required.
23.43523,69.24067,2024-12-22,N20,308.53,2.3,0.0146059229004007,Unusual Thermal Detection,REVIEW,Unusual thermal detection. Analyst verification required.
23.27922,79.98356,2024-11-21,N,341.4,6.31,0.0145754171952267,Unusual Thermal Detection,REVIEW,Unusual thermal detection. Analyst verification required.
23.62034,86.77716,2024-11-29,N20,300.72,3.17,0.0145559813305159,Unusual Thermal Detection,REVIEW,Unusual thermal detection. Analyst verification required.
21.07751,85.02901,2024-11-19,N20,300.48,3.43,0.0145481957128386,Unusual Thermal Detection,REVIEW,Unusual thermal detection. Analyst verification required.
21.37799,81.68083,2024-12-03,N,306.48,2.84,0.0144830562248214,Unusual Thermal Detection,REVIEW,Unusual thermal detection. Analyst verification required.
23.77844,86.35903,2024-12-15,N20,295.96,1.99,0.0144790750475689,Unusual Thermal Detection,REVIEW,Unusual thermal detection. Analyst verification required.
23.1683,82.34063,2024-11-16,N,310.12,2.7,0.0144711168939013,Unusual Thermal Detection,REVIEW,Unusual thermal detection. Analyst verification required.
22.36217,82.30055,2024-11-27,N,319.55,6.08,0.0144502855436086,Unusual Thermal Detection,REVIEW,Unusual thermal detection. Analyst verification required.
18.07455,74.22318,2024-11-21,N20,335.88,10.37,0.0144223352035074,Unusual Thermal Detection,REVIEW,Unusual thermal detection. Analyst verification required.
21.98716,83.23036,2024-12-14,N,298.32,0.97,0.0144126692834734,Unusual Thermal Detection,REVIEW,Unusual thermal detection. Analyst verification required.
20.72993,70.73771,2025-01-07,N,343.01,7.6,0.014408021541468,Unusual Thermal Detection,REVIEW,Unusual thermal detection. Analyst verification required.
22.73859,78.03011,2024-11-12,N20,367.0,10.6,0.0144068262182769,Unusual Thermal Detection,REVIEW,Unusual thermal detection. Analyst verification required.
33.72331,73.96232,2024-11-20,N,338.24,5.96,0.0144020822171507,Unusual Thermal Detection,REVIEW,Unusual thermal detection. Analyst verification required.
28.46847,80.5153,2024-12-14,N20,343.02,6.84,0.014395753213712,Unusual Thermal Detection,REVIEW,Unusual thermal detection. Analyst verification required.
28.10458,95.28191,2024-12-27,N,309.39,1.66,0.0143763342839972,Unusual Thermal Detection,REVIEW,Unusual thermal detection. Analyst verification required.
23.25017,79.74248,2024-11-17,N20,344.22,7.05,0.0143417780365535,Unusual Thermal Detection,REVIEW,Unusual thermal detection. Analyst verification required.
26.83345,95.00735,2024-12-16,N20,338.5,42.98,0.0143227185675296,Unusual Thermal Detection,REVIEW,Unusual thermal detection. Analyst verification required.
21.9291,83.33622,2024-12-14,N,298.37,2.51,0.0143200751983663,Unusual Thermal Detection,REVIEW,Unusual thermal detection. Analyst verification required.
23.1683,82.3337,2024-12-31,N20,315.02,3.98,0.0143056882601574,Unusual Thermal Detection,REVIEW,Unusual thermal detection. Analyst verification required.
30.67516,75.49422,2024-11-11,N20,334.41,7.82,0.0142767091030793,Unusual Thermal Detection,REVIEW,Unusual thermal detection. Analyst verification required.
24.15955,82.66611,2024-12-31,N20,299.4,0.79,0.014255668798947,Unusual Thermal Detection,REVIEW,Unusual thermal detection. Analyst verification required.
20.97013,86.01701,2024-11-17,N,315.62,6.65,0.0141972308796134,Unusual Thermal Detection,REVIEW,Unusual thermal detection. Analyst verification required.
33.60408,75.78012,2024-12-16,N,301.92,6.34,0.0141963522801271,Unusual Thermal Detection,REVIEW,Unusual thermal detection. Analyst verification required.
20.80061,81.86093,2024-12-17,N20,299.37,26.99,0.0141927762737278,Unusual Thermal Detection,REVIEW,Unusual thermal detection. Analyst verification required.
29.34564,73.67963,2024-11-19,Aqua,313.1,49.17,0.0141893700588354,Unusual Thermal Detection,REVIEW,Unusual thermal detection. Analyst verification required.
21.92034,83.34711,2024-12-14,N,313.22,2.75,0.014189166669932,Unusual Thermal Detection,REVIEW,Unusual thermal detection. Analyst verification required.
27.30334,75.96342,2024-11-16,N,354.66,11.45,0.0141727355149932,Unusual Thermal Detection,REVIEW,Unusual thermal detection. Analyst verification required.
30.07266,80.3508,2024-12-30,N20,297.25,0.59,0.0141701392222732,Unusual Thermal Detection,REVIEW,Unusual thermal detection. Analyst verification required.
30.7447,74.78864,2024-11-06,N20,367.0,15.99,0.0141499470146326,Unusual Thermal Detection,REVIEW,Unusual thermal detection. Analyst verification required.
25.45446,76.63924,2024-11-17,N20,367.0,19.88,0.0141464514439276,Unusual Thermal Detection,REVIEW,Unusual thermal detection. Analyst verification required.
22.72249,78.01189,2024-11-10,N,348.64,8.49,0.0140960618380042,Unusual Thermal Detection,REVIEW,Unusual thermal detection. Analyst verification required.
29.63642,75.31567,2024-11-01,N,344.26,46.84,0.0140751246314545,Unusual Thermal Detection,REVIEW,Unusual thermal detection. Analyst verification required.
17.81261,78.09546,2025-01-03,N,342.12,7.93,0.0140731125990186,Unusual Thermal Detection,REVIEW,Unusual thermal detection. Analyst verification required.
29.14257,77.37701,2024-12-20,N20,327.15,4.61,0.014047222376627,Unusual Thermal Detection,REVIEW,Unusual thermal detection. Analyst verification required.
26.96001,95.68621,2025-01-02,N20,367.0,20.58,0.0140450579114235,Unusual Thermal Detection,REVIEW,Unusual thermal detection. Analyst verification required.
23.61703,86.7832,2024-12-31,N20,300.83,0.89,0.0140174225615896,Unusual Thermal Detection,REVIEW,Unusual thermal detection. Analyst verification required.
30.78535,77.70238,2024-12-18,N20,301.72,1.28,0.0139927770287933,Unusual Thermal Detection,REVIEW,Unusual thermal detection. Analyst verification required.
26.89115,71.57851,2024-11-03,Aqua,353.67,79.8,0.0139490906236113,Unusual Thermal Detection,HIGH_REVIEW,Unusual thermal detection. Analyst verification required.
22.04255,83.73264,2024-12-31,N20,367.0,11.71,0.0139267133575575,Unusual Thermal Detection,REVIEW,Unusual thermal detection. Analyst verification required.
16.76946,82.04564,2024-11-22,N,340.4,9.33,0.0139074846172836,Unusual Thermal Detection,REVIEW,Unusual thermal detection. Analyst verification required.
22.03505,83.74062,2024-12-31,Terra,307.48,38.85,0.0139018354197905,Unusual Thermal Detection,REVIEW,Unusual thermal detection. Analyst verification required.
23.55517,87.23445,2025-01-01,N20,298.81,1.99,0.0138974683747832,Unusual Thermal Detection,REVIEW,Unusual thermal detection. Analyst verification required.
21.18618,81.38838,2024-11-16,N,317.16,4.81,0.013874174285546,Unusual Thermal Detection,REVIEW,Unusual thermal detection. Analyst verification required.
22.36496,82.30788,2024-11-26,Aqua,301.92,36.4,0.0138531920395362,Unusual Thermal Detection,REVIEW,Unusual thermal detection. Analyst verification required.
23.55775,87.23399,2025-01-01,N20,297.91,1.58,0.0138517619626192,Unusual Thermal Detection,REVIEW,Unusual thermal detection. Analyst verification required.
21.92029,83.35069,2024-12-30,N,317.63,4.98,0.0138332210349708,Unusual Thermal Detection,REVIEW,Unusual thermal detection. Analyst verification required.
32.41315,76.48494,2024-12-15,Aqua,317.05,78.67,0.0138111260802351,Unusual Thermal Detection,HIGH_REVIEW,Unusual thermal detection. Analyst verification required.
23.5592,87.23654,2024-12-16,N20,299.04,2.29,0.0137483753989601,Unusual Thermal Detection,REVIEW,Unusual thermal detection. Analyst verification required.
24.65989,74.6336,2024-11-10,N,302.55,1.05,0.0137307014925068,Unusual Thermal Detection,REVIEW,Unusual thermal detection. Analyst verification required.
23.4129,72.35385,2024-12-17,N,307.1,1.37,0.0137302802221626,Unusual Thermal Detection,REVIEW,Unusual thermal detection. Analyst verification required.
22.21193,84.54554,2024-12-10,N20,296.53,0.74,0.0136979296067403,Unusual Thermal Detection,REVIEW,Unusual thermal detection. Analyst verification required.
31.57612,75.21763,2024-11-01,N20,350.11,27.36,0.0136855777504716,Unusual Thermal Detection,REVIEW,Unusual thermal detection. Analyst verification required.
30.19867,74.59563,2024-11-09,Aqua,311.07,39.31,0.0136600667594281,Unusual Thermal Detection,REVIEW,Unusual thermal detection. Analyst verification required.
21.92721,83.3453,2024-12-29,N,298.41,2.08,0.0136522079293885,Unusual Thermal Detection,REVIEW,Unusual thermal detection. Analyst verification required.
23.73649,85.01254,2024-12-25,N,300.55,2.25,0.0136522079293884,Unusual Thermal Detection,REVIEW,Unusual thermal detection. Analyst verification required.
17.48091,75.55413,2024-12-19,N20,304.93,1.44,0.0136421836449133,Unusual Thermal Detection,REVIEW,Unusual thermal detection. Analyst verification required.
23.45469,80.07684,2024-11-18,N20,350.22,12.23,0.013612804898172,Unusual Thermal Detection,REVIEW,Unusual thermal detection. Analyst verification required.
27.60665,95.40256,2024-11-13,N,299.59,1.2,0.0136084800387953,Unusual Thermal Detection,REVIEW,Unusual thermal detection. Analyst verification required.
29.98614,80.53419,2024-12-13,N,311.1,2.22,0.013596276760844,Unusual Thermal Detection,REVIEW,Unusual thermal detection. Analyst verification required.
22.22475,84.74654,2024-12-10,N20,296.03,1.11,0.0135707416205995,Unusual Thermal Detection,REVIEW,Unusual thermal detection. Analyst verification required.
33.96871,73.71807,2024-12-18,N20,321.47,3.9,0.0135550623731187,Unusual Thermal Detection,REVIEW,Unusual thermal detection. Analyst verification required.
29.99016,74.21026,2024-11-20,N,343.01,7.17,0.0135457213509589,Unusual Thermal Detection,REVIEW,Unusual thermal detection. Analyst verification required.
20.96681,86.01838,2024-11-17,N,300.1,2.64,0.0135298615244071,Unusual Thermal Detection,REVIEW,Unusual thermal detection. Analyst verification required.
22.3664,82.29659,2024-11-07,N20,296.59,0.35,0.013504419157816,Unusual Thermal Detection,REVIEW,Unusual thermal detection. Analyst verification required.
27.86973,81.16662,2025-01-11,N20,339.35,7.66,0.0135006550477877,Unusual Thermal Detection,REVIEW,Unusual thermal detection. Analyst verification required.
17.80516,76.20749,2025-01-02,N20,340.15,40.63,0.0134799713434337,Unusual Thermal Detection,REVIEW,Unusual thermal detection. Analyst verification required.
25.44235,76.6526,2024-11-14,N,367.0,21.93,0.0134664791670749,Unusual Thermal Detection,REVIEW,Unusual thermal detection. Analyst verification required.
23.26877,79.76358,2024-11-16,N,367.0,12.82,0.0134324933367678,Unusual Thermal Detection,REVIEW,Unusual thermal detection. Analyst verification required.
15.16755,76.37477,2024-11-28,N20,298.61,1.36,0.0133989186005532,Unusual Thermal Detection,REVIEW,Unusual thermal detection. Analyst verification required.
23.56238,87.08748,2025-01-04,N,298.79,1.59,0.0133887506330057,Unusual Thermal Detection,REVIEW,Unusual thermal detection. Analyst verification required.
31.36519,77.65122,2024-11-16,N20,298.86,1.09,0.0133742962535361,Unusual Thermal Detection,REVIEW,Unusual thermal detection. Analyst verification required.
25.32533,91.59432,2025-01-01,N,342.91,9.84,0.0133664935092435,Unusual Thermal Detection,REVIEW,Unusual thermal detection. Analyst verification required.
28.66695,76.92389,2024-11-02,Aqua,340.1,133.47,0.0133479194356829,Unusual Thermal Detection,HIGH_REVIEW,Unusual thermal detection. Analyst verification required.
26.64569,94.80521,2024-12-26,N,355.33,33.21,0.013327487318919,Unusual Thermal Detection,REVIEW,Unusual thermal detection. Analyst verification required.
20.96963,85.16329,2024-11-19,Terra,307.24,30.48,0.0132993364467068,Unusual Thermal Detection,REVIEW,Unusual thermal detection. Analyst verification required.
26.07378,78.71694,2024-11-01,N20,330.44,18.06,0.0132863821794411,Unusual Thermal Detection,REVIEW,Unusual thermal detection. Analyst verification required.
21.08051,85.03127,2024-12-05,N20,304.62,3.1,0.0132817632972179,Unusual Thermal Detection,REVIEW,Unusual thermal detection. Analyst verification required.
26.15481,93.63748,2024-11-20,Aqua,300.48,11.86,0.0132803693819568,Unusual Thermal Detection,REVIEW,Unusual thermal detection. Analyst verification required.
27.33647,72.25652,2024-11-14,N20,353.4,27.69,0.0132594143499142,Unusual Thermal Detection,REVIEW,Unusual thermal detection. Analyst verification required.
17.00801,82.15534,2024-11-23,N20,367.0,12.65,0.0132537124032935,Unusual Thermal Detection,REVIEW,Unusual thermal detection. Analyst verification required.
31.1231,77.76094,2024-12-06,N,336.43,9.75,0.0132475746668119,Unusual Thermal Detection,REVIEW,Unusual thermal detection. Analyst verification required.
27.3676,72.19379,2024-11-02,N,348.82,83.41,0.0132191800260415,Unusual Thermal Detection,HIGH_REVIEW,Unusual thermal detection. Analyst verification required.
25.72484,76.72092,2024-11-09,N20,352.49,23.13,0.0132055472433993,Unusual Thermal Detection,REVIEW,Unusual thermal detection. Analyst verification required.
21.89462,84.1539,2025-01-08,N20,351.49,23.81,0.0132055472433993,Unusual Thermal Detection,REVIEW,Unusual thermal detection. Analyst verification required.
16.33804,80.71174,2024-12-07,N,337.15,4.59,0.0131665735827423,Unusual Thermal Detection,REVIEW,Unusual thermal detection. Analyst verification required.
19.12877,76.35725,2024-12-06,N,367.0,20.84,0.0131598215191409,Unusual Thermal Detection,REVIEW,Unusual thermal detection. Analyst verification required.
25.45768,76.57067,2024-11-11,N20,367.0,15.75,0.0131547437581772,Unusual Thermal Detection,REVIEW,Unusual thermal detection. Analyst verification required.
21.69245,83.16764,2024-12-19,N20,367.0,25.54,0.013147562564194,Unusual Thermal Detection,REVIEW,Unusual thermal detection. Analyst verification required.
22.03988,83.73145,2024-12-04,N20,343.66,15.69,0.0131407952332655,Unusual Thermal Detection,REVIEW,Unusual thermal detection. Analyst verification required.
21.72217,81.71214,2024-12-14,N20,341.35,10.17,0.0130987557174736,Unusual Thermal Detection,REVIEW,Unusual thermal detection. Analyst verification required.
29.83012,76.28288,2024-11-01,N20,367.0,21.24,0.0130737615552333,Unusual Thermal Detection,REVIEW,Unusual thermal detection. Analyst verification required.
26.39523,95.0358,2024-12-31,N,356.21,67.34,0.013035087423596,Unusual Thermal Detection,HIGH_REVIEW,Unusual thermal detection. Analyst verification required.
21.15712,81.98959,2024-12-21,Aqua,310.18,34.03,0.013024130370182,Unusual Thermal Detection,REVIEW,Unusual thermal detection. Analyst verification required.
32.72945,76.06544,2024-12-16,N,323.05,4.75,0.0129871817302766,Unusual Thermal Detection,REVIEW,Unusual thermal detection. Analyst verification required.
23.1561,79.77321,2024-11-18,N20,343.51,7.88,0.0129561079573375,Unusual Thermal Detection,REVIEW,Unusual thermal detection. Analyst verification required.
20.78936,85.26447,2024-11-23,N,296.29,1.29,0.012951516719282,Unusual Thermal Detection,REVIEW,Unusual thermal detection. Analyst verification required.
23.48247,87.35952,2024-11-24,N20,296.2,1.09,0.0129360357294471,Unusual Thermal Detection,REVIEW,Unusual thermal detection. Analyst verification required.
21.90485,72.74831,2024-12-29,N20,341.65,7.22,0.0129161500506251,Unusual Thermal Detection,REVIEW,Unusual thermal detection. Analyst verification required.
23.89244,71.22965,2024-12-01,N20,307.79,2.65,0.012905728895273,Unusual Thermal Detection,REVIEW,Unusual thermal detection. Analyst verification required.
33.27982,75.4999,2024-12-19,N20,367.0,17.69,0.0128860832124214,Unusual Thermal Detection,REVIEW,Unusual thermal detection. Analyst verification required.
20.00028,74.14761,2024-12-18,N20,353.77,26.53,0.0128765370437222,Unusual Thermal Detection,REVIEW,Unusual thermal detection. Analyst verification required.
32.83778,75.60734,2024-11-27,N20,311.79,2.73,0.0128667454369689,Unusual Thermal Detection,REVIEW,Unusual thermal detection. Analyst verification required.
15.17191,76.37392,2024-11-28,N20,300.57,2.45,0.0128619483620665,Unusual Thermal Detection,REVIEW,Unusual thermal detection. Analyst verification required.
33.37845,76.2496,2024-11-06,N20,300.6,2.21,0.0128570108458132,Unusual Thermal Detection,REVIEW,Unusual thermal detection. Analyst verification required.
16.40611,75.97889,2024-11-16,N20,332.97,5.91,0.0128521981552393,Unusual Thermal Detection,REVIEW,Unusual thermal detection. Analyst verification required.
22.79284,70.91637,2024-11-20,N,312.06,2.32,0.0128418818669401,Unusual Thermal Detection,REVIEW,Unusual thermal detection. Analyst verification required.
23.38219,79.9754,2024-11-21,N,329.67,6.22,0.0128156230114392,Unusual Thermal Detection,REVIEW,Unusual thermal detection. Analyst verification required.
22.64718,77.80562,2024-11-09,N,354.32,37.7,0.0128023498605237,Unusual Thermal Detection,REVIEW,Unusual thermal detection. Analyst verification required.
23.26519,70.26048,2025-01-06,N,295.8,1.3,0.0127808761610306,Unusual Thermal Detection,REVIEW,Unusual thermal detection. Analyst verification required.
21.10527,82.25062,2024-12-13,N,351.9,10.47,0.0127738174505668,Unusual Thermal Detection,REVIEW,Unusual thermal detection. Analyst verification required.
22.36381,87.0115,2025-01-01,N20,296.74,0.97,0.0127437711006613,Unusual Thermal Detection,REVIEW,Unusual thermal detection. Analyst verification required.
26.25822,74.09171,2024-11-21,N20,295.38,0.73,0.0127405294233888,Unusual Thermal Detection,REVIEW,Unusual thermal detection. Analyst verification required.
21.40323,83.11704,2024-12-30,N,325.82,4.79,0.0127400661169132,Unusual Thermal Detection,REVIEW,Unusual thermal detection. Analyst verification required.
25.81957,76.65702,2024-11-14,N20,341.88,36.51,0.0127325886536803,Unusual Thermal Detection,REVIEW,Unusual thermal detection. Analyst verification required.
33.15175,75.12919,2024-12-09,N20,327.91,3.99,0.0127304056648486,Unusual Thermal Detection,REVIEW,Unusual thermal detection. Analyst verification required.
15.17274,76.37852,2024-11-26,N,299.5,1.29,0.0127155140363578,Unusual Thermal Detection,REVIEW,Unusual thermal detection. Analyst verification required.
25.54548,76.74633,2024-11-02,N,350.39,33.17,0.0127149326480028,Unusual Thermal Detection,REVIEW,Unusual thermal detection. Analyst verification required.
15.17344,76.37919,2024-11-10,N,303.14,1.71,0.0127041985670256,Unusual Thermal Detection,REVIEW,Unusual thermal detection. Analyst verification required.
21.8783,83.55074,2025-01-11,N20,299.02,2.0,0.0126995700587564,Unusual Thermal Detection,REVIEW,Unusual thermal detection. Analyst verification required.
20.9172,81.95136,2024-12-11,Aqua,310.67,34.75,0.0126726903969087,Unusual Thermal Detection,REVIEW,Unusual thermal detection. Analyst verification required.
29.84295,75.56328,2024-11-11,N20,338.18,8.72,0.0126641083661879,Unusual Thermal Detection,REVIEW,Unusual thermal detection. Analyst verification required.
21.10495,81.63595,2025-01-04,N,333.1,8.45,0.0126550767218976,Unusual Thermal Detection,REVIEW,Unusual thermal detection. Analyst verification required.
27.39536,72.22639,2024-11-14,N20,353.96,37.99,0.0126288158652578,Unusual Thermal Detection,REVIEW,Unusual thermal detection. Analyst verification required.
23.66688,86.91673,2024-11-18,N,308.58,2.08,0.0126200240347195,Unusual Thermal Detection,REVIEW,Unusual thermal detection. Analyst verification required.
21.19002,81.38712,2024-11-28,N20,306.26,2.32,0.0126126200981329,Unusual Thermal Detection,REVIEW,Unusual thermal detection. Analyst verification required.
22.04253,83.73475,2024-11-19,N20,367.0,12.72,0.012586815827458,Unusual Thermal Detection,REVIEW,Unusual thermal detection. Analyst verification required.
22.3575,82.30348,2024-12-04,N20,367.0,17.21,0.0125834955647237,Unusual Thermal Detection,REVIEW,Unusual thermal detection. Analyst verification required.
23.16391,82.34017,2024-12-02,N,302.1,2.31,0.0125761511966957,Unusual Thermal Detection,REVIEW,Unusual thermal detection. Analyst verification required.
21.88227,83.55289,2025-01-11,N20,297.45,1.45,0.0125753553218012,Unusual Thermal Detection,REVIEW,Unusual thermal detection. Analyst verification required.
17.49958,77.91679,2025-01-09,N20,367.0,20.94,0.0125639779319886,Unusual Thermal Detection,REVIEW,Unusual thermal detection. Analyst verification required.
24.08603,78.03047,2024-11-10,N,338.82,5.37,0.0125625550065332,Unusual Thermal Detection,REVIEW,Unusual thermal detection. Analyst verification required.
30.04064,75.60318,2024-11-06,Aqua,347.28,133.82,0.0125278977648708,Unusual Thermal Detection,HIGH_REVIEW,Unusual thermal detection. Analyst verification required.
28.88722,95.99321,2024-12-27,N,367.0,12.21,0.0125212077561247,Unusual Thermal Detection,REVIEW,Unusual thermal detection. Analyst verification required.
21.1075,82.55106,2024-12-15,N20,350.34,9.05,0.0124914812261365,Unusual Thermal Detection,REVIEW,Unusual thermal detection. Analyst verification required.
23.41304,80.00154,2024-11-14,N20,335.8,37.91,0.0124855938474317,Unusual Thermal Detection,REVIEW,Unusual thermal detection. Analyst verification required.
22.35525,82.30081,2024-11-27,N,349.97,9.25,0.0124540032070011,Unusual Thermal Detection,REVIEW,Unusual thermal detection. Analyst verification required.
30.74867,77.74139,2024-12-07,N,331.0,15.38,0.0124529708038659,Unusual Thermal Detection,REVIEW,Unusual thermal detection. Analyst verification required.
29.59992,74.42526,2024-11-26,N,367.0,21.18,0.0124176566773146,Unusual Thermal Detection,REVIEW,Unusual thermal detection. Analyst verification required.
20.91656,81.9643,2024-12-10,N20,350.44,26.4,0.0124050538402676,Unusual Thermal Detection,REVIEW,Unusual thermal detection. Analyst verification required.
22.35758,82.30558,2024-11-23,N20,350.79,13.25,0.0123912562486931,Unusual Thermal Detection,REVIEW,Unusual thermal detection. Analyst verification required.
26.64348,79.47092,2024-11-23,N20,301.21,1.61,0.0123698472830655,Unusual Thermal Detection,REVIEW,Unusual thermal detection. Analyst verification required.
26.6447,79.46995,2024-12-14,N20,296.28,0.98,0.0123199591901279,Unusual Thermal Detection,REVIEW,Unusual thermal detection. Analyst verification required.
29.29239,76.19601,2025-01-09,N20,351.0,10.83,0.0123197159862055,Unusual Thermal Detection,REVIEW,Unusual thermal detection. Analyst verification required.
20.79402,85.25636,2024-11-23,N,297.07,1.46,0.0122826805986374,Unusual Thermal Detection,REVIEW,Unusual thermal detection. Analyst verification required.
22.04052,83.73462,2024-12-26,N20,299.18,3.15,0.0122523199288234,Unusual Thermal Detection,REVIEW,Unusual thermal detection. Analyst verification required.
22.06079,84.02765,2024-12-31,N20,367.0,15.96,0.0122513994315373,Unusual Thermal Detection,REVIEW,Unusual thermal detection. Analyst verification required.
24.96451,81.78943,2024-12-04,N20,367.0,19.42,0.0122241531795597,Unusual Thermal Detection,REVIEW,Unusual thermal detection. Analyst verification required.
20.951,81.90534,2024-12-15,Aqua,352.03,107.39,0.0122048932708795,Unusual Thermal Detection,HIGH_REVIEW,Unusual thermal detection. Analyst verification required.
22.59478,85.90091,2024-11-24,N20,295.04,1.21,0.0122011940976063,Unusual Thermal Detection,REVIEW,Unusual thermal detection. Analyst verification required.
22.16501,75.39899,2025-01-03,N,367.0,15.87,0.012166713430571,Unusual Thermal Detection,REVIEW,Unusual thermal detection. Analyst verification required.
22.10993,83.52114,2025-01-11,N20,298.41,1.66,0.0121510583867796,Unusual Thermal Detection,REVIEW,Unusual thermal detection. Analyst verification required.
32.4652,76.34098,2024-12-07,N,350.69,18.94,0.0121323886715709,Unusual Thermal Detection,REVIEW,Unusual thermal detection. Analyst verification required.
24.24204,71.19357,2025-01-07,N,367.0,12.57,0.0120938541035122,Unusual Thermal Detection,REVIEW,Unusual thermal detection. Analyst verification required.
22.05248,88.12497,2024-12-30,N,307.09,2.66,0.0120917626745278,Unusual Thermal Detection,REVIEW,Unusual thermal detection. Analyst verification required.
28.21552,95.55653,2024-12-17,N,367.0,21.28,0.012075303247006,Unusual Thermal Detection,REVIEW,Unusual thermal detection. Analyst verification required.
20.97301,85.16422,2024-11-03,N20,298.03,2.59,0.0120414710819601,Unusual Thermal Detection,REVIEW,Unusual thermal detection. Analyst verification required.
17.99692,78.15718,2024-11-19,N20,354.89,27.71,0.0120361869843851,Unusual Thermal Detection,REVIEW,Unusual thermal detection. Analyst verification required.
21.78315,87.48643,2024-12-14,N,335.66,12.02,0.0119959620307813,Unusual Thermal Detection,REVIEW,Unusual thermal detection. Analyst verification required.
21.80751,82.41899,2024-12-15,N20,353.67,12.25,0.0119925244258809,Unusual Thermal Detection,REVIEW,Unusual thermal detection. Analyst verification required.
31.01107,77.58049,2025-01-04,N20,338.1,16.19,0.0119787288055325,Unusual Thermal Detection,REVIEW,Unusual thermal detection. Analyst verification required.
22.04116,83.73541,2024-12-05,N20,367.0,15.06,0.0119350748619618,Unusual Thermal Detection,REVIEW,Unusual thermal detection. Analyst verification required.
23.77501,86.36494,2024-12-19,N,297.8,2.08,0.0119220413612666,Unusual Thermal Detection,REVIEW,Unusual thermal detection. Analyst verification required.
30.44968,74.07398,2024-11-22,N20,367.0,24.59,0.0119181290778974,Unusual Thermal Detection,REVIEW,Unusual thermal detection. Analyst verification required.
23.16679,82.33858,2024-12-02,N,311.73,2.02,0.0119062376937658,Unusual Thermal Detection,REVIEW,Unusual thermal detection. Analyst verification required.
23.6901,87.09567,2024-12-16,N20,298.51,2.27,0.011895530452221,Unusual Thermal Detection,REVIEW,Unusual thermal detection. Analyst verification required.
22.0433,83.73266,2024-11-19,N,367.0,20.71,0.0118895249598895,Unusual Thermal Detection,REVIEW,Unusual thermal detection. Analyst verification required.
18.26183,73.16192,2024-12-17,N,340.88,7.52,0.0118413920180492,Unusual Thermal Detection,REVIEW,Unusual thermal detection. Analyst verification required.
21.92347,83.34514,2024-11-28,N,302.97,2.19,0.0118202962496445,Unusual Thermal Detection,REVIEW,Unusual thermal detection. Analyst verification required.
18.68313,73.03699,2024-12-28,N,301.57,1.69,0.0118124553859948,Unusual Thermal Detection,REVIEW,Unusual thermal detection. Analyst verification required.
21.77764,83.83411,2024-12-20,N20,298.23,1.68,0.0117961336052463,Unusual Thermal Detection,REVIEW,Unusual thermal detection. Analyst verification required.
16.60809,73.40754,2024-12-06,N,303.03,0.92,0.0117943468866373,Unusual Thermal Detection,REVIEW,Unusual thermal detection. Analyst verification required.
27.31842,95.26318,2024-12-12,N20,296.11,1.03,0.0117844949261024,Unusual Thermal Detection,REVIEW,Unusual thermal detection. Analyst verification required.
25.17174,84.00693,2024-12-04,N20,346.24,10.84,0.011744098247779,Unusual Thermal Detection,REVIEW,Unusual thermal detection. Analyst verification required.
29.37787,74.01097,2024-11-20,N,339.45,12.29,0.0117218156721128,Unusual Thermal Detection,REVIEW,Unusual thermal detection. Analyst verification required.
15.17464,76.3755,2024-11-28,N20,298.81,1.96,0.0117203821249131,Unusual Thermal Detection,REVIEW,Unusual thermal detection. Analyst verification required.
22.04033,83.73819,2024-12-04,N20,342.9,15.58,0.0117175370604349,Unusual Thermal Detection,REVIEW,Unusual thermal detection. Analyst verification required.
23.34528,79.73975,2024-11-21,N,339.66,8.51,0.0116852609047664,Unusual Thermal Detection,REVIEW,Unusual thermal detection. Analyst verification required.
33.30237,76.00005,2024-11-06,N20,316.38,2.38,0.011680407731921,Unusual Thermal Detection,REVIEW,Unusual thermal detection. Analyst verification required.
22.09053,75.31221,2025-01-09,N20,367.0,15.57,0.0116585173060805,Unusual Thermal Detection,REVIEW,Unusual thermal detection. Analyst verification required.
31.87288,74.6747,2024-12-09,N20,327.74,4.33,0.0116247151514397,Unusual Thermal Detection,REVIEW,Unusual thermal detection. Analyst verification required.
23.1755,79.77447,2024-11-17,N20,346.72,7.93,0.0116198423776628,Unusual Thermal Detection,REVIEW,Unusual thermal detection. Analyst verification required.
26.39068,95.02778,2024-12-31,N20,349.46,75.63,0.0116178136412095,Unusual Thermal Detection,HIGH_REVIEW,Unusual thermal detection. Analyst verification required.
20.9716,85.1636,2024-11-19,N20,300.73,4.07,0.0115969611278032,Unusual Thermal Detection,REVIEW,Unusual thermal detection. Analyst verification required.
24.21826,79.466,2024-12-04,N20,342.73,8.16,0.0115916178577583,Unusual Thermal Detection,REVIEW,Unusual thermal detection. Analyst verification required.
25.1378,83.95783,2024-12-04,N,340.56,44.93,0.0115858083165411,Unusual Thermal Detection,REVIEW,Unusual thermal detection. Analyst verification required.
33.60142,75.77633,2024-12-16,N,325.65,7.05,0.0115772313233201,Unusual Thermal Detection,REVIEW,Unusual thermal detection. Analyst verification required.
22.04094,83.34846,2024-11-28,N,299.38,1.83,0.0115525564769636,Unusual Thermal Detection,REVIEW,Unusual thermal detection. Analyst verification required.
26.63493,94.92826,2025-01-03,N20,339.02,13.8,0.0115423954593579,Unusual Thermal Detection,REVIEW,Unusual thermal detection. Analyst verification required.
22.04105,83.72823,2024-11-12,N,304.72,2.74,0.0115259650889177,Unusual Thermal Detection,REVIEW,Unusual thermal detection. Analyst verification required.
22.3609,82.30424,2024-11-27,N,349.1,10.09,0.0115063346730081,Unusual Thermal Detection,REVIEW,Unusual thermal detection. Analyst verification required.
23.17105,82.34203,2024-12-02,N,306.32,2.31,0.0115004970634309,Unusual Thermal Detection,REVIEW,Unusual thermal detection. Analyst verification required.
30.88378,74.68105,2024-11-18,N20,345.25,37.27,0.0114848796753942,Unusual Thermal Detection,REVIEW,Unusual thermal detection. Analyst verification required.
18.69047,73.0377,2024-12-28,N,301.71,1.69,0.0114809517357029,Unusual Thermal Detection,REVIEW,Unusual thermal detection. Analyst verification required.
27.46735,95.423,2024-11-09,N,303.82,0.71,0.0114677130993076,Unusual Thermal Detection,REVIEW,Unusual thermal detection. Analyst verification required.
25.51969,76.74982,2024-11-13,N20,353.64,60.55,0.0114630132047993,Unusual Thermal Detection,HIGH_REVIEW,Unusual thermal detection. Analyst verification required.
33.43864,75.78682,2024-11-06,N20,352.04,12.51,0.0114533038926935,Unusual Thermal Detection,REVIEW,Unusual thermal detection. Analyst verification required.
27.60729,95.40437,2024-11-13,N,299.69,1.14,0.0114443860406686,Unusual Thermal Detection,REVIEW,Unusual thermal detection. Analyst verification required.
26.81021,95.38931,2024-12-26,N,297.06,1.33,0.0114435582121682,Unusual Thermal Detection,REVIEW,Unusual thermal detection. Analyst verification required.
23.41244,72.35301,2024-12-01,N,302.91,0.94,0.0114186301415204,Unusual Thermal Detection,REVIEW,Unusual thermal detection. Analyst verification required.
25.71121,76.5561,2024-11-15,N,339.14,6.52,0.0113936223191259,Unusual Thermal Detection,REVIEW,Unusual thermal detection. Analyst verification required.
32.83613,75.60654,2024-11-27,N20,315.63,2.91,0.011391079222158,Unusual Thermal Detection,REVIEW,Unusual thermal detection. Analyst verification required.
30.04235,75.78747,2024-11-01,N20,367.0,15.4,0.011384004512671,Unusual Thermal Detection,REVIEW,Unusual thermal detection. Analyst verification required.
26.66962,94.82471,2024-12-17,N,356.93,20.8,0.0113825201739301,Unusual Thermal Detection,REVIEW,Unusual thermal detection. Analyst verification required.
29.59062,74.36839,2024-11-22,N,342.17,51.73,0.0113815081572508,Unusual Thermal Detection,HIGH_REVIEW,Unusual thermal detection. Analyst verification required.
22.00732,82.66739,2024-12-19,N,296.52,1.25,0.0113661964369992,Unusual Thermal Detection,REVIEW,Unusual thermal detection. Analyst verification required.
21.93183,85.21488,2024-12-05,N20,299.79,1.8,0.0113054077632779,Unusual Thermal Detection,REVIEW,Unusual thermal detection. Analyst verification required.
32.95613,75.77945,2024-12-16,N,307.86,3.54,0.0113014629448159,Unusual Thermal Detection,REVIEW,Unusual thermal detection. Analyst verification required.
31.87379,74.67214,2024-12-09,N20,325.23,4.96,0.0112610919173524,Unusual Thermal Detection,REVIEW,Unusual thermal detection. Analyst verification required.
26.04439,78.70216,2024-11-05,N20,351.58,25.86,0.0112224224298568,Unusual Thermal Detection,REVIEW,Unusual thermal detection. Analyst verification required.
24.62731,80.69685,2024-11-17,N,343.15,5.97,0.0112125928802745,Unusual Thermal Detection,REVIEW,Unusual thermal detection. Analyst verification required.
32.35671,76.45422,2024-12-22,N,367.0,12.41,0.0112078134926048,Unusual Thermal Detection,REVIEW,Unusual thermal detection. Analyst verification required.
18.72617,77.8381,2024-11-07,N20,367.0,12.61,0.0112060613876571,Unusual Thermal Detection,REVIEW,Unusual thermal detection. Analyst verification required.
30.56714,74.30012,2024-11-20,N,336.64,5.42,0.0112020583540477,Unusual Thermal Detection,REVIEW,Unusual thermal detection. Analyst verification required.
22.13184,72.7633,2025-01-08,N20,296.94,0.75,0.0111656394061082,Unusual Thermal Detection,REVIEW,Unusual thermal detection. Analyst verification required.
23.77164,86.3856,2024-12-15,N20,297.78,3.24,0.0111584488087839,Unusual Thermal Detection,REVIEW,Unusual thermal detection. Analyst verification required.
23.77898,86.20899,2024-11-01,N,331.0,7.6,0.0111260102816618,Unusual Thermal Detection,REVIEW,Unusual thermal detection. Analyst verification required.
20.72485,83.45697,2025-01-08,Aqua,371.66,153.02,0.0111065217421416,Unusual Thermal Detection,HIGH_REVIEW,Unusual thermal detection. Analyst verification required.
23.15882,79.77274,2024-11-18,N20,342.91,7.84,0.0110902629196197,Unusual Thermal Detection,REVIEW,Unusual thermal detection. Analyst verification required.
31.26923,77.73678,2024-12-22,N,298.8,2.86,0.0110789918717018,Unusual Thermal Detection,REVIEW,Unusual thermal detection. Analyst verification required.
19.56783,73.37909,2024-12-18,N20,367.0,9.69,0.0110779376905904,Unusual Thermal Detection,REVIEW,Unusual thermal detection. Analyst verification required.
27.53533,95.39954,2024-12-22,N20,297.68,0.72,0.0110732963499553,Unusual Thermal Detection,REVIEW,Unusual thermal detection. Analyst verification required.
23.34301,79.91601,2024-11-12,N20,354.37,16.14,0.0110700239068802,Unusual Thermal Detection,REVIEW,Unusual thermal detection. Analyst verification required.
21.91805,83.35098,2024-12-29,N,302.19,0.94,0.010973477219526,Unusual Thermal Detection,REVIEW,Unusual thermal detection. Analyst verification required.
29.58554,74.44354,2024-11-27,N20,350.88,16.05,0.0109588316851659,Unusual Thermal Detection,REVIEW,Unusual thermal detection. Analyst verification required.
20.80116,81.86462,2024-12-17,N20,353.71,26.99,0.0109502878613232,Unusual Thermal Detection,REVIEW,Unusual thermal detection. Analyst verification required.
21.90732,72.74789,2024-12-29,N20,345.88,6.14,0.0108950530792206,Unusual Thermal Detection,REVIEW,Unusual thermal detection. Analyst verification required.
23.66544,86.91389,2024-12-16,N20,302.63,1.42,0.0108654921753363,Unusual Thermal Detection,REVIEW,Unusual thermal detection. Analyst verification required.
23.24241,79.81499,2024-11-28,N20,367.0,13.16,0.0108459053955851,Unusual Thermal Detection,REVIEW,Unusual thermal detection. Analyst verification required.
29.91884,75.78195,2024-11-15,N,332.14,7.82,0.0108242159601669,Unusual Thermal Detection,REVIEW,Unusual thermal detection. Analyst verification required.
16.30923,75.67546,2025-01-12,N20,338.92,33.23,0.0108209137060548,Unusual Thermal Detection,REVIEW,Unusual thermal detection. Analyst verification required.
31.23202,74.58192,2024-11-01,N20,352.73,25.76,0.010775331560195,Unusual Thermal Detection,REVIEW,Unusual thermal detection. Analyst verification required.
25.45181,76.57397,2024-11-11,N,367.0,14.7,0.0107646449983741,Unusual Thermal Detection,REVIEW,Unusual thermal detection. Analyst verification required.
29.89447,76.37437,2024-11-21,N20,319.09,3.23,0.0107250921816378,Unusual Thermal Detection,REVIEW,Unusual thermal detection. Analyst verification required.
31.57326,77.87672,2025-01-08,N,336.5,12.51,0.0107067699090509,Unusual Thermal Detection,REVIEW,Unusual thermal detection. Analyst verification required.
25.62736,76.72306,2024-11-16,N,350.1,14.19,0.010702833392184,Unusual Thermal Detection,REVIEW,Unusual thermal detection. Analyst verification required.
24.13412,82.56866,2024-11-16,N,297.95,0.99,0.0106982229135845,Unusual Thermal Detection,REVIEW,Unusual thermal detection. Analyst verification required.
24.45021,83.03448,2024-12-31,N20,296.15,1.17,0.0106805271034799,Unusual Thermal Detection,REVIEW,Unusual thermal detection. Analyst verification required.
18.68379,73.02908,2024-12-28,N,302.11,1.69,0.0105908626993801,Unusual Thermal Detection,REVIEW,Unusual thermal detection. Analyst verification required.
27.46382,95.47138,2024-11-21,N20,300.08,0.84,0.0105836989343759,Unusual Thermal Detection,REVIEW,Unusual thermal detection. Analyst verification required.
21.05177,82.25458,2024-12-17,N20,341.64,36.12,0.0105822312753761,Unusual Thermal Detection,REVIEW,Unusual thermal detection. Analyst verification required.
20.79769,85.25353,2025-01-11,N20,296.2,0.95,0.0105754858291284,Unusual Thermal Detection,REVIEW,Unusual thermal detection. Analyst verification required.
20.83151,82.14227,2024-12-17,N,351.07,42.0,0.0105712645487872,Unusual Thermal Detection,REVIEW,Unusual thermal detection. Analyst verification required.
21.67708,82.70215,2025-01-03,N,367.0,12.47,0.0105471497226617,Unusual Thermal Detection,REVIEW,Unusual thermal detection. Analyst verification required.
20.93126,81.9068,2024-12-14,Aqua,347.45,117.55,0.0105236612073114,Unusual Thermal Detection,HIGH_REVIEW,Unusual thermal detection. Analyst verification required.
21.08157,85.0313,2024-11-19,N20,307.47,4.65,0.0105080380859202,Unusual Thermal Detection,REVIEW,Unusual thermal detection. Analyst verification required.
26.39751,95.02531,2025-01-03,N20,329.06,11.03,0.0104382573765873,Unusual Thermal Detection,REVIEW,Unusual thermal detection. Analyst verification required.
21.76891,84.00974,2024-12-10,N20,296.21,2.03,0.0104123283880704,Unusual Thermal Detection,REVIEW,Unusual thermal detection. Analyst verification required.
21.07311,74.37898,2024-11-12,Terra,361.43,99.02,0.0103933871987657,Unusual Thermal Detection,HIGH_REVIEW,Unusual thermal detection. Analyst verification required.
23.66552,86.91788,2024-11-18,N,307.51,2.07,0.0103932108475671,Unusual Thermal Detection,REVIEW,Unusual thermal detection. Analyst verification required.
34.5675,75.16847,2024-11-29,N20,348.86,39.82,0.0103638299410794,Unusual Thermal Detection,REVIEW,Unusual thermal detection. Analyst verification required.
23.69329,87.11118,2024-11-18,N,299.64,2.23,0.0103299750269804,Unusual Thermal Detection,REVIEW,Unusual thermal detection. Analyst verification required.
23.77969,86.35978,2024-12-15,N20,297.6,2.05,0.0103298445831613,Unusual Thermal Detection,REVIEW,Unusual thermal detection. Analyst verification required.
24.82792,93.75957,2024-12-26,N,325.2,3.3,0.0103095283866474,Unusual Thermal Detection,REVIEW,Unusual thermal detection. Analyst verification required.
31.51732,77.65293,2024-12-18,N,357.11,17.58,0.0102961883386409,Unusual Thermal Detection,REVIEW,Unusual thermal detection. Analyst verification required.
23.69287,87.12273,2025-01-04,N,305.26,2.54,0.0102931607619903,Unusual Thermal Detection,REVIEW,Unusual thermal detection. Analyst verification required.
20.75893,81.83253,2024-12-13,N,356.95,14.27,0.0102761621499793,Unusual Thermal Detection,REVIEW,Unusual thermal detection. Analyst verification required.
20.99451,86.01622,2025-01-04,N,299.69,1.73,0.0102664131183557,Unusual Thermal Detection,REVIEW,Unusual thermal detection. Analyst verification required.
33.5227,74.16693,2024-12-13,N20,350.36,11.73,0.010262530257172,Unusual Thermal Detection,REVIEW,Unusual thermal detection. Analyst verification required.
31.19173,77.91373,2024-12-19,N20,334.74,6.94,0.0102562130233647,Unusual Thermal Detection,REVIEW,Unusual thermal detection. Analyst verification required.
22.03277,83.35947,2024-11-28,N,299.91,1.76,0.0102177291923883,Unusual Thermal Detection,REVIEW,Unusual thermal detection. Analyst verification required.
29.91595,75.12408,2024-11-01,N,345.26,38.87,0.010211795140339,Unusual Thermal Detection,REVIEW,Unusual thermal detection. Analyst verification required.
17.12134,76.0591,2024-12-06,N20,344.36,40.7,0.01018025804925,Unusual Thermal Detection,REVIEW,Unusual thermal detection. Analyst verification required.
20.70764,78.62046,2024-11-27,N,297.76,0.84,0.0101534564893078,Unusual Thermal Detection,REVIEW,Unusual thermal detection. Analyst verification required.
19.15754,73.0967,2024-12-17,N,337.33,5.26,0.0101460483144691,Unusual Thermal Detection,REVIEW,Unusual thermal detection. Analyst verification required.
21.76449,84.01635,2025-01-09,N,297.16,2.87,0.0101455112325132,Unusual Thermal Detection,REVIEW,Unusual thermal detection. Analyst verification required.
32.42134,76.51733,2024-11-01,Aqua,339.43,125.22,0.0101419820713103,Unusual Thermal Detection,HIGH_REVIEW,Unusual thermal detection. Analyst verification required.
25.17212,84.01456,2024-12-04,N20,341.96,10.84,0.0101285230940707,Unusual Thermal Detection,REVIEW,Unusual thermal detection. Analyst verification required.
25.6396,76.53901,2024-11-16,N,338.37,16.38,0.0101143895416226,Unusual Thermal Detection,REVIEW,Unusual thermal detection. Analyst verification required.
20.99947,86.01326,2024-11-23,N,295.36,0.42,0.0101137111913793,Unusual Thermal Detection,REVIEW,Unusual thermal detection. Analyst verification required.
32.95764,75.77442,2024-12-16,N,316.63,3.54,0.0101122681020422,Unusual Thermal Detection,REVIEW,Unusual thermal detection. Analyst verification required.
18.85348,78.66534,2024-11-28,N20,334.19,8.3,0.0101029480708343,Unusual Thermal Detection,REVIEW,Unusual thermal detection. Analyst verification required.
18.6098,73.95629,2025-01-12,N,335.93,5.29,0.0101020345935967,Unusual Thermal Detection,REVIEW,Unusual thermal detection. Analyst verification required.
29.60508,74.26153,2024-12-06,N,338.78,5.3,0.0100641366278951,Unusual Thermal Detection,REVIEW,Unusual thermal detection. Analyst verification required.
15.73965,76.69283,2024-12-17,N20,367.0,17.69,0.0100338316926298,Unusual Thermal Detection,REVIEW,Unusual thermal detection. Analyst verification required.
18.19644,79.79076,2025-01-04,N20,367.0,19.73,0.0100070806690348,Unusual Thermal Detection,REVIEW,Unusual thermal detection. Analyst verification required.
21.82501,82.80991,2025-01-04,N20,367.0,20.13,0.0100007736797645,Unusual Thermal Detection,REVIEW,Unusual thermal detection. Analyst verification required.
33.70891,75.71859,2024-12-16,N,300.99,2.38,0.0099865296572994,Unusual Thermal Detection,REVIEW,Unusual thermal detection. Analyst verification required.
25.49068,76.592,2024-11-15,Aqua,365.16,108.36,0.0099579390149164,Unusual Thermal Detection,HIGH_REVIEW,Unusual thermal detection. Analyst verification required.
27.70247,94.97688,2024-11-26,N20,367.0,23.02,0.0099403353629705,Unusual Thermal Detection,REVIEW,Unusual thermal detection. Analyst verification required.
20.96789,86.01405,2024-11-01,N,311.95,2.46,0.0099361566987353,Unusual Thermal Detection,REVIEW,Unusual thermal detection. Analyst verification required.
19.20905,77.18977,2025-01-09,N20,301.78,1.2,0.0099345406484108,Unusual Thermal Detection,REVIEW,Unusual thermal detection. Analyst verification required.
22.05401,88.12908,2024-12-14,N,311.39,2.35,0.0098968188942563,Unusual Thermal Detection,REVIEW,Unusual thermal detection. Analyst verification required.
24.14751,82.62936,2024-12-31,N20,303.64,1.57,0.0098726243139092,Unusual Thermal Detection,REVIEW,Unusual thermal detection. Analyst verification required.
22.35675,82.29255,2024-12-09,N20,302.16,6.89,0.0098639153577444,Unusual Thermal Detection,REVIEW,Unusual thermal detection. Analyst verification required.
27.30628,83.70358,2024-11-18,N20,336.74,8.13,0.0098469760366881,Unusual Thermal Detection,REVIEW,Unusual thermal detection. Analyst verification required.
31.69954,75.35941,2024-11-01,N20,367.0,15.92,0.0098348803264917,Unusual Thermal Detection,REVIEW,Unusual thermal detection. Analyst verification required.
23.68259,86.08627,2024-12-21,N20,297.06,2.9,0.0098311457958217,Unusual Thermal Detection,REVIEW,Unusual thermal detection. Analyst verification required.
22.04136,83.35441,2024-12-13,N,299.99,1.68,0.009822039506966,Unusual Thermal Detection,REVIEW,Unusual thermal detection. Analyst verification required.
22.5917,85.9052,2024-12-31,N20,295.74,1.17,0.0098111859195868,Unusual Thermal Detection,REVIEW,Unusual thermal detection. Analyst verification required.
22.78519,86.2019,2024-11-02,N,336.13,9.06,0.0097941763955142,Unusual Thermal Detection,REVIEW,Unusual thermal detection. Analyst verification required.
20.99752,86.01539,2025-01-04,N,303.98,1.8,0.0097733885087363,Unusual Thermal Detection,REVIEW,Unusual thermal detection. Analyst verification required.
25.51498,76.74607,2024-11-13,N20,341.85,60.55,0.0097587152475741,Unusual Thermal Detection,HIGH_REVIEW,Unusual thermal detection. Analyst verification required.
33.13258,75.11457,2024-12-12,N20,300.54,2.28,0.0097459991610202,Unusual Thermal Detection,REVIEW,Unusual thermal detection. Analyst verification required.
29.89582,75.98651,2024-11-15,N,335.49,6.89,0.0097451728433018,Unusual Thermal Detection,REVIEW,Unusual thermal detection. Analyst verification required.
30.41643,74.39668,2024-11-22,N,355.32,44.82,0.0097374361417293,Unusual Thermal Detection,REVIEW,Unusual thermal detection. Analyst verification required.
20.78651,81.1955,2024-12-14,N20,352.31,12.3,0.0096797333077993,Unusual Thermal Detection,REVIEW,Unusual thermal detection. Analyst verification required.
22.65096,77.64939,2024-11-01,N20,367.0,14.63,0.0096720192904846,Unusual Thermal Detection,REVIEW,Unusual thermal detection. Analyst verification required.
20.92819,81.88997,2024-12-14,Aqua,345.88,111.9,0.0096696556390276,Unusual Thermal Detection,HIGH_REVIEW,Unusual thermal detection. Analyst verification required.
21.24337,79.22456,2024-12-29,N,296.09,1.63,0.0096646848320698,Unusual Thermal Detection,REVIEW,Unusual thermal detection. Analyst verification required.
22.03969,83.72791,2025-01-09,N,299.16,4.51,0.0096062790526455,Unusual Thermal Detection,REVIEW,Unusual thermal detection. Analyst verification required.
21.98697,83.23154,2024-12-30,N,299.2,1.52,0.0095747349522761,Unusual Thermal Detection,REVIEW,Unusual thermal detection. Analyst verification required.
22.13062,72.76221,2024-12-01,N,298.12,0.4,0.0095371466547365,Unusual Thermal Detection,REVIEW,Unusual thermal detection. Analyst verification required.
23.48568,87.35825,2024-11-24,N20,297.32,1.09,0.009522530152297,Unusual Thermal Detection,REVIEW,Unusual thermal detection. Analyst verification required.
22.00763,82.6647,2025-01-10,N20,297.76,2.18,0.0095145766006933,Unusual Thermal Detection,REVIEW,Unusual thermal detection. Analyst verification required.
29.51958,75.85973,2024-12-01,N,337.84,5.75,0.009499804289019,Unusual Thermal Detection,REVIEW,Unusual thermal detection. Analyst verification required.
30.46367,75.83247,2024-11-21,N,367.0,20.63,0.0094898183011657,Unusual Thermal Detection,REVIEW,Unusual thermal detection. Analyst verification required.
27.24783,93.62553,2024-12-27,N20,297.94,0.93,0.0094571913238062,Unusual Thermal Detection,REVIEW,Unusual thermal detection. Analyst verification required.
22.57328,85.89157,2024-12-15,N20,297.23,2.14,0.0094457970828959,Unusual Thermal Detection,REVIEW,Unusual thermal detection. Analyst verification required.
22.35392,82.30509,2024-11-27,N,313.04,2.81,0.0094423003732602,Unusual Thermal Detection,REVIEW,Unusual thermal detection. Analyst verification required.
23.69219,87.11435,2024-11-17,N,299.59,2.2,0.009426910374035,Unusual Thermal Detection,REVIEW,Unusual thermal detection. Analyst verification required.
30.32176,74.75715,2024-11-27,N,338.01,7.63,0.0094225286982643,Unusual Thermal Detection,REVIEW,Unusual thermal detection. Analyst verification required.
28.32863,79.89278,2024-11-22,N20,297.13,0.73,0.0093964809741354,Unusual Thermal Detection,REVIEW,Unusual thermal detection. Analyst verification required.
16.32675,77.09902,2024-12-17,N,346.25,8.43,0.0093818027058949,Unusual Thermal Detection,REVIEW,Unusual thermal detection. Analyst verification required.
28.24519,80.00392,2024-11-30,N20,331.6,37.66,0.0093817614757297,Unusual Thermal Detection,REVIEW,Unusual thermal detection. Analyst verification required.
25.79229,70.22419,2024-12-17,Aqua,311.14,31.6,0.0093513648797693,Unusual Thermal Detection,REVIEW,Unusual thermal detection. Analyst verification required.
23.17139,82.33335,2024-12-31,N20,309.32,2.4,0.0093504748238403,Unusual Thermal Detection,REVIEW,Unusual thermal detection. Analyst verification required.
21.62345,81.39608,2025-01-03,N,333.96,5.89,0.009348870449847,Unusual Thermal Detection,REVIEW,Unusual thermal detection. Analyst verification required.
26.06432,78.75199,2024-11-15,N20,344.37,29.35,0.0093391290276739,Unusual Thermal Detection,REVIEW,Unusual thermal detection. Analyst verification required.
22.10822,83.52203,2024-12-14,N,299.27,1.23,0.009331840688518,Unusual Thermal Detection,REVIEW,Unusual thermal detection. Analyst verification required.
25.51009,76.55323,2024-11-13,N20,348.42,30.14,0.0093307966869674,Unusual Thermal Detection,REVIEW,Unusual thermal detection. Analyst verification required.
22.81618,77.86162,2024-11-04,N20,353.35,26.5,0.0093215997419484,Unusual Thermal Detection,REVIEW,Unusual thermal detection. Analyst verification required.
23.26088,79.78546,2024-11-15,N20,341.03,30.28,0.0093076855619703,Unusual Thermal Detection,REVIEW,Unusual thermal detection. Analyst verification required.
27.66031,91.99933,2024-12-28,N20,341.41,10.7,0.0092304611502888,Unusual Thermal Detection,REVIEW,Unusual thermal detection. Analyst verification required.
21.24927,79.22347,2024-12-29,N,295.27,1.23,0.00918806980031,Unusual Thermal Detection,REVIEW,Unusual thermal detection. Analyst verification required.
21.07702,85.03642,2024-11-19,N20,302.96,3.5,0.0091877368286782,Unusual Thermal Detection,REVIEW,Unusual thermal detection. Analyst verification required.
22.04055,83.73578,2024-11-12,N,301.41,2.68,0.0091738743545364,Unusual Thermal Detection,REVIEW,Unusual thermal detection. Analyst verification required.
21.11115,82.05622,2024-12-13,N,353.38,11.23,0.0091651392654749,Unusual Thermal Detection,REVIEW,Unusual thermal detection. Analyst verification required.
19.03974,74.21938,2024-11-28,Terra,309.19,32.66,0.0091371011180835,Unusual Thermal Detection,REVIEW,Unusual thermal detection. Analyst verification required.
16.47557,73.7019,2025-01-11,N,367.0,25.09,0.0091182757965895,Unusual Thermal Detection,REVIEW,Unusual thermal detection. Analyst verification required.
30.06034,75.5971,2024-11-09,N20,342.6,56.69,0.0090928003526274,Unusual Thermal Detection,HIGH_REVIEW,Unusual thermal detection. Analyst verification required.
27.78736,93.19389,2024-12-27,N,352.5,48.06,0.0090761274468401,Unusual Thermal Detection,REVIEW,Unusual thermal detection. Analyst verification required.
19.92383,79.11061,2025-01-04,N20,299.42,1.75,0.0090430668174241,Unusual Thermal Detection,REVIEW,Unusual thermal detection. Analyst verification required.
29.65778,74.45667,2024-11-23,N,343.13,38.89,0.0090428601120303,Unusual Thermal Detection,REVIEW,Unusual thermal detection. Analyst verification required.
20.75475,81.83073,2024-12-13,N,346.0,19.46,0.0090302511058928,Unusual Thermal Detection,REVIEW,Unusual thermal detection. Analyst verification required.
21.7427,81.81217,2024-11-17,N,338.99,7.79,0.0090177753413914,Unusual Thermal Detection,REVIEW,Unusual thermal detection. Analyst verification required.
20.96721,86.01894,2024-12-31,N20,343.1,8.29,0.0090110032971896,Unusual Thermal Detection,REVIEW,Unusual thermal detection. Analyst verification required.
22.35499,82.30032,2025-01-10,N20,297.59,2.07,0.0090042217313003,Unusual Thermal Detection,REVIEW,Unusual thermal detection. Analyst verification required.
23.69019,87.12189,2024-11-17,N,300.7,2.2,0.0089976267712729,Unusual Thermal Detection,REVIEW,Unusual thermal detection. Analyst verification required.
25.82942,76.64959,2024-11-16,N,354.72,12.89,0.0089844916401847,Unusual Thermal Detection,REVIEW,Unusual thermal detection. Analyst verification required.
26.58261,94.839,2024-12-27,N,335.58,28.17,0.0089827218611281,Unusual Thermal Detection,REVIEW,Unusual thermal detection. Analyst verification required.
25.88246,79.10883,2024-11-17,N20,342.5,9.88,0.0089747936190156,Unusual Thermal Detection,REVIEW,Unusual thermal detection. Analyst verification required.
21.37627,81.68019,2024-11-27,N,296.02,1.75,0.0089128669052549,Unusual Thermal Detection,REVIEW,Unusual thermal detection. Analyst verification required.
33.40969,75.81586,2024-12-20,N20,340.89,61.36,0.0089024654973016,Unusual Thermal Detection,HIGH_REVIEW,Unusual thermal detection. Analyst verification required.
29.93835,75.93342,2024-11-15,N,335.93,5.2,0.0089002697937301,Unusual Thermal Detection,REVIEW,Unusual thermal detection. Analyst verification required.
25.88857,76.75462,2024-11-13,N,350.72,29.35,0.0089001942271914,Unusual Thermal Detection,REVIEW,Unusual thermal detection. Analyst verification required.
21.29642,82.98808,2024-12-15,N20,352.6,12.77,0.0088957287693445,Unusual Thermal Detection,REVIEW,Unusual thermal detection. Analyst verification required.
25.62844,76.53487,2024-11-17,N20,367.0,20.02,0.0088946729841405,Unusual Thermal Detection,REVIEW,Unusual thermal detection. Analyst verification required.
16.141,77.00499,2024-12-13,N20,367.0,15.02,0.0088347430419579,Unusual Thermal Detection,REVIEW,Unusual thermal detection. Analyst verification required.
20.97262,86.00761,2024-12-15,N20,310.48,2.71,0.0088297508576369,Unusual Thermal Detection,REVIEW,Unusual thermal detection. Analyst verification required.
31.00556,77.58262,2025-01-04,N20,334.27,15.71,0.0088175395467627,Unusual Thermal Detection,REVIEW,Unusual thermal detection. Analyst verification required.
33.52422,75.2911,2024-11-10,N20,295.62,1.38,0.0088100284595407,Unusual Thermal Detection,REVIEW,Unusual thermal detection. Analyst verification required.
22.03807,83.35139,2024-12-30,N,306.03,2.75,0.0088072784675478,Unusual Thermal Detection,REVIEW,Unusual thermal detection. Analyst verification required.
26.90826,95.45667,2025-01-02,N20,325.32,37.73,0.0088048807149949,Unusual Thermal Detection,REVIEW,Unusual thermal detection. Analyst verification required.
24.07865,69.59569,2024-11-21,N20,351.28,13.92,0.0087748850490868,Unusual Thermal Detection,REVIEW,Unusual thermal detection. Analyst verification required.
23.77922,86.21101,2024-12-19,N,305.9,1.93,0.0087665134278613,Unusual Thermal Detection,REVIEW,Unusual thermal detection. Analyst verification required.
17.5121,78.60731,2025-01-10,N20,344.15,59.52,0.0087461383122301,Unusual Thermal Detection,HIGH_REVIEW,Unusual thermal detection. Analyst verification required.
25.51222,76.63947,2024-11-11,N,367.0,17.74,0.0087405612243379,Unusual Thermal Detection,REVIEW,Unusual thermal detection. Analyst verification required.
23.7774,86.3491,2025-01-04,N,296.15,2.26,0.0087203417073248,Unusual Thermal Detection,REVIEW,Unusual thermal detection. Analyst verification required.
31.19243,78.0346,2024-12-20,N,337.79,71.51,0.0087121826183016,Unusual Thermal Detection,HIGH_REVIEW,Unusual thermal detection. Analyst verification required.
22.10419,83.52235,2024-11-28,N,300.29,0.82,0.0086764336631797,Unusual Thermal Detection,REVIEW,Unusual thermal detection. Analyst verification required.
22.35921,82.2943,2024-12-09,N20,297.32,4.96,0.0086722301400535,Unusual Thermal Detection,REVIEW,Unusual thermal detection. Analyst verification required.
15.15112,76.70552,2024-11-12,N20,299.39,0.95,0.0086624963329263,Unusual Thermal Detection,REVIEW,Unusual thermal detection. Analyst verification required.
26.62698,94.92564,2025-01-03,N20,344.85,12.19,0.0086338658198394,Unusual Thermal Detection,REVIEW,Unusual thermal detection. Analyst verification required.
25.49053,76.74892,2024-11-02,Aqua,327.76,76.12,0.0086197575101558,Unusual Thermal Detection,HIGH_REVIEW,Unusual thermal detection. Analyst verification required.
23.69177,87.11928,2024-12-16,N20,303.82,3.39,0.0086109775523429,Unusual Thermal Detection,REVIEW,Unusual thermal detection. Analyst verification required.
25.49441,76.75389,2024-11-02,N20,335.16,154.11,0.0085741186012813,Unusual Thermal Detection,HIGH_REVIEW,Unusual thermal detection. Analyst verification required.
15.96545,80.94176,2024-12-13,N,299.17,0.51,0.0085576128286256,Unusual Thermal Detection,REVIEW,Unusual thermal detection. Analyst verification required.
29.90872,75.47927,2024-11-15,N,335.57,10.3,0.0085443409373026,Unusual Thermal Detection,REVIEW,Unusual thermal detection. Analyst verification required.
20.30081,81.89009,2024-12-16,N,353.79,28.83,0.0085386997269716,Unusual Thermal Detection,REVIEW,Unusual thermal detection. Analyst verification required.
22.5785,85.89321,2024-12-15,N20,296.2,1.73,0.0085368977538559,Unusual Thermal Detection,REVIEW,Unusual thermal detection. Analyst verification required.
23.18181,79.6488,2024-11-17,N20,330.73,9.08,0.0085331152072745,Unusual Thermal Detection,REVIEW,Unusual thermal detection. Analyst verification required.
20.87088,84.98781,2024-11-24,N20,295.16,0.77,0.0085225859005327,Unusual Thermal Detection,REVIEW,Unusual thermal detection. Analyst verification required.
23.66794,86.91361,2024-11-14,N20,319.41,4.13,0.0085179811344945,Unusual Thermal Detection,REVIEW,Unusual thermal detection. Analyst verification required.
20.24648,86.60556,2024-11-02,N,307.14,2.81,0.0085006294808581,Unusual Thermal Detection,REVIEW,Unusual thermal detection. Analyst verification required.
23.68505,86.0937,2024-12-09,N,296.94,0.55,0.008491107228652,Unusual Thermal Detection,REVIEW,Unusual thermal detection. Analyst verification required.
22.79903,86.08951,2024-12-31,N20,298.33,2.3,0.0084730561039626,Unusual Thermal Detection,REVIEW,Unusual thermal detection. Analyst verification required.
23.66388,84.99841,2024-12-25,N,300.85,1.48,0.0084389039150156,Unusual Thermal Detection,REVIEW,Unusual thermal detection. Analyst verification required.
29.55752,75.40443,2024-12-12,N,310.0,2.3,0.0083995049256612,Unusual Thermal Detection,REVIEW,Unusual thermal detection. Analyst verification required.
20.98873,81.41581,2025-01-03,N,338.1,8.23,0.0083796674088875,Unusual Thermal Detection,REVIEW,Unusual thermal detection. Analyst verification required.
33.11666,75.98374,2024-12-16,N,309.53,2.39,0.0083774715679264,Unusual Thermal Detection,REVIEW,Unusual thermal detection. Analyst verification required.
22.2527,79.84844,2024-11-01,N20,338.25,9.14,0.0083595520389283,Unusual Thermal Detection,REVIEW,Unusual thermal detection. Analyst verification required.
30.52586,75.77182,2024-11-23,N20,353.72,10.99,0.0083590560027856,Unusual Thermal Detection,REVIEW,Unusual thermal detection. Analyst verification required.
27.37892,72.21807,2024-11-02,N,357.09,26.72,0.0083571574940543,Unusual Thermal Detection,REVIEW,Unusual thermal detection. Analyst verification required.
25.25535,85.87863,2024-12-16,N20,350.61,10.1,0.0083504142776007,Unusual Thermal Detection,REVIEW,Unusual thermal detection. Analyst verification required.
20.88739,84.97694,2024-11-19,N20,310.55,3.53,0.008270086465402,Unusual Thermal Detection,REVIEW,Unusual thermal detection. Analyst verification required.
30.41269,74.31833,2024-11-22,N,347.13,63.66,0.0082180239519753,Unusual Thermal Detection,HIGH_REVIEW,Unusual thermal detection. Analyst verification required.
32.72881,76.06324,2024-12-16,N,320.56,3.21,0.0081659024929927,Unusual Thermal Detection,REVIEW,Unusual thermal detection. Analyst verification required.
30.07339,80.35287,2024-12-30,N20,297.45,1.33,0.0081466498769645,Unusual Thermal Detection,REVIEW,Unusual thermal detection. Analyst verification required.
32.39156,76.44738,2024-12-17,N,367.0,24.86,0.0081393910792741,Unusual Thermal Detection,REVIEW,Unusual thermal detection. Analyst verification required.
20.79457,85.24898,2024-11-23,N,297.36,1.46,0.0081388939897858,Unusual Thermal Detection,REVIEW,Unusual thermal detection. Analyst verification required.
17.09012,80.42062,2024-12-23,N,335.19,9.07,0.0081310171538337,Unusual Thermal Detection,REVIEW,Unusual thermal detection. Analyst verification required.
21.01202,81.96504,2024-12-11,Aqua,309.52,32.55,0.0081148698372871,Unusual Thermal Detection,REVIEW,Unusual thermal detection. Analyst verification required.
29.89582,75.98558,2024-11-15,N,334.42,6.15,0.0080869781468678,Unusual Thermal Detection,REVIEW,Unusual thermal detection. Analyst verification required.
21.06153,82.13992,2024-12-12,N20,337.43,38.02,0.0080850282107733,Unusual Thermal Detection,REVIEW,Unusual thermal detection. Analyst verification required.
29.8432,75.95319,2024-11-15,N,335.75,4.41,0.0080633743666863,Unusual Thermal Detection,REVIEW,Unusual thermal detection. Analyst verification required.
25.77709,78.9717,2024-11-21,N,348.69,9.01,0.0080454818533949,Unusual Thermal Detection,REVIEW,Unusual thermal detection. Analyst verification required.
23.66743,86.91425,2024-12-16,N20,305.91,2.23,0.008033409629669,Unusual Thermal Detection,REVIEW,Unusual thermal detection. Analyst verification required.
23.02386,78.80024,2024-12-19,N20,355.5,12.1,0.0080136205629512,Unusual Thermal Detection,REVIEW,Unusual thermal detection. Analyst verification required.
22.92777,69.82105,2024-12-17,N20,296.66,0.83,0.0080040271283798,Unusual Thermal Detection,REVIEW,Unusual thermal detection. Analyst verification required.
21.05196,82.05485,2024-12-16,Aqua,313.43,47.93,0.0079874334348986,Unusual Thermal Detection,REVIEW,Unusual thermal detection. Analyst verification required.
22.66271,77.97799,2024-11-10,N,341.32,12.53,0.0079834896676491,Unusual Thermal Detection,REVIEW,Unusual thermal detection. Analyst verification required.
25.50632,76.57998,2024-11-15,N,336.39,6.56,0.0079708896662578,Unusual Thermal Detection,REVIEW,Unusual thermal detection. Analyst verification required.
25.89463,76.67405,2024-11-01,N20,367.0,16.67,0.0079526861208003,Unusual Thermal Detection,REVIEW,Unusual thermal detection. Analyst verification required.
28.89738,95.97884,2025-01-01,N,326.88,8.12,0.0079248313094741,Unusual Thermal Detection,REVIEW,Unusual thermal detection. Analyst verification required.
15.69166,74.9163,2024-11-20,N,367.0,14.87,0.007901001159946,Unusual Thermal Detection,REVIEW,Unusual thermal detection. Analyst verification required.
24.66273,74.62649,2025-01-09,N20,298.89,1.8,0.0078872224401453,Unusual Thermal Detection,REVIEW,Unusual thermal detection. Analyst verification required.
24.66519,74.63091,2024-11-21,N20,300.27,1.76,0.0078802809619751,Unusual Thermal Detection,REVIEW,Unusual thermal detection. Analyst verification required.
33.40709,75.11595,2024-12-17,N,297.52,1.37,0.0078328312546221,Unusual Thermal Detection,REVIEW,Unusual thermal detection. Analyst verification required.
23.78284,86.20175,2024-12-31,N20,299.84,2.27,0.0077963264556786,Unusual Thermal Detection,REVIEW,Unusual thermal detection. Analyst verification required.
23.28487,79.7916,2024-12-04,N20,328.2,6.81,0.0077294781255139,Unusual Thermal Detection,REVIEW,Unusual thermal detection. Analyst verification required.
16.78749,76.75553,2024-12-17,N,348.48,8.02,0.0076495833535854,Unusual Thermal Detection,REVIEW,Unusual thermal detection. Analyst verification required.
30.32254,74.75629,2024-11-27,N,338.59,7.62,0.0076491175271662,Unusual Thermal Detection,REVIEW,Unusual thermal detection. Analyst verification required.
22.05332,88.1251,2024-12-15,N,308.01,2.54,0.007642955880769,Unusual Thermal Detection,REVIEW,Unusual thermal detection. Analyst verification required.
29.21721,73.07014,2024-11-20,N,353.18,15.42,0.0076425028595321,Unusual Thermal Detection,REVIEW,Unusual thermal detection. Analyst verification required.
22.0416,83.73356,2024-11-14,N,367.0,19.94,0.0076106635877284,Unusual Thermal Detection,REVIEW,Unusual thermal detection. Analyst verification required.
23.682,86.08511,2024-12-21,N20,295.88,1.37,0.0075946361097056,Unusual Thermal Detection,REVIEW,Unusual thermal detection. Analyst verification required.
23.29337,79.74026,2024-12-03,N20,332.84,6.43,0.0075926766198317,Unusual Thermal Detection,REVIEW,Unusual thermal detection. Analyst verification required.
23.05646,77.37191,2024-12-25,N20,367.0,22.87,0.0075604659400707,Unusual Thermal Detection,REVIEW,Unusual thermal detection. Analyst verification required.
23.4123,72.34958,2024-12-01,N,300.71,1.74,0.0075529285106885,Unusual Thermal Detection,REVIEW,Unusual thermal detection. Analyst verification required.
27.65806,92.29198,2024-12-28,N20,355.74,37.38,0.0075448917651184,Unusual Thermal Detection,REVIEW,Unusual thermal detection. Analyst verification required.
25.82238,76.6145,2024-11-17,N20,367.0,23.01,0.007524546040324,Unusual Thermal Detection,REVIEW,Unusual thermal detection. Analyst verification required.
20.96866,86.01824,2024-12-03,N,298.33,1.34,0.0075161250937176,Unusual Thermal Detection,REVIEW,Unusual thermal detection. Analyst verification required.
26.00041,78.68187,2024-11-17,N,356.48,27.48,0.0075153563054692,Unusual Thermal Detection,REVIEW,Unusual thermal detection. Analyst verification required.
30.77018,78.55289,2024-12-13,N,367.0,19.68,0.0075030694636689,Unusual Thermal Detection,REVIEW,Unusual thermal detection. Analyst verification required.
23.69321,87.11784,2024-12-03,N,299.19,1.67,0.0075029471613162,Unusual Thermal Detection,REVIEW,Unusual thermal detection. Analyst verification required.
27.49235,92.08382,2025-01-04,N20,343.68,131.29,0.0074775856627489,Unusual Thermal Detection,HIGH_REVIEW,Unusual thermal detection. Analyst verification required.
23.24844,79.74392,2024-11-17,N20,341.55,6.41,0.0074264721444832,Unusual Thermal Detection,REVIEW,Unusual thermal detection. Analyst verification required.
21.11826,82.29512,2024-12-23,Aqua,309.18,30.92,0.0073891972972228,Unusual Thermal Detection,REVIEW,Unusual thermal detection. Analyst verification required.
21.92015,83.34049,2024-11-08,N20,301.23,1.42,0.0073773437917831,Unusual Thermal Detection,REVIEW,Unusual thermal detection. Analyst verification required.
30.68044,75.49509,2024-11-11,N20,330.16,6.4,0.0073754862622175,Unusual Thermal Detection,REVIEW,Unusual thermal detection. Analyst verification required.
21.92922,83.33766,2024-12-29,N,302.84,2.08,0.0073746014107874,Unusual Thermal Detection,REVIEW,Unusual thermal detection. Analyst verification required.
31.92199,77.33788,2024-11-22,N20,341.39,19.04,0.0073364235655649,Unusual Thermal Detection,REVIEW,Unusual thermal detection. Analyst verification required.
26.54834,95.02067,2024-12-26,N,367.0,19.21,0.0073151026050949,Unusual Thermal Detection,REVIEW,Unusual thermal detection. Analyst verification required.
26.57739,94.79323,2024-12-17,N20,335.7,9.42,0.0072914125110563,Unusual Thermal Detection,REVIEW,Unusual thermal detection. Analyst verification required.
20.9696,85.16354,2025-01-06,N20,300.81,2.8,0.0072847336686021,Unusual Thermal Detection,REVIEW,Unusual thermal detection. Analyst verification required.
23.55827,87.2353,2024-11-18,N,312.04,4.61,0.0072389916041324,Unusual Thermal Detection,REVIEW,Unusual thermal detection. Analyst verification required.
25.71748,76.52647,2024-11-13,N20,353.53,26.63,0.0072364506347988,Unusual Thermal Detection,REVIEW,Unusual thermal detection. Analyst verification required.
30.0266,74.90782,2024-11-19,N,350.93,37.3,0.0072154206362322,Unusual Thermal Detection,REVIEW,Unusual thermal detection. Analyst verification required.
22.04606,83.72668,2025-01-11,N20,307.69,3.27,0.0072132360096409,Unusual Thermal Detection,REVIEW,Unusual thermal detection. Analyst verification required.
16.69578,77.16188,2024-11-17,N20,332.67,6.03,0.0071668295580185,Unusual Thermal Detection,REVIEW,Unusual thermal detection. Analyst verification required.
23.54242,79.94795,2024-11-27,N,367.0,14.02,0.0071468056565368,Unusual Thermal Detection,REVIEW,Unusual thermal detection. Analyst verification required.
31.08833,77.99244,2024-12-12,Aqua,376.95,164.5,0.0071417108827677,Unusual Thermal Detection,HIGH_REVIEW,Unusual thermal detection. Analyst verification required.
19.23275,81.65633,2025-01-10,N20,304.86,2.49,0.0071246989564575,Unusual Thermal Detection,REVIEW,Unusual thermal detection. Analyst verification required.
33.7072,75.73277,2024-12-19,N20,356.22,14.09,0.0071178283463947,Unusual Thermal Detection,REVIEW,Unusual thermal detection. Analyst verification required.
26.60668,95.01098,2025-01-03,N20,346.27,9.95,0.0071070503943035,Unusual Thermal Detection,REVIEW,Unusual thermal detection. Analyst verification required.
28.62363,94.38799,2024-12-16,N20,343.87,15.68,0.007088739268087,Unusual Thermal Detection,REVIEW,Unusual thermal detection. Analyst verification required.
28.67084,96.19196,2024-12-17,Terra,357.13,121.02,0.0070394509366716,Unusual Thermal Detection,HIGH_REVIEW,Unusual thermal detection. Analyst verification required.
22.21476,84.86981,2024-11-24,N20,303.63,2.1,0.0069432526441111,Unusual Thermal Detection,REVIEW,Unusual thermal detection. Analyst verification required.
18.92317,73.20296,2025-01-04,Aqua,344.85,68.37,0.0069315855572235,Unusual Thermal Detection,HIGH_REVIEW,Unusual thermal detection. Analyst verification required.
33.22465,76.02122,2024-11-06,N20,351.19,25.29,0.006923596506648,Unusual Thermal Detection,REVIEW,Unusual thermal detection. Analyst verification required.
21.19898,81.41091,2024-12-20,N20,300.09,2.67,0.006923201300043,Unusual Thermal Detection,REVIEW,Unusual thermal detection. Analyst verification required.
15.17775,76.64774,2024-11-12,N20,299.64,2.12,0.0069008940202983,Unusual Thermal Detection,REVIEW,Unusual thermal detection. Analyst verification required.
30.65042,74.37805,2024-11-19,N,339.67,43.06,0.0068838217389005,Unusual Thermal Detection,REVIEW,Unusual thermal detection. Analyst verification required.
20.96141,85.17651,2024-11-23,N,302.13,2.43,0.0068541408830198,Unusual Thermal Detection,REVIEW,Unusual thermal detection. Analyst verification required.
22.04267,83.73201,2024-11-03,N20,367.0,13.34,0.0068272589822713,Unusual Thermal Detection,REVIEW,Unusual thermal detection. Analyst verification required.
22.04176,83.73199,2025-01-11,N20,316.36,5.04,0.0068157691519978,Unusual Thermal Detection,REVIEW,Unusual thermal detection. Analyst verification required.
25.90139,78.70679,2024-11-17,N20,347.49,13.55,0.0067871675332722,Unusual Thermal Detection,REVIEW,Unusual thermal detection. Analyst verification required.
20.48425,81.34033,2024-12-14,N20,351.84,10.1,0.0067727862082698,Unusual Thermal Detection,REVIEW,Unusual thermal detection. Analyst verification required.
21.10385,81.63779,2025-01-04,N,338.21,4.91,0.00675652722,Unusual Thermal Detection,REVIEW,Unusual thermal detection. Analyst verification required.
20.96868,86.01109,2024-11-17,N,315.33,2.87,0.0067495034519492,Unusual Thermal Detection,REVIEW,Unusual thermal detection. Analyst verification required.
20.79819,85.24786,2025-01-11,N20,297.01,0.95,0.0067342176371761,Unusual Thermal Detection,REVIEW,Unusual thermal detection. Analyst verification required.
33.46351,75.78701,2024-11-29,N20,351.47,59.28,0.0066965567640818,Unusual Thermal Detection,HIGH_REVIEW,Unusual thermal detection. Analyst verification required.
23.24322,79.75609,2024-11-21,N,336.74,8.01,0.0066920969438345,Unusual Thermal Detection,REVIEW,Unusual thermal detection. Analyst verification required.
28.71462,95.89852,2025-01-02,Terra,301.69,39.82,0.0066919895471957,Unusual Thermal Detection,REVIEW,Unusual thermal detection. Analyst verification required.
25.72157,76.55717,2024-11-11,N,367.0,15.32,0.0066284814562663,Unusual Thermal Detection,REVIEW,Unusual thermal detection. Analyst verification required.
23.78094,86.2098,2024-12-15,N20,301.59,4.76,0.0066138465704455,Unusual Thermal Detection,REVIEW,Unusual thermal detection. Analyst verification required.
23.55539,87.23801,2024-12-16,N20,297.97,1.27,0.0066110982370114,Unusual Thermal Detection,REVIEW,Unusual thermal detection. Analyst verification required.
19.26352,82.44765,2025-01-02,N20,350.55,25.33,0.0065882950466392,Unusual Thermal Detection,REVIEW,Unusual thermal detection. Analyst verification required.
18.00404,75.48511,2024-12-12,N,335.9,13.17,0.0065843847327152,Unusual Thermal Detection,REVIEW,Unusual thermal detection. Analyst verification required.
19.13806,73.1008,2025-01-04,N20,345.94,32.39,0.0065773107724478,Unusual Thermal Detection,REVIEW,Unusual thermal detection. Analyst verification required.
22.36056,82.30685,2024-11-27,N,319.03,4.74,0.0065406222831018,Unusual Thermal Detection,REVIEW,Unusual thermal detection. Analyst verification required.
18.74325,77.92907,2024-11-16,N,334.25,5.24,0.0065363884958513,Unusual Thermal Detection,REVIEW,Unusual thermal detection. Analyst verification required.
21.19611,81.41358,2025-01-04,N,305.84,1.96,0.0065280611338834,Unusual Thermal Detection,REVIEW,Unusual thermal detection. Analyst verification required.
31.84402,77.38875,2024-12-19,N20,336.93,7.28,0.0065171451421244,Unusual Thermal Detection,REVIEW,Unusual thermal detection. Analyst verification required.
21.76956,84.02522,2025-01-09,N,295.99,0.88,0.0065135502631089,Unusual Thermal Detection,REVIEW,Unusual thermal detection. Analyst verification required.
32.63105,75.50353,2024-11-02,N20,327.37,7.37,0.0065119037265801,Unusual Thermal Detection,REVIEW,Unusual thermal detection. Analyst verification required.
16.46305,75.73486,2025-01-05,N20,337.84,28.19,0.0065112482121915,Unusual Thermal Detection,REVIEW,Unusual thermal detection. Analyst verification required.
20.96454,85.17612,2024-11-23,N,302.74,2.54,0.0065049422998371,Unusual Thermal Detection,REVIEW,Unusual thermal detection. Analyst verification required.
22.05771,88.11794,2025-01-12,N20,302.14,1.43,0.006501390242831,Unusual Thermal Detection,REVIEW,Unusual thermal detection. Analyst verification required.
12.80836,77.43274,2024-12-13,N,296.87,1.27,0.0064955136471893,Unusual Thermal Detection,REVIEW,Unusual thermal detection. Analyst verification required.
23.69286,87.11882,2024-11-18,N,308.81,2.23,0.0064872624990459,Unusual Thermal Detection,REVIEW,Unusual thermal detection. Analyst verification required.
34.4927,74.55682,2024-11-10,N20,351.7,37.19,0.0064733922120988,Unusual Thermal Detection,REVIEW,Unusual thermal detection. Analyst verification required.
20.88596,84.9791,2024-12-05,N20,301.39,1.75,0.0064728025248915,Unusual Thermal Detection,REVIEW,Unusual thermal detection. Analyst verification required.
22.00579,82.66534,2024-12-25,N20,299.6,2.61,0.0064700362194264,Unusual Thermal Detection,REVIEW,Unusual thermal detection. Analyst verification required.
23.77595,86.20154,2024-12-15,N20,298.84,3.43,0.006467814869678,Unusual Thermal Detection,REVIEW,Unusual thermal detection. Analyst verification required.
23.19627,79.73666,2024-11-21,N,340.39,7.42,0.0064632043291504,Unusual Thermal Detection,REVIEW,Unusual thermal detection. Analyst verification required.
26.60558,94.8358,2024-12-17,N20,342.51,57.95,0.0064539529208055,Unusual Thermal Detection,HIGH_REVIEW,Unusual thermal detection. Analyst verification required.
20.79568,85.2435,2025-01-06,N20,298.47,2.74,0.0064452721338699,Unusual Thermal Detection,REVIEW,Unusual thermal detection. Analyst verification required.
27.60629,95.40108,2025-01-12,N,313.18,2.25,0.0064326526403591,Unusual Thermal Detection,REVIEW,Unusual thermal detection. Analyst verification required.
22.00572,82.66523,2024-12-25,N20,297.2,2.1,0.0064294890160634,Unusual Thermal Detection,REVIEW,Unusual thermal detection. Analyst verification required.
29.97111,76.1853,2024-11-03,N20,342.01,34.05,0.0064154614829384,Unusual Thermal Detection,REVIEW,Unusual thermal detection. Analyst verification required.
21.74996,82.70853,2025-01-03,Aqua,352.03,82.51,0.0063997115804448,Unusual Thermal Detection,HIGH_REVIEW,Unusual thermal detection. Analyst verification required.
21.48805,81.7639,2024-11-13,N20,303.27,1.97,0.0063979651652639,Unusual Thermal Detection,REVIEW,Unusual thermal detection. Analyst verification required.
21.25263,79.20459,2024-12-13,N,295.06,1.14,0.0063734855221907,Unusual Thermal Detection,REVIEW,Unusual thermal detection. Analyst verification required.
33.11785,75.9838,2024-12-16,N,307.57,2.43,0.0063701948592498,Unusual Thermal Detection,REVIEW,Unusual thermal detection. Analyst verification required.
23.67063,86.91182,2024-11-14,N20,314.42,2.94,0.0063658481807146,Unusual Thermal Detection,REVIEW,Unusual thermal detection. Analyst verification required.
21.96548,83.03575,2024-12-14,N,325.43,4.8,0.0063566739257008,Unusual Thermal Detection,REVIEW,Unusual thermal detection. Analyst verification required.
23.05775,77.37138,2024-12-25,N20,367.0,23.49,0.0063508490413386,Unusual Thermal Detection,REVIEW,Unusual thermal detection. Analyst verification required.
30.32722,75.85733,2024-11-24,Aqua,315.12,51.79,0.0063484201731295,Unusual Thermal Detection,HIGH_REVIEW,Unusual thermal detection. Analyst verification required.
21.7547,83.83884,2024-12-10,N20,300.26,2.04,0.0063466341069196,Unusual Thermal Detection,REVIEW,Unusual thermal detection. Analyst verification required.
22.11192,83.51743,2024-11-29,N20,295.29,2.09,0.0063239953373948,Unusual Thermal Detection,REVIEW,Unusual thermal detection. Analyst verification required.
21.63005,82.70828,2024-12-13,N,333.14,6.83,0.0063174875349013,Unusual Thermal Detection,REVIEW,Unusual thermal detection. Analyst verification required.
22.92392,69.82205,2024-12-27,N,295.68,0.69,0.0063153385102985,Unusual Thermal Detection,REVIEW,Unusual thermal detection. Analyst verification required.
30.01159,76.19134,2024-11-02,N20,343.18,30.39,0.0062984497641728,Unusual Thermal Detection,REVIEW,Unusual thermal detection. Analyst verification required.
16.19187,75.59261,2024-11-26,N,329.18,3.77,0.006247014405859,Unusual Thermal Detection,REVIEW,Unusual thermal detection. Analyst verification required.
22.35342,82.28536,2024-12-31,N20,304.89,2.39,0.0062449856384201,Unusual Thermal Detection,REVIEW,Unusual thermal detection. Analyst verification required.
22.35294,82.29269,2024-12-31,N20,302.76,2.39,0.0062347894449069,Unusual Thermal Detection,REVIEW,Unusual thermal detection. Analyst verification required.
22.13031,72.762,2024-11-27,N20,299.21,0.97,0.0062276871054164,Unusual Thermal Detection,REVIEW,Unusual thermal detection. Analyst verification required.
20.97956,80.90633,2024-12-14,N20,349.35,27.72,0.0062119710725916,Unusual Thermal Detection,REVIEW,Unusual thermal detection. Analyst verification required.
22.36737,73.10616,2024-12-13,N20,297.51,2.55,0.0061911169780848,Unusual Thermal Detection,REVIEW,Unusual thermal detection. Analyst verification required.
20.97227,85.16901,2024-11-23,N,298.92,1.89,0.0061894824825823,Unusual Thermal Detection,REVIEW,Unusual thermal detection. Analyst verification required.
23.24474,79.8153,2024-11-28,N20,367.0,11.26,0.0061799501150699,Unusual Thermal Detection,REVIEW,Unusual thermal detection. Analyst verification required.
23.7811,86.36977,2024-12-21,N20,297.71,2.73,0.0061745950525711,Unusual Thermal Detection,REVIEW,Unusual thermal detection. Analyst verification required.
22.35823,82.2875,2025-01-10,N20,306.83,3.92,0.0061617108013952,Unusual Thermal Detection,REVIEW,Unusual thermal detection. Analyst verification required.
32.30713,76.48151,2024-12-16,N,341.86,56.7,0.0061614820908598,Unusual Thermal Detection,HIGH_REVIEW,Unusual thermal detection. Analyst verification required.
18.07244,78.15649,2024-11-18,N,355.36,23.1,0.0061588601402126,Unusual Thermal Detection,REVIEW,Unusual thermal detection. Analyst verification required.
16.28196,75.33166,2025-01-04,N20,297.96,0.87,0.0061546850158947,Unusual Thermal Detection,REVIEW,Unusual thermal detection. Analyst verification required.
21.78514,74.81371,2025-01-09,N20,311.8,0.97,0.0061357594431417,Unusual Thermal Detection,REVIEW,Unusual thermal detection. Analyst verification required.
25.94851,78.05792,2024-11-27,N,353.83,11.09,0.0061294333386069,Unusual Thermal Detection,REVIEW,Unusual thermal detection. Analyst verification required.
22.57752,85.89016,2024-11-24,N20,296.13,0.68,0.006121754539101,Unusual Thermal Detection,REVIEW,Unusual thermal detection. Analyst verification required.
22.04487,83.73362,2024-11-28,N,303.15,2.61,0.0061060556500381,Unusual Thermal Detection,REVIEW,Unusual thermal detection. Analyst verification required.
23.77394,86.19496,2025-01-10,N,295.45,3.43,0.0060890839694788,Unusual Thermal Detection,REVIEW,Unusual thermal detection. Analyst verification required.
21.43371,76.59837,2025-01-07,N,367.0,19.07,0.0060870622158408,Unusual Thermal Detection,REVIEW,Unusual thermal detection. Analyst verification required.
15.96768,80.93578,2025-01-10,N20,300.38,0.72,0.006052002510718,Unusual Thermal Detection,REVIEW,Unusual thermal detection. Analyst verification required.
21.19703,81.41256,2025-01-04,N,302.12,2.0,0.0060482457672773,Unusual Thermal Detection,REVIEW,Unusual thermal detection. Analyst verification required.
29.85845,75.59561,2024-11-11,N20,335.18,6.25,0.0060414703593743,Unusual Thermal Detection,REVIEW,Unusual thermal detection. Analyst verification required.
23.78338,86.33962,2024-12-31,N20,298.96,2.66,0.0060408721652663,Unusual Thermal Detection,REVIEW,Unusual thermal detection. Analyst verification required.
30.34912,74.62484,2024-11-27,N20,343.26,15.48,0.0060258175902027,Unusual Thermal Detection,REVIEW,Unusual thermal detection. Analyst verification required.
29.5752,74.5297,2024-11-18,N20,347.88,37.04,0.006023634088317,Unusual Thermal Detection,REVIEW,Unusual thermal detection. Analyst verification required.
25.73867,76.56853,2024-11-17,N,367.0,23.85,0.0060106972369682,Unusual Thermal Detection,REVIEW,Unusual thermal detection. Analyst verification required.
20.79749,85.25066,2024-11-23,N,298.74,2.29,0.0059948252702527,Unusual Thermal Detection,REVIEW,Unusual thermal detection. Analyst verification required.
25.8155,76.57134,2024-11-12,N,337.86,38.49,0.0059838626716224,Unusual Thermal Detection,REVIEW,Unusual thermal detection. Analyst verification required.
23.22534,79.68273,2024-11-07,N20,352.85,17.92,0.0059573613779492,Unusual Thermal Detection,REVIEW,Unusual thermal detection. Analyst verification required.
29.97612,80.11256,2025-01-09,N20,300.53,1.05,0.0059437865514592,Unusual Thermal Detection,REVIEW,Unusual thermal detection. Analyst verification required.
21.42444,82.26388,2024-12-13,N,350.5,9.46,0.0059256932445382,Unusual Thermal Detection,REVIEW,Unusual thermal detection. Analyst verification required.
26.29038,80.00056,2024-11-01,N20,367.0,10.55,0.0059230788968447,Unusual Thermal Detection,REVIEW,Unusual thermal detection. Analyst verification required.
22.0563,82.93397,2024-12-14,N,325.88,5.01,0.0059149446956673,Unusual Thermal Detection,REVIEW,Unusual thermal detection. Analyst verification required.
22.04445,83.72127,2024-12-04,N20,300.63,6.38,0.0058979338010265,Unusual Thermal Detection,REVIEW,Unusual thermal detection. Analyst verification required.
23.78615,86.39003,2024-12-15,N20,295.95,1.64,0.0058474418461142,Unusual Thermal Detection,REVIEW,Unusual thermal detection. Analyst verification required.
18.72379,79.53876,2025-01-09,N,301.17,1.68,0.0058463594611626,Unusual Thermal Detection,REVIEW,Unusual thermal detection. Analyst verification required.
32.27694,76.61613,2024-12-22,N20,338.13,62.68,0.0058367165918533,Unusual Thermal Detection,HIGH_REVIEW,Unusual thermal detection. Analyst verification required.
29.75135,75.88657,2024-11-01,N,353.71,32.1,0.0058286254815365,Unusual Thermal Detection,REVIEW,Unusual thermal detection. Analyst verification required.
34.494,73.65916,2024-12-30,N20,367.0,17.8,0.0058155325060549,Unusual Thermal Detection,REVIEW,Unusual thermal detection. Analyst verification required.
21.9068,72.75517,2024-12-29,N20,311.45,6.14,0.0058125425822967,Unusual Thermal Detection,REVIEW,Unusual thermal detection. Analyst verification required.
33.49456,74.18802,2024-12-13,N20,350.82,9.43,0.0057682040908568,Unusual Thermal Detection,REVIEW,Unusual thermal detection. Analyst verification required.
23.77821,86.35978,2024-12-31,N20,298.76,2.27,0.0057532349679855,Unusual Thermal Detection,REVIEW,Unusual thermal detection. Analyst verification required.
21.10563,72.64655,2024-11-10,N,367.0,14.77,0.0057449542092961,Unusual Thermal Detection,REVIEW,Unusual thermal detection. Analyst verification required.
30.80011,74.30484,2024-11-02,N20,349.54,27.96,0.0057431622053651,Unusual Thermal Detection,REVIEW,Unusual thermal detection. Analyst verification required.
20.99213,81.9688,2024-12-10,Aqua,348.36,89.59,0.0057165505765582,Unusual Thermal Detection,HIGH_REVIEW,Unusual thermal detection. Analyst verification required.
30.77046,78.55128,2024-12-13,N,367.0,19.03,0.0057083473712075,Unusual Thermal Detection,REVIEW,Unusual thermal detection. Analyst verification required.
23.30052,79.8445,2024-11-21,N,329.21,7.43,0.0056989900089358,Unusual Thermal Detection,REVIEW,Unusual thermal detection. Analyst verification required.
27.27871,92.14573,2025-01-07,N20,341.86,12.71,0.0056889989060474,Unusual Thermal Detection,REVIEW,Unusual thermal detection. Analyst verification required.
22.12706,72.76466,2024-12-01,N,298.87,0.72,0.0056839663055113,Unusual Thermal Detection,REVIEW,Unusual thermal detection. Analyst verification required.
23.61773,86.78258,2024-12-15,N20,300.09,1.89,0.0056772009708531,Unusual Thermal Detection,REVIEW,Unusual thermal detection. Analyst verification required.
31.12194,77.765,2024-12-06,N,314.99,5.78,0.0056765942998044,Unusual Thermal Detection,REVIEW,Unusual thermal detection. Analyst verification required.
21.67627,82.0719,2024-11-13,N20,300.04,2.64,0.0056760789268671,Unusual Thermal Detection,REVIEW,Unusual thermal detection. Analyst verification required.
31.79228,77.53213,2024-12-20,N20,367.0,20.82,0.0056650128894516,Unusual Thermal Detection,REVIEW,Unusual thermal detection. Analyst verification required.
21.74571,81.64754,2024-12-13,N20,351.69,29.63,0.0056541071877032,Unusual Thermal Detection,REVIEW,Unusual thermal detection. Analyst verification required.
26.63349,94.9229,2025-01-03,N20,337.14,12.19,0.0056462462143381,Unusual Thermal Detection,REVIEW,Unusual thermal detection. Analyst verification required.
29.43675,78.65359,2024-11-21,N,343.89,10.72,0.0056194264675719,Unusual Thermal Detection,REVIEW,Unusual thermal detection. Analyst verification required.
32.12388,77.14328,2024-12-20,N20,346.8,10.45,0.0056103753894874,Unusual Thermal Detection,REVIEW,Unusual thermal detection. Analyst verification required.
31.78863,77.03267,2025-01-09,N20,327.02,4.71,0.0055957253927928,Unusual Thermal Detection,REVIEW,Unusual thermal detection. Analyst verification required.
23.78353,86.33917,2024-12-15,N20,298.9,2.09,0.0055822240527882,Unusual Thermal Detection,REVIEW,Unusual thermal detection. Analyst verification required.
21.53895,82.215,2025-01-07,N20,338.56,31.68,0.0055800169149304,Unusual Thermal Detection,REVIEW,Unusual thermal detection. Analyst verification required.
21.08274,85.04018,2025-01-06,N20,298.11,2.02,0.0055464841208929,Unusual Thermal Detection,REVIEW,Unusual thermal detection. Analyst verification required.
23.76424,86.39115,2024-12-15,N20,301.79,5.33,0.0054909529642305,Unusual Thermal Detection,REVIEW,Unusual thermal detection. Analyst verification required.
23.01449,70.1049,2025-01-06,N,296.94,0.72,0.0054906623707166,Unusual Thermal Detection,REVIEW,Unusual thermal detection. Analyst verification required.
23.72803,85.00127,2025-01-11,N20,296.43,0.92,0.0054831070123217,Unusual Thermal Detection,REVIEW,Unusual thermal detection. Analyst verification required.
26.39994,95.02199,2024-12-31,N20,351.95,28.32,0.0054705031267685,Unusual Thermal Detection,REVIEW,Unusual thermal detection. Analyst verification required.
23.16842,82.32729,2024-11-29,N20,300.8,2.15,0.0054679729329142,Unusual Thermal Detection,REVIEW,Unusual thermal detection. Analyst verification required.
25.5781,93.79835,2025-01-11,N,356.93,26.13,0.0054669821205242,Unusual Thermal Detection,REVIEW,Unusual thermal detection. Analyst verification required.
29.60469,74.26188,2024-12-06,N,339.82,5.46,0.0054483749843932,Unusual Thermal Detection,REVIEW,Unusual thermal detection. Analyst verification required.
26.43774,94.99475,2025-01-07,N20,340.34,27.88,0.0054279758510625,Unusual Thermal Detection,REVIEW,Unusual thermal detection. Analyst verification required.
23.69431,87.1132,2024-11-14,N20,304.83,4.32,0.0054256339165946,Unusual Thermal Detection,REVIEW,Unusual thermal detection. Analyst verification required.
23.16585,82.34203,2025-01-10,N20,301.43,3.52,0.0054092820218626,Unusual Thermal Detection,REVIEW,Unusual thermal detection. Analyst verification required.
23.75745,86.40535,2024-12-19,N,300.92,1.8,0.0053745588014137,Unusual Thermal Detection,REVIEW,Unusual thermal detection. Analyst verification required.
32.3331,76.51237,2024-12-16,N,340.46,22.35,0.0053681461432685,Unusual Thermal Detection,REVIEW,Unusual thermal detection. Analyst verification required.
28.34958,80.48981,2024-12-14,N20,336.58,6.44,0.0053634961482361,Unusual Thermal Detection,REVIEW,Unusual thermal detection. Analyst verification required.
21.58526,76.76981,2025-01-03,N,328.24,3.87,0.0053603583281116,Unusual Thermal Detection,REVIEW,Unusual thermal detection. Analyst verification required.
21.92437,83.35537,2024-12-13,N,304.76,1.44,0.0053525076392186,Unusual Thermal Detection,REVIEW,Unusual thermal detection. Analyst verification required.
22.04486,82.69076,2025-01-07,N,352.76,36.72,0.0053455674059179,Unusual Thermal Detection,REVIEW,Unusual thermal detection. Analyst verification required.
22.37651,87.27666,2025-01-11,N20,301.86,1.42,0.005334995262949,Unusual Thermal Detection,REVIEW,Unusual thermal detection. Analyst verification required.
32.41883,76.51624,2024-11-01,N,356.3,20.91,0.0053184732449077,Unusual Thermal Detection,REVIEW,Unusual thermal detection. Analyst verification required.
31.27763,77.29374,2025-01-08,N,310.44,2.35,0.0053040151663427,Unusual Thermal Detection,REVIEW,Unusual thermal detection. Analyst verification required.
20.84843,81.95733,2024-12-14,N,367.0,14.21,0.0053036387204697,Unusual Thermal Detection,REVIEW,Unusual thermal detection. Analyst verification required.
25.45211,76.57722,2024-11-11,N,367.0,14.7,0.0053036387204697,Unusual Thermal Detection,REVIEW,Unusual thermal detection. Analyst verification required.
33.27458,75.50747,2024-12-16,N,307.84,3.87,0.0053011220756943,Unusual Thermal Detection,REVIEW,Unusual thermal detection. Analyst verification required.
26.77135,94.50058,2024-12-28,N20,298.56,0.5,0.0052963763714142,Unusual Thermal Detection,REVIEW,Unusual thermal detection. Analyst verification required.
28.61644,94.40311,2024-12-17,N20,343.5,11.37,0.0052919152016819,Unusual Thermal Detection,REVIEW,Unusual thermal detection. Analyst verification required.
27.00873,95.41012,2025-01-04,N,356.63,34.42,0.005273199729795,Unusual Thermal Detection,REVIEW,Unusual thermal detection. Analyst verification required.
20.86575,81.036,2024-12-14,N20,330.83,16.03,0.0052585644458729,Unusual Thermal Detection,REVIEW,Unusual thermal detection. Analyst verification required.
23.66875,86.91924,2024-12-15,N20,307.58,2.18,0.0052201819716125,Unusual Thermal Detection,REVIEW,Unusual thermal detection. Analyst verification required.
33.51328,75.32905,2024-11-10,N20,296.71,0.81,0.0051797369730308,Unusual Thermal Detection,REVIEW,Unusual thermal detection. Analyst verification required.
22.00591,82.6714,2025-01-10,N20,297.44,2.19,0.0051793646542479,Unusual Thermal Detection,REVIEW,Unusual thermal detection. Analyst verification required.
22.0483,83.72432,2025-01-05,N20,298.71,4.35,0.0051761266102253,Unusual Thermal Detection,REVIEW,Unusual thermal detection. Analyst verification required.
22.14784,80.89644,2024-12-09,N20,367.0,14.98,0.0051682074880602,Unusual Thermal Detection,REVIEW,Unusual thermal detection. Analyst verification required.
23.61798,86.78632,2024-11-14,N20,302.99,1.63,0.0051268726925517,Unusual Thermal Detection,REVIEW,Unusual thermal detection. Analyst verification required.
22.57095,85.89697,2024-12-31,N20,296.68,2.09,0.005124074064986,Unusual Thermal Detection,REVIEW,Unusual thermal detection. Analyst verification required.
29.94788,76.00178,2024-11-15,N,329.64,4.96,0.0051142574679701,Unusual Thermal Detection,REVIEW,Unusual thermal detection. Analyst verification required.
30.34763,74.58694,2024-11-11,N20,339.65,15.1,0.0051067410066254,Unusual Thermal Detection,REVIEW,Unusual thermal detection. Analyst verification required.
29.89277,75.88409,2024-11-15,N,329.87,5.34,0.0050505734892413,Unusual Thermal Detection,REVIEW,Unusual thermal detection. Analyst verification required.
23.36837,79.94867,2024-11-29,N20,367.0,11.37,0.0050417474184838,Unusual Thermal Detection,REVIEW,Unusual thermal detection. Analyst verification required.
30.99176,75.05593,2024-11-03,N20,337.48,30.58,0.0050092132030259,Unusual Thermal Detection,REVIEW,Unusual thermal detection. Analyst verification required.
31.27585,77.29713,2025-01-08,N,310.59,2.13,0.0050071865632458,Unusual Thermal Detection,REVIEW,Unusual thermal detection. Analyst verification required.
26.22101,79.4249,2024-11-16,N,367.0,10.46,0.0049923514442643,Unusual Thermal Detection,REVIEW,Unusual thermal detection. Analyst verification required.
33.71597,73.96242,2024-11-20,N,331.38,5.96,0.0049591209147448,Unusual Thermal Detection,REVIEW,Unusual thermal detection. Analyst verification required.
20.95721,81.96826,2024-12-13,N,367.0,14.71,0.0049378605545935,Unusual Thermal Detection,REVIEW,Unusual thermal detection. Analyst verification required.
29.20786,79.55138,2024-12-14,N20,353.13,10.33,0.0048955867616912,Unusual Thermal Detection,REVIEW,Unusual thermal detection. Analyst verification required.
29.89221,75.88334,2024-11-15,N,330.73,6.07,0.0048937143740992,Unusual Thermal Detection,REVIEW,Unusual thermal detection. Analyst verification required.
25.88098,76.77175,2024-11-13,N,354.09,23.05,0.0048820262850516,Unusual Thermal Detection,REVIEW,Unusual thermal detection. Analyst verification required.
21.68701,72.56445,2024-11-10,N20,350.51,52.8,0.0048315641197308,Unusual Thermal Detection,HIGH_REVIEW,Unusual thermal detection. Analyst verification required.
29.17377,78.10045,2024-11-16,N,367.0,16.46,0.0048184380237177,Unusual Thermal Detection,REVIEW,Unusual thermal detection. Analyst verification required.
28.24432,95.72677,2024-12-12,N20,297.3,0.91,0.004806026994552,Unusual Thermal Detection,REVIEW,Unusual thermal detection. Analyst verification required.
18.76324,77.97171,2024-11-06,N20,342.89,15.23,0.0047962260573855,Unusual Thermal Detection,REVIEW,Unusual thermal detection. Analyst verification required.
21.62636,82.70773,2024-12-13,N,327.9,5.78,0.0047871857805276,Unusual Thermal Detection,REVIEW,Unusual thermal detection. Analyst verification required.
25.85021,79.18071,2024-11-17,N20,341.85,7.39,0.0047792982216428,Unusual Thermal Detection,REVIEW,Unusual thermal detection. Analyst verification required.
20.86291,81.03354,2024-12-14,Aqua,341.31,118.69,0.0047707782146958,Unusual Thermal Detection,HIGH_REVIEW,Unusual thermal detection. Analyst verification required.
22.79962,86.20071,2024-12-31,N20,298.07,2.11,0.0047706610460147,Unusual Thermal Detection,REVIEW,Unusual thermal detection. Analyst verification required.
21.92516,83.35306,2024-12-29,N,303.17,1.73,0.0047592262089293,Unusual Thermal Detection,REVIEW,Unusual thermal detection. Analyst verification required.
21.32365,76.94569,2025-01-06,N20,348.98,32.12,0.0047509071021315,Unusual Thermal Detection,REVIEW,Unusual thermal detection. Analyst verification required.
22.04212,83.73423,2024-11-24,N20,367.0,15.5,0.0047446095129297,Unusual Thermal Detection,REVIEW,Unusual thermal detection. Analyst verification required.
31.27609,77.29028,2025-01-08,N,312.92,2.13,0.0047188411558906,Unusual Thermal Detection,REVIEW,Unusual thermal detection. Analyst verification required.
27.31855,95.26254,2024-11-20,N20,297.49,0.54,0.0046992977349832,Unusual Thermal Detection,REVIEW,Unusual thermal detection. Analyst verification required.
26.18101,79.49455,2024-11-21,N,336.85,6.84,0.0046982233135008,Unusual Thermal Detection,REVIEW,Unusual thermal detection. Analyst verification required.
25.30802,83.46938,2024-12-09,N,326.58,3.85,0.0046979110710061,Unusual Thermal Detection,REVIEW,Unusual thermal detection. Analyst verification required.
17.78661,76.44779,2024-12-24,N20,303.32,2.89,0.0046876750260517,Unusual Thermal Detection,REVIEW,Unusual thermal detection. Analyst verification required.
26.6082,94.99734,2025-01-03,N20,330.52,9.93,0.0046846354375522,Unusual Thermal Detection,REVIEW,Unusual thermal detection. Analyst verification required.
25.43983,76.62703,2024-11-17,N20,367.0,22.66,0.0046763051422656,Unusual Thermal Detection,REVIEW,Unusual thermal detection. Analyst verification required.
23.17729,79.77168,2024-11-17,N20,339.42,8.82,0.0046617234301161,Unusual Thermal Detection,REVIEW,Unusual thermal detection. Analyst verification required.
23.6908,87.12287,2024-11-18,N,305.59,2.3,0.0046537175328167,Unusual Thermal Detection,REVIEW,Unusual thermal detection. Analyst verification required.
25.82723,80.21564,2024-11-17,N,331.17,7.78,0.0046369944578515,Unusual Thermal Detection,REVIEW,Unusual thermal detection. Analyst verification required.
23.69496,87.11388,2025-01-01,N20,304.22,2.48,0.0046224234107898,Unusual Thermal Detection,REVIEW,Unusual thermal detection. Analyst verification required.
23.52017,79.93999,2024-11-21,N,328.66,4.45,0.0045829966620433,Unusual Thermal Detection,REVIEW,Unusual thermal detection. Analyst verification required.
21.49083,81.76566,2024-12-31,N20,302.4,1.64,0.0045721695544225,Unusual Thermal Detection,REVIEW,Unusual thermal detection. Analyst verification required.
21.72016,81.71104,2024-12-14,N20,345.31,7.4,0.0045690109789389,Unusual Thermal Detection,REVIEW,Unusual thermal detection. Analyst verification required.
34.07362,74.72491,2024-12-09,N20,349.34,17.98,0.0045660532301742,Unusual Thermal Detection,REVIEW,Unusual thermal detection. Analyst verification required.
20.80649,85.2533,2024-12-21,N20,302.5,3.14,0.0045575817475319,Unusual Thermal Detection,REVIEW,Unusual thermal detection. Analyst verification required.
23.17574,82.3486,2024-12-13,N,295.09,0.83,0.0045482852292482,Unusual Thermal Detection,REVIEW,Unusual thermal detection. Analyst verification required.
25.73829,78.89948,2024-11-21,Aqua,307.39,25.72,0.0045475353333287,Unusual Thermal Detection,REVIEW,Unusual thermal detection. Analyst verification required.
23.76777,86.40044,2024-12-31,N20,298.76,2.57,0.0045420760398434,Unusual Thermal Detection,REVIEW,Unusual thermal detection. Analyst verification required.
22.77778,78.05492,2024-11-21,N,367.0,12.54,0.0045333217491816,Unusual Thermal Detection,REVIEW,Unusual thermal detection. Analyst verification required.
21.10227,72.80699,2025-01-12,N,300.61,5.57,0.0045245197138362,Unusual Thermal Detection,REVIEW,Unusual thermal detection. Analyst verification required.
24.2055,82.5243,2024-12-19,N,297.36,0.96,0.0045242980405066,Unusual Thermal Detection,REVIEW,Unusual thermal detection. Analyst verification required.
25.54176,76.57082,2024-11-12,N20,355.59,10.58,0.0045086823309642,Unusual Thermal Detection,REVIEW,Unusual thermal detection. Analyst verification required.
22.04298,83.73312,2024-11-18,N20,355.52,10.2,0.0045024927579599,Unusual Thermal Detection,REVIEW,Unusual thermal detection. Analyst verification required.
23.16438,82.33459,2024-11-01,N,300.33,1.49,0.0045003193682418,Unusual Thermal Detection,REVIEW,Unusual thermal detection. Analyst verification required.
30.03805,80.57339,2024-12-13,N,299.48,1.77,0.0044927271807641,Unusual Thermal Detection,REVIEW,Unusual thermal detection. Analyst verification required.
22.3515,82.29399,2024-12-19,N,301.29,1.73,0.0044927271807641,Unusual Thermal Detection,REVIEW,Unusual thermal detection. Analyst verification required.
20.8937,84.97208,2024-12-05,N20,302.24,1.75,0.0044771607960615,Unusual Thermal Detection,REVIEW,Unusual thermal detection. Analyst verification required.
17.97443,74.50155,2024-12-16,N,367.0,17.36,0.0044498526147543,Unusual Thermal Detection,REVIEW,Unusual thermal detection. Analyst verification required.
33.70375,75.73399,2024-12-19,N20,355.57,20.52,0.0044425869793989,Unusual Thermal Detection,REVIEW,Unusual thermal detection. Analyst verification required.
21.3082,73.30369,2025-01-09,N20,367.0,13.23,0.0044335041003439,Unusual Thermal Detection,REVIEW,Unusual thermal detection. Analyst verification required.
20.8411,81.89149,2024-12-16,Aqua,311.87,34.06,0.0044318502958077,Unusual Thermal Detection,REVIEW,Unusual thermal detection. Analyst verification required.
27.43708,72.42249,2024-11-02,N,356.43,27.53,0.0044237813857648,Unusual Thermal Detection,REVIEW,Unusual thermal detection. Analyst verification required.
21.49029,81.7663,2024-12-03,N,301.3,1.96,0.0044131849639177,Unusual Thermal Detection,REVIEW,Unusual thermal detection. Analyst verification required.
29.79652,75.8802,2024-11-01,N20,367.0,18.08,0.0043888826075696,Unusual Thermal Detection,REVIEW,Unusual thermal detection. Analyst verification required.
19.20714,77.18902,2025-01-09,N20,300.93,1.31,0.004384424548414,Unusual Thermal Detection,REVIEW,Unusual thermal detection. Analyst verification required.
22.10698,83.52385,2024-11-12,N,301.2,1.8,0.0043646501379915,Unusual Thermal Detection,REVIEW,Unusual thermal detection. Analyst verification required.
32.1182,77.34203,2024-11-21,N,341.63,16.92,0.0043583093803112,Unusual Thermal Detection,REVIEW,Unusual thermal detection. Analyst verification required.
23.69149,86.38554,2024-12-31,N20,300.47,2.12,0.004346746215056,Unusual Thermal Detection,REVIEW,Unusual thermal detection. Analyst verification required.
21.87909,83.55511,2024-11-28,N,299.24,1.03,0.0042950820447801,Unusual Thermal Detection,REVIEW,Unusual thermal detection. Analyst verification required.
19.56476,73.34478,2024-12-17,N,343.59,5.57,0.0042925787162046,Unusual Thermal Detection,REVIEW,Unusual thermal detection. Analyst verification required.
32.35966,76.43696,2024-11-14,N20,336.33,33.21,0.0042923313398345,Unusual Thermal Detection,REVIEW,Unusual thermal detection. Analyst verification required.
22.04426,83.73544,2024-12-26,N20,299.47,2.22,0.0042811094699795,Unusual Thermal Detection,REVIEW,Unusual thermal detection. Analyst verification required.
32.95611,75.79262,2024-12-19,N20,367.0,12.84,0.0042799096783322,Unusual Thermal Detection,REVIEW,Unusual thermal detection. Analyst verification required.
25.04574,83.91516,2024-12-06,N20,334.9,35.42,0.0042559685145699,Unusual Thermal Detection,REVIEW,Unusual thermal detection. Analyst verification required.
22.35393,82.30488,2024-11-27,N,341.9,10.09,0.0042217103593279,Unusual Thermal Detection,REVIEW,Unusual thermal detection. Analyst verification required.
29.61245,74.38396,2024-11-23,N20,342.11,41.64,0.004220264076729,Unusual Thermal Detection,REVIEW,Unusual thermal detection. Analyst verification required.
18.4761,77.73299,2024-11-02,N,352.94,24.7,0.0041201142584561,Unusual Thermal Detection,REVIEW,Unusual thermal detection. Analyst verification required.
21.06307,81.63976,2025-01-03,N,335.71,5.17,0.0040957872891014,Unusual Thermal Detection,REVIEW,Unusual thermal detection. Analyst verification required.
20.96992,85.16568,2024-12-05,N20,308.14,4.38,0.0040946760857215,Unusual Thermal Detection,REVIEW,Unusual thermal detection. Analyst verification required.
29.59009,74.30801,2024-11-20,N,340.19,6.81,0.0040859658996451,Unusual Thermal Detection,REVIEW,Unusual thermal detection. Analyst verification required.
25.514,76.72104,2024-11-06,N20,350.71,11.32,0.0040698653256331,Unusual Thermal Detection,REVIEW,Unusual thermal detection. Analyst verification required.
18.82964,73.11867,2024-12-02,N20,346.18,14.89,0.0040692414951115,Unusual Thermal Detection,REVIEW,Unusual thermal detection. Analyst verification required.
19.60012,75.49467,2025-01-07,N,330.98,6.34,0.0040613273438502,Unusual Thermal Detection,REVIEW,Unusual thermal detection. Analyst verification required.
22.85717,86.05713,2025-01-04,N,296.23,0.76,0.004044496305,Unusual Thermal Detection,REVIEW,Unusual thermal detection. Analyst verification required.
18.35663,75.18579,2025-01-08,N,297.23,0.67,0.004044496305,Unusual Thermal Detection,REVIEW,Unusual thermal detection. Analyst verification required.
20.96397,85.1706,2024-11-19,N20,304.32,4.19,0.0040408673261865,Unusual Thermal Detection,REVIEW,Unusual thermal detection. Analyst verification required.
29.44302,74.04568,2024-11-15,N,357.13,14.8,0.0040373148633487,Unusual Thermal Detection,REVIEW,Unusual thermal detection. Analyst verification required.
26.55873,95.07745,2024-12-19,N,343.68,46.62,0.0040059591763617,Unusual Thermal Detection,REVIEW,Unusual thermal detection. Analyst verification required.
31.08723,78.16886,2024-12-14,N20,343.37,30.03,0.0040039074445095,Unusual Thermal Detection,REVIEW,Unusual thermal detection. Analyst verification required.
30.42839,73.97746,2024-11-21,Aqua,342.51,116.13,0.0040028658374556,Unusual Thermal Detection,HIGH_REVIEW,Unusual thermal detection. Analyst verification required.
17.48469,77.89085,2024-12-29,Aqua,314.91,45.08,0.0039830827314403,Unusual Thermal Detection,REVIEW,Unusual thermal detection. Analyst verification required.
25.45721,76.57667,2024-11-11,N,367.0,14.7,0.0039814823687888,Unusual Thermal Detection,REVIEW,Unusual thermal detection. Analyst verification required.
25.78606,76.64964,2024-11-16,Aqua,336.18,105.77,0.0039659099425393,Unusual Thermal Detection,HIGH_REVIEW,Unusual thermal detection. Analyst verification required.
21.20478,82.10672,2024-12-30,N,367.0,18.87,0.0039461518320593,Unusual Thermal Detection,REVIEW,Unusual thermal detection. Analyst verification required.
19.96403,79.3298,2024-12-09,N20,297.93,0.75,0.0039267486999077,Unusual Thermal Detection,REVIEW,Unusual thermal detection. Analyst verification required.
21.16949,73.96355,2025-01-03,N20,297.0,0.76,0.0038878303413445,Unusual Thermal Detection,REVIEW,Unusual thermal detection. Analyst verification required.
22.90636,78.07068,2024-11-26,N,337.94,8.25,0.0038783895093357,Unusual Thermal Detection,REVIEW,Unusual thermal detection. Analyst verification required.
16.40933,77.55904,2025-01-09,N20,367.0,12.62,0.0038663154673415,Unusual Thermal Detection,REVIEW,Unusual thermal detection. Analyst verification required.
21.67365,82.08476,2024-11-27,N,295.8,1.16,0.0038618862238779,Unusual Thermal Detection,REVIEW,Unusual thermal detection. Analyst verification required.
21.10471,72.64496,2025-01-02,N20,340.44,27.68,0.0038615135370482,Unusual Thermal Detection,REVIEW,Unusual thermal detection. Analyst verification required.
22.35264,82.29247,2024-12-09,N20,297.07,0.47,0.0038441404744676,Unusual Thermal Detection,REVIEW,Unusual thermal detection. Analyst verification required.
29.58726,74.35965,2024-11-23,Aqua,366.87,112.5,0.0038416047463841,Unusual Thermal Detection,HIGH_REVIEW,Unusual thermal detection. Analyst verification required.
22.79759,86.20643,2024-12-15,N20,298.48,1.87,0.0038293553831018,Unusual Thermal Detection,REVIEW,Unusual thermal detection. Analyst verification required.
25.49136,76.58632,2024-11-15,N,357.47,24.1,0.0038248012830286,Unusual Thermal Detection,REVIEW,Unusual thermal detection. Analyst verification required.
32.33781,76.51328,2024-12-16,N,333.81,22.35,0.0038239644919676,Unusual Thermal Detection,REVIEW,Unusual thermal detection. Analyst verification required.
27.31949,95.26576,2024-12-22,N20,296.62,0.97,0.0037843077212742,Unusual Thermal Detection,REVIEW,Unusual thermal detection. Analyst verification required.
26.66579,94.90837,2024-12-30,N20,326.1,34.85,0.0037557782241757,Unusual Thermal Detection,REVIEW,Unusual thermal detection. Analyst verification required.
32.60289,76.55811,2024-11-02,N20,351.17,26.9,0.0037511929603968,Unusual Thermal Detection,REVIEW,Unusual thermal detection. Analyst verification required.
17.67243,75.86691,2025-01-02,N,367.0,11.28,0.0037376664621585,Unusual Thermal Detection,REVIEW,Unusual thermal detection. Analyst verification required.
17.93147,75.01096,2024-12-17,N,367.0,11.26,0.0037376664621585,Unusual Thermal Detection,REVIEW,Unusual thermal detection. Analyst verification required.
32.42382,76.41857,2024-11-01,N,356.78,24.04,0.0037316913971761,Unusual Thermal Detection,REVIEW,Unusual thermal detection. Analyst verification required.
26.80281,95.39194,2024-12-26,N,310.57,2.6,0.0036856313277159,Unusual Thermal Detection,REVIEW,Unusual thermal detection. Analyst verification required.
18.93501,78.5509,2024-11-28,N,347.45,14.46,0.0036485088360164,Unusual Thermal Detection,REVIEW,Unusual thermal detection. Analyst verification required.
28.24282,95.72594,2024-12-12,N20,296.87,1.09,0.0036452123961913,Unusual Thermal Detection,REVIEW,Unusual thermal detection. Analyst verification required.
21.75922,84.02479,2024-12-20,N20,305.28,3.14,0.0036388274134531,Unusual Thermal Detection,REVIEW,Unusual thermal detection. Analyst verification required.
25.69084,76.58633,2024-11-12,N20,352.87,12.25,0.0036325065410415,Unusual Thermal Detection,REVIEW,Unusual thermal detection. Analyst verification required.
33.1661,75.89669,2024-12-16,N,305.31,2.01,0.0036253625120702,Unusual Thermal Detection,REVIEW,Unusual thermal detection. Analyst verification required.
27.54006,95.39622,2024-12-22,N20,297.82,1.23,0.0036225253836902,Unusual Thermal Detection,REVIEW,Unusual thermal detection. Analyst verification required.
21.75438,84.02,2024-12-20,N20,298.85,1.65,0.0035919546433883,Unusual Thermal Detection,REVIEW,Unusual thermal detection. Analyst verification required.
32.35328,76.44745,2024-12-22,N20,297.67,9.08,0.0035889836245996,Unusual Thermal Detection,REVIEW,Unusual thermal detection. Analyst verification required.
29.58917,74.30797,2024-11-20,N,341.39,7.15,0.0035806497159142,Unusual Thermal Detection,REVIEW,Unusual thermal detection. Analyst verification required.
22.00163,82.55975,2024-12-15,N20,353.16,12.35,0.0035582044314044,Unusual Thermal Detection,REVIEW,Unusual thermal detection. Analyst verification required.
25.50183,76.57519,2024-11-13,N,348.46,30.09,0.00354065746617,Unusual Thermal Detection,REVIEW,Unusual thermal detection. Analyst verification required.
20.80939,85.2554,2024-12-21,N20,300.81,2.56,0.0035381782487117,Unusual Thermal Detection,REVIEW,Unusual thermal detection. Analyst verification required.
21.49896,81.76785,2025-01-10,N20,298.16,1.05,0.003507363196497,Unusual Thermal Detection,REVIEW,Unusual thermal detection. Analyst verification required.
30.27263,76.06445,2024-11-06,N20,343.53,14.98,0.0034878134815135,Unusual Thermal Detection,REVIEW,Unusual thermal detection. Analyst verification required.
21.0145,83.62237,2024-12-30,N,326.33,6.6,0.0034571468312303,Unusual Thermal Detection,REVIEW,Unusual thermal detection. Analyst verification required.
23.56068,87.08755,2024-11-17,N,300.85,2.19,0.0034463652970571,Unusual Thermal Detection,REVIEW,Unusual thermal detection. Analyst verification required.
22.3558,82.30066,2024-12-13,N,315.34,5.42,0.0034281457442579,Unusual Thermal Detection,REVIEW,Unusual thermal detection. Analyst verification required.
22.36549,87.29335,2025-01-01,N20,297.77,2.51,0.00342606158717,Unusual Thermal Detection,REVIEW,Unusual thermal detection. Analyst verification required.
21.48708,81.77056,2024-11-16,N,300.97,1.79,0.0034236250842362,Unusual Thermal Detection,REVIEW,Unusual thermal detection. Analyst verification required.
26.6112,95.00862,2025-01-03,N20,325.33,10.24,0.0034232992856307,Unusual Thermal Detection,REVIEW,Unusual thermal detection. Analyst verification required.
27.45938,95.47772,2024-11-09,N,301.57,0.74,0.0034164096113079,Unusual Thermal Detection,REVIEW,Unusual thermal detection. Analyst verification required.
23.75979,86.40371,2024-12-15,N20,299.87,2.88,0.0033993338035819,Unusual Thermal Detection,REVIEW,Unusual thermal detection. Analyst verification required.
30.02946,76.19672,2024-11-07,N20,349.96,10.57,0.0033980072866907,Unusual Thermal Detection,REVIEW,Unusual thermal detection. Analyst verification required.
29.94514,75.91607,2024-11-15,N,328.89,4.85,0.0033922991712881,Unusual Thermal Detection,REVIEW,Unusual thermal detection. Analyst verification required.
16.45906,73.64978,2024-12-06,N,340.81,12.8,0.0033466872216356,Unusual Thermal Detection,REVIEW,Unusual thermal detection. Analyst verification required.
21.10669,72.64558,2024-11-30,N,367.0,18.22,0.0033179000602175,Unusual Thermal Detection,REVIEW,Unusual thermal detection. Analyst verification required.
21.92085,83.3512,2024-12-14,N,313.75,2.41,0.0032824897276677,Unusual Thermal Detection,REVIEW,Unusual thermal detection. Analyst verification required.
23.44938,80.05595,2024-11-18,N20,337.37,11.29,0.0032738622071356,Unusual Thermal Detection,REVIEW,Unusual thermal detection. Analyst verification required.
26.39566,95.02467,2025-01-03,N20,325.12,14.34,0.003248792624017,Unusual Thermal Detection,REVIEW,Unusual thermal detection. Analyst verification required.
33.60806,75.7691,2024-12-17,N,304.93,4.18,0.0032444244396087,Unusual Thermal Detection,REVIEW,Unusual thermal detection. Analyst verification required.
28.66823,96.17845,2024-12-16,N,327.76,6.96,0.0032363497326509,Unusual Thermal Detection,REVIEW,Unusual thermal detection. Analyst verification required.
20.73439,70.73766,2025-01-07,N,333.66,6.73,0.0032312241962728,Unusual Thermal Detection,REVIEW,Unusual thermal detection. Analyst verification required.
19.08602,82.23927,2024-12-30,N,367.0,17.1,0.003228648003771,Unusual Thermal Detection,REVIEW,Unusual thermal detection. Analyst verification required.
25.55007,76.72099,2024-11-10,N,350.82,14.89,0.0032283844623729,Unusual Thermal Detection,REVIEW,Unusual thermal detection. Analyst verification required.
20.78702,81.20261,2024-12-14,N20,340.48,14.82,0.0032088907039409,Unusual Thermal Detection,REVIEW,Unusual thermal detection. Analyst verification required.
22.87734,86.0631,2024-12-15,N20,299.54,1.59,0.0032088841954924,Unusual Thermal Detection,REVIEW,Unusual thermal detection. Analyst verification required.
20.93973,81.97092,2024-12-12,N20,367.0,26.43,0.0031870183711852,Unusual Thermal Detection,REVIEW,Unusual thermal detection. Analyst verification required.
30.07354,75.91409,2024-11-11,N,367.0,17.72,0.0031801469061331,Unusual Thermal Detection,REVIEW,Unusual thermal detection. Analyst verification required.
23.29045,87.87091,2024-12-26,N20,297.07,1.16,0.0031773951673481,Unusual Thermal Detection,REVIEW,Unusual thermal detection. Analyst verification required.
30.75553,74.40955,2024-11-26,N,367.0,16.49,0.0031696309291515,Unusual Thermal Detection,REVIEW,Unusual thermal detection. Analyst verification required.
32.36238,76.45569,2024-12-22,N,355.33,12.41,0.0031577240860951,Unusual Thermal Detection,REVIEW,Unusual thermal detection. Analyst verification required.
21.9701,85.31384,2025-01-10,N,297.68,0.92,0.003119350711673,Unusual Thermal Detection,REVIEW,Unusual thermal detection. Analyst verification required.
27.37612,95.08136,2024-11-26,N20,295.91,0.76,0.0031190344181711,Unusual Thermal Detection,REVIEW,Unusual thermal detection. Analyst verification required.
22.05529,88.12137,2024-12-31,N,302.3,2.14,0.0031126692241975,Unusual Thermal Detection,REVIEW,Unusual thermal detection. Analyst verification required.
22.26616,75.13332,2025-01-07,N,300.44,1.78,0.003104434872778,Unusual Thermal Detection,REVIEW,Unusual thermal detection. Analyst verification required.
20.97248,86.00344,2024-12-03,N,299.77,1.53,0.003101196543126,Unusual Thermal Detection,REVIEW,Unusual thermal detection. Analyst verification required.
25.47742,76.59663,2024-11-11,N,367.0,11.77,0.0030815210810315,Unusual Thermal Detection,REVIEW,Unusual thermal detection. Analyst verification required.
22.94781,79.41967,2025-01-04,N20,347.5,8.59,0.003081424186648,Unusual Thermal Detection,REVIEW,Unusual thermal detection. Analyst verification required.
21.58863,69.65548,2025-01-07,N,367.0,17.06,0.0030642045775285,Unusual Thermal Detection,REVIEW,Unusual thermal detection. Analyst verification required.
23.68337,86.39034,2024-12-31,N20,310.15,4.32,0.0030596641857796,Unusual Thermal Detection,REVIEW,Unusual thermal detection. Analyst verification required.
21.10348,72.63672,2024-11-18,N,339.38,38.49,0.0030568662054651,Unusual Thermal Detection,REVIEW,Unusual thermal detection. Analyst verification required.
23.69678,87.10384,2024-12-16,N20,302.72,2.27,0.0030514344131197,Unusual Thermal Detection,REVIEW,Unusual thermal detection. Analyst verification required.
28.67715,96.05078,2025-01-02,N,355.36,17.71,0.0030474057964477,Unusual Thermal Detection,REVIEW,Unusual thermal detection. Analyst verification required.
20.81011,81.83472,2024-12-15,N,353.57,32.69,0.0030420632131593,Unusual Thermal Detection,REVIEW,Unusual thermal detection. Analyst verification required.
21.13846,82.27425,2024-12-15,N20,341.5,7.35,0.003034553497876,Unusual Thermal Detection,REVIEW,Unusual thermal detection. Analyst verification required.
23.76099,85.8504,2025-01-06,N20,297.47,2.11,0.0029888811683285,Unusual Thermal Detection,REVIEW,Unusual thermal detection. Analyst verification required.
30.79144,74.31198,2024-11-08,N20,339.41,40.82,0.0029857121596716,Unusual Thermal Detection,REVIEW,Unusual thermal detection. Analyst verification required.
20.96726,86.01339,2025-01-04,N,334.58,8.82,0.0029741109972526,Unusual Thermal Detection,REVIEW,Unusual thermal detection. Analyst verification required.
30.22456,74.61413,2024-11-11,N20,350.81,11.19,0.0029623779786877,Unusual Thermal Detection,REVIEW,Unusual thermal detection. Analyst verification required.
28.66788,96.17852,2024-12-17,N,355.5,27.64,0.0029282398534919,Unusual Thermal Detection,REVIEW,Unusual thermal detection. Analyst verification required.
29.2908,74.15017,2024-11-10,N,367.0,17.8,0.0029206527503462,Unusual Thermal Detection,REVIEW,Unusual thermal detection. Analyst verification required.
22.05266,88.11806,2024-11-09,N20,306.01,1.95,0.0028874895981835,Unusual Thermal Detection,REVIEW,Unusual thermal detection. Analyst verification required.
23.66454,84.9937,2025-01-11,N20,297.03,1.03,0.0028726551441828,Unusual Thermal Detection,REVIEW,Unusual thermal detection. Analyst verification required.
21.09986,72.64246,2024-11-27,N20,328.43,7.35,0.0028631886951823,Unusual Thermal Detection,REVIEW,Unusual thermal detection. Analyst verification required.
21.67943,84.03078,2024-12-10,N20,302.22,3.46,0.0028585969862463,Unusual Thermal Detection,REVIEW,Unusual thermal detection. Analyst verification required.
19.15051,73.09854,2024-12-17,N,332.34,5.26,0.002856374370833,Unusual Thermal Detection,REVIEW,Unusual thermal detection. Analyst verification required.
30.57757,78.57786,2025-01-04,N20,330.15,5.21,0.0028339377012555,Unusual Thermal Detection,REVIEW,Unusual thermal detection. Analyst verification required.
25.41764,76.69872,2024-11-10,N,352.45,13.68,0.002816090562848,Unusual Thermal Detection,REVIEW,Unusual thermal detection. Analyst verification required.
21.10512,72.64394,2024-12-17,N,331.79,11.1,0.0028129012001614,Unusual Thermal Detection,REVIEW,Unusual thermal detection. Analyst verification required.
21.65026,82.4792,2025-01-09,N,367.0,13.46,0.0028024266947832,Unusual Thermal Detection,REVIEW,Unusual thermal detection. Analyst verification required.
33.22316,76.02146,2024-11-06,N20,356.54,22.31,0.0028011259941169,Unusual Thermal Detection,REVIEW,Unusual thermal detection. Analyst verification required.
23.31863,82.69637,2024-11-29,N20,298.23,0.58,0.0027977268269852,Unusual Thermal Detection,REVIEW,Unusual thermal detection. Analyst verification required.
21.23996,82.0771,2025-01-09,N,367.0,15.02,0.0027952466482086,Unusual Thermal Detection,REVIEW,Unusual thermal detection. Analyst verification required.
16.04544,80.60222,2024-12-07,N,336.72,5.63,0.0027914863949026,Unusual Thermal Detection,REVIEW,Unusual thermal detection. Analyst verification required.
9.66868,76.48055,2025-01-10,N,367.0,26.25,0.0027744186400174,Unusual Thermal Detection,REVIEW,Unusual thermal detection. Analyst verification required.
29.40473,73.9289,2024-11-22,N20,367.0,22.07,0.0027612799231313,Unusual Thermal Detection,REVIEW,Unusual thermal detection. Analyst verification required.
29.59439,74.43488,2024-11-20,N,330.86,5.65,0.0027581802514895,Unusual Thermal Detection,REVIEW,Unusual thermal detection. Analyst verification required.
23.66908,84.99422,2024-11-24,N20,297.4,1.53,0.002744388373927,Unusual Thermal Detection,REVIEW,Unusual thermal detection. Analyst verification required.
27.5011,72.40248,2024-11-18,N,355.8,56.43,0.0027419961888121,Unusual Thermal Detection,HIGH_REVIEW,Unusual thermal detection. Analyst verification required.
20.95827,81.97298,2024-12-13,N,367.0,14.71,0.0027369916921649,Unusual Thermal Detection,REVIEW,Unusual thermal detection. Analyst verification required.
20.80757,81.98267,2025-01-10,N20,353.01,14.14,0.0027336825699851,Unusual Thermal Detection,REVIEW,Unusual thermal detection. Analyst verification required.
25.42156,76.81111,2024-11-04,N20,354.15,25.82,0.0027275407753281,Unusual Thermal Detection,REVIEW,Unusual thermal detection. Analyst verification required.
21.92886,82.4604,2024-12-27,N20,343.29,47.09,0.0027241450645957,Unusual Thermal Detection,REVIEW,Unusual thermal detection. Analyst verification required.
35.61021,73.66184,2024-12-23,N20,297.39,1.74,0.0027233469471358,Unusual Thermal Detection,REVIEW,Unusual thermal detection. Analyst verification required.
23.32469,79.78973,2024-11-13,N20,338.35,27.62,0.0027230436317879,Unusual Thermal Detection,REVIEW,Unusual thermal detection. Analyst verification required.
22.04605,83.73167,2024-11-12,N,307.96,2.07,0.0027113157110045,Unusual Thermal Detection,REVIEW,Unusual thermal detection. Analyst verification required.
16.36042,81.27948,2024-12-03,N,301.48,0.83,0.0026936325013359,Unusual Thermal Detection,REVIEW,Unusual thermal detection. Analyst verification required.
32.95538,75.77547,2024-12-16,N,325.76,4.82,0.0026667845124549,Unusual Thermal Detection,REVIEW,Unusual thermal detection. Analyst verification required.
27.43636,72.41827,2024-11-02,N,356.5,27.53,0.0026638802610922,Unusual Thermal Detection,REVIEW,Unusual thermal detection. Analyst verification required.
20.80863,81.74712,2025-01-04,N,327.95,4.4,0.0026565116966448,Unusual Thermal Detection,REVIEW,Unusual thermal detection. Analyst verification required.
25.94889,78.07915,2024-11-19,N20,330.21,44.98,0.0026455664672133,Unusual Thermal Detection,REVIEW,Unusual thermal detection. Analyst verification required.
22.78437,86.20321,2024-12-31,N20,299.48,2.14,0.0026360551341905,Unusual Thermal Detection,REVIEW,Unusual thermal detection. Analyst verification required.
30.52521,74.17979,2024-11-19,N20,335.42,93.21,0.0025724111337166,Unusual Thermal Detection,HIGH_REVIEW,Unusual thermal detection. Analyst verification required.
22.91193,69.69952,2024-12-17,N20,298.06,0.77,0.0025507797820523,Unusual Thermal Detection,REVIEW,Unusual thermal detection. Analyst verification required.
23.56171,87.08649,2024-12-03,N,303.93,2.0,0.002544431628347,Unusual Thermal Detection,REVIEW,Unusual thermal detection. Analyst verification required.
30.27231,76.05736,2024-11-06,N20,347.43,14.82,0.0025416538367543,Unusual Thermal Detection,REVIEW,Unusual thermal detection. Analyst verification required.
21.00602,81.94652,2024-12-13,N,353.38,11.81,0.0025297958523694,Unusual Thermal Detection,REVIEW,Unusual thermal detection. Analyst verification required.
22.2266,84.746,2024-12-10,N20,298.74,1.86,0.0025043223313978,Unusual Thermal Detection,REVIEW,Unusual thermal detection. Analyst verification required.
25.30515,83.47157,2024-12-09,N,325.73,3.99,0.0024978525697908,Unusual Thermal Detection,REVIEW,Unusual thermal detection. Analyst verification required.
30.09059,80.59328,2025-01-04,N20,296.36,1.26,0.002486664458086,Unusual Thermal Detection,REVIEW,Unusual thermal detection. Analyst verification required.
17.6828,76.23882,2024-12-15,Terra,308.42,29.44,0.0024637310408796,Unusual Thermal Detection,REVIEW,Unusual thermal detection. Analyst verification required.
23.78505,86.3894,2024-12-15,N20,297.66,1.39,0.0024585526417882,Unusual Thermal Detection,REVIEW,Unusual thermal detection. Analyst verification required.
27.38597,72.32269,2024-11-02,N,342.1,82.45,0.0024414996278485,Unusual Thermal Detection,HIGH_REVIEW,Unusual thermal detection. Analyst verification required.
25.33643,75.6384,2024-11-02,N,344.18,36.63,0.0024267371103118,Unusual Thermal Detection,REVIEW,Unusual thermal detection. Analyst verification required.
15.17529,76.65636,2024-12-19,N20,297.47,1.55,0.002407133200213,Unusual Thermal Detection,REVIEW,Unusual thermal detection. Analyst verification required.
33.56517,75.02771,2024-11-10,N20,296.46,2.51,0.0023994150923423,Unusual Thermal Detection,REVIEW,Unusual thermal detection. Analyst verification required.
23.69578,87.119,2024-12-16,N20,308.86,2.91,0.0023888474356962,Unusual Thermal Detection,REVIEW,Unusual thermal detection. Analyst verification required.
21.75637,84.01506,2024-12-10,N20,299.72,3.52,0.0023799679486095,Unusual Thermal Detection,REVIEW,Unusual thermal detection. Analyst verification required.
23.77619,86.20815,2024-11-29,N20,300.55,4.91,0.0023691981567373,Unusual Thermal Detection,REVIEW,Unusual thermal detection. Analyst verification required.
29.38713,73.94548,2024-11-12,N,349.42,46.33,0.0023532843156361,Unusual Thermal Detection,REVIEW,Unusual thermal detection. Analyst verification required.
29.50179,74.66633,2024-11-27,N20,299.27,1.0,0.0022991976263254,Unusual Thermal Detection,REVIEW,Unusual thermal detection. Analyst verification required.
32.42248,76.47384,2024-11-06,N20,303.69,1.74,0.0022968940247306,Unusual Thermal Detection,REVIEW,Unusual thermal detection. Analyst verification required.
20.94126,86.05854,2024-11-23,N,295.22,0.91,0.0022929254879749,Unusual Thermal Detection,REVIEW,Unusual thermal detection. Analyst verification required.
22.04322,83.73212,2024-11-18,N,367.0,13.83,0.0022702691216434,Unusual Thermal Detection,REVIEW,Unusual thermal detection. Analyst verification required.
29.90794,75.90045,2024-11-15,N,334.28,4.8,0.0022601080967953,Unusual Thermal Detection,REVIEW,Unusual thermal detection. Analyst verification required.
21.14794,82.27395,2024-12-15,N20,343.1,6.99,0.0022599801614803,Unusual Thermal Detection,REVIEW,Unusual thermal detection. Analyst verification required.
21.37859,81.68127,2025-01-04,N,298.34,2.07,0.0022476564986787,Unusual Thermal Detection,REVIEW,Unusual thermal detection. Analyst verification required.
23.17081,82.34013,2024-12-13,N,295.67,2.95,0.0022438235672165,Unusual Thermal Detection,REVIEW,Unusual thermal detection. Analyst verification required.
28.90508,78.70992,2024-12-19,N,327.1,3.74,0.0022389070020804,Unusual Thermal Detection,REVIEW,Unusual thermal detection. Analyst verification required.
32.42096,76.44006,2024-12-19,N20,367.0,24.05,0.0022152580473763,Unusual Thermal Detection,REVIEW,Unusual thermal detection. Analyst verification required.
22.00626,82.67156,2025-01-10,N20,300.02,2.68,0.0022082088243368,Unusual Thermal Detection,REVIEW,Unusual thermal detection. Analyst verification required.
23.5636,87.0901,2024-11-17,N,299.39,1.43,0.0021939282950207,Unusual Thermal Detection,REVIEW,Unusual thermal detection. Analyst verification required.
18.27549,74.7037,2024-12-13,N20,350.41,10.53,0.0021893102881406,Unusual Thermal Detection,REVIEW,Unusual thermal detection. Analyst verification required.
21.80359,81.26253,2024-12-28,Aqua,309.14,25.56,0.0021763209966678,Unusual Thermal Detection,REVIEW,Unusual thermal detection. Analyst verification required.
30.90122,74.79288,2024-11-01,N20,367.0,15.88,0.0021461179282263,Unusual Thermal Detection,REVIEW,Unusual thermal detection. Analyst verification required.
32.30971,76.48265,2024-12-16,N20,326.82,25.23,0.0021435505865936,Unusual Thermal Detection,REVIEW,Unusual thermal detection. Analyst verification required.
26.61326,95.00864,2025-01-03,N20,327.12,9.95,0.0021357899090385,Unusual Thermal Detection,REVIEW,Unusual thermal detection. Analyst verification required.
29.93806,75.93282,2024-11-15,N,333.0,5.49,0.002132853358039,Unusual Thermal Detection,REVIEW,Unusual thermal detection. Analyst verification required.
23.19459,79.843,2024-11-22,N,338.72,8.06,0.0021199624078752,Unusual Thermal Detection,REVIEW,Unusual thermal detection. Analyst verification required.
32.63843,76.05285,2024-11-17,N20,367.0,17.11,0.0021152964310292,Unusual Thermal Detection,REVIEW,Unusual thermal detection. Analyst verification required.
21.76195,83.83772,2025-01-11,N20,310.02,2.12,0.0021143666650227,Unusual Thermal Detection,REVIEW,Unusual thermal detection. Analyst verification required.
21.48914,81.76926,2024-12-03,N,305.05,1.31,0.0020620595024377,Unusual Thermal Detection,REVIEW,Unusual thermal detection. Analyst verification required.
22.36121,87.0126,2024-12-16,N20,303.36,2.09,0.0020339094111881,Unusual Thermal Detection,REVIEW,Unusual thermal detection. Analyst verification required.
30.83331,74.70058,2024-11-02,N20,346.93,29.49,0.0020126642870411,Unusual Thermal Detection,REVIEW,Unusual thermal detection. Analyst verification required.
22.53574,79.85892,2024-11-17,N20,329.43,7.15,0.0020116211987858,Unusual Thermal Detection,REVIEW,Unusual thermal detection. Analyst verification required.
25.85424,79.1793,2024-11-17,N20,341.23,8.07,0.0020104038366638,Unusual Thermal Detection,REVIEW,Unusual thermal detection. Analyst verification required.
22.04111,83.7317,2025-01-06,N20,367.0,12.11,0.0020057392794929,Unusual Thermal Detection,REVIEW,Unusual thermal detection. Analyst verification required.
18.69991,77.91586,2024-11-01,N,367.0,20.58,0.0019907359481678,Unusual Thermal Detection,REVIEW,Unusual thermal detection. Analyst verification required.
22.0626,81.79021,2024-11-29,N,341.96,40.83,0.0019756792154632,Unusual Thermal Detection,REVIEW,Unusual thermal detection. Analyst verification required.
30.79226,74.90414,2024-11-01,N,354.61,24.5,0.0019544169480426,Unusual Thermal Detection,REVIEW,Unusual thermal detection. Analyst verification required.
25.34563,76.87292,2024-11-03,N20,351.82,26.36,0.0019507774507804,Unusual Thermal Detection,REVIEW,Unusual thermal detection. Analyst verification required.
22.01524,82.69694,2025-01-04,N,347.56,16.94,0.0019469085967127,Unusual Thermal Detection,REVIEW,Unusual thermal detection. Analyst verification required.
23.61814,86.78973,2025-01-04,N,298.57,1.41,0.0019353257050509,Unusual Thermal Detection,REVIEW,Unusual thermal detection. Analyst verification required.
23.61013,86.78953,2025-01-05,N,299.0,1.14,0.0019241834518953,Unusual Thermal Detection,REVIEW,Unusual thermal detection. Analyst verification required.
21.9328,85.22063,2024-12-15,N20,303.25,2.13,0.0019198361799392,Unusual Thermal Detection,REVIEW,Unusual thermal detection. Analyst verification required.
30.6336,79.80325,2024-11-28,N20,344.08,40.72,0.0019117439084351,Unusual Thermal Detection,REVIEW,Unusual thermal detection. Analyst verification required.
22.35841,82.29555,2024-11-23,N20,321.71,5.65,0.0018834414656039,Unusual Thermal Detection,REVIEW,Unusual thermal detection. Analyst verification required.
29.56183,77.27705,2024-11-22,N20,329.83,3.81,0.0018694730078432,Unusual Thermal Detection,REVIEW,Unusual thermal detection. Analyst verification required.
30.86127,75.4852,2024-12-14,Aqua,324.2,60.51,0.0018385880699806,Unusual Thermal Detection,HIGH_REVIEW,Unusual thermal detection. Analyst verification required.
23.69524,87.09826,2024-11-14,N20,302.15,2.86,0.0018237314115363,Unusual Thermal Detection,REVIEW,Unusual thermal detection. Analyst verification required.
23.77917,86.34221,2025-01-04,N,304.8,3.85,0.001813404234605,Unusual Thermal Detection,REVIEW,Unusual thermal detection. Analyst verification required.
29.912,74.93861,2024-11-27,N20,297.0,0.78,0.0018065690909987,Unusual Thermal Detection,REVIEW,Unusual thermal detection. Analyst verification required.
26.76113,83.19361,2024-12-15,N20,297.01,1.35,0.0018037174711382,Unusual Thermal Detection,REVIEW,Unusual thermal detection. Analyst verification required.
29.94797,76.00109,2024-11-15,N,330.9,3.77,0.0017977595725646,Unusual Thermal Detection,REVIEW,Unusual thermal detection. Analyst verification required.
21.76582,83.84028,2024-12-10,N20,301.46,1.65,0.0017966340243986,Unusual Thermal Detection,REVIEW,Unusual thermal detection. Analyst verification required.
20.88348,82.14011,2024-12-18,Aqua,312.6,47.98,0.0017801992813509,Unusual Thermal Detection,REVIEW,Unusual thermal detection. Analyst verification required.
29.9678,75.72175,2024-11-15,N,331.0,6.99,0.0017798111075179,Unusual Thermal Detection,REVIEW,Unusual thermal detection. Analyst verification required.
25.70185,76.57446,2024-11-12,N20,367.0,21.79,0.0017370592444805,Unusual Thermal Detection,REVIEW,Unusual thermal detection. Analyst verification required.
29.60725,74.37892,2024-11-23,N20,341.89,41.64,0.0017326971271337,Unusual Thermal Detection,REVIEW,Unusual thermal detection. Analyst verification required.
16.50981,75.03204,2024-12-07,N,297.98,1.21,0.0017213683370737,Unusual Thermal Detection,REVIEW,Unusual thermal detection. Analyst verification required.
19.53229,73.33652,2024-12-13,N20,332.79,5.93,0.0017129770399425,Unusual Thermal Detection,REVIEW,Unusual thermal detection. Analyst verification required.
21.48868,81.76504,2024-12-31,N20,304.52,1.99,0.0017059414950431,Unusual Thermal Detection,REVIEW,Unusual thermal detection. Analyst verification required.
23.56192,87.23595,2025-01-11,N20,297.2,2.37,0.0017037434198236,Unusual Thermal Detection,REVIEW,Unusual thermal detection. Analyst verification required.
24.66095,74.62991,2024-12-28,N,296.67,1.74,0.001700678677193,Unusual Thermal Detection,REVIEW,Unusual thermal detection. Analyst verification required.
29.38335,74.01794,2024-11-16,N20,329.3,5.28,0.0016966673334559,Unusual Thermal Detection,REVIEW,Unusual thermal detection. Analyst verification required.
15.89324,75.15677,2025-01-04,N20,298.95,0.47,0.0016948306948373,Unusual Thermal Detection,REVIEW,Unusual thermal detection. Analyst verification required.
25.36192,83.53635,2024-12-13,N,367.0,16.49,0.0016669942974161,Unusual Thermal Detection,REVIEW,Unusual thermal detection. Analyst verification required.
29.99133,74.21033,2024-11-20,N,339.47,6.1,0.0016653082436176,Unusual Thermal Detection,REVIEW,Unusual thermal detection. Analyst verification required.
26.64377,79.48495,2024-12-12,N,299.05,1.83,0.0016584067210986,Unusual Thermal Detection,REVIEW,Unusual thermal detection. Analyst verification required.
21.84685,87.29224,2024-12-05,N20,367.0,14.53,0.0016572968049167,Unusual Thermal Detection,REVIEW,Unusual thermal detection. Analyst verification required.
26.40055,95.02589,2024-12-31,N20,348.88,29.48,0.0016248663819911,Unusual Thermal Detection,REVIEW,Unusual thermal detection. Analyst verification required.
22.78885,70.91566,2024-12-23,N20,296.29,0.43,0.0016038364875758,Unusual Thermal Detection,REVIEW,Unusual thermal detection. Analyst verification required.
20.93522,81.95001,2024-12-10,N20,351.52,23.36,0.0015646191600833,Unusual Thermal Detection,REVIEW,Unusual thermal detection. Analyst verification required.
32.42426,76.47092,2024-11-06,N20,303.71,1.2,0.0015517137539666,Unusual Thermal Detection,REVIEW,Unusual thermal detection. Analyst verification required.
18.83109,73.12486,2024-12-02,N20,347.99,13.46,0.0015123714645068,Unusual Thermal Detection,REVIEW,Unusual thermal detection. Analyst verification required.
22.04133,83.7339,2024-12-04,N20,303.48,7.35,0.0015062767876992,Unusual Thermal Detection,REVIEW,Unusual thermal detection. Analyst verification required.
25.53664,76.70312,2024-11-10,N,352.37,14.03,0.0014989782135054,Unusual Thermal Detection,REVIEW,Unusual thermal detection. Analyst verification required.
29.56174,74.50021,2024-11-19,N,345.87,39.09,0.0014962736293586,Unusual Thermal Detection,REVIEW,Unusual thermal detection. Analyst verification required.
26.64328,79.48017,2025-01-09,N20,306.49,2.25,0.0014923186570885,Unusual Thermal Detection,REVIEW,Unusual thermal detection. Analyst verification required.
19.19356,76.23942,2025-01-05,N20,343.73,30.34,0.0014921562244379,Unusual Thermal Detection,REVIEW,Unusual thermal detection. Analyst verification required.
31.57007,77.87727,2025-01-08,N,331.66,10.17,0.0014888577633159,Unusual Thermal Detection,REVIEW,Unusual thermal detection. Analyst verification required.
23.41698,72.35065,2024-11-10,N20,300.7,0.86,0.0014861614386327,Unusual Thermal Detection,REVIEW,Unusual thermal detection. Analyst verification required.
22.36791,87.0192,2024-11-18,N,301.47,1.84,0.0014849612186151,Unusual Thermal Detection,REVIEW,Unusual thermal detection. Analyst verification required.
21.67354,82.08081,2024-11-17,N,306.32,2.03,0.0014849612186151,Unusual Thermal Detection,REVIEW,Unusual thermal detection. Analyst verification required.
19.06852,74.02095,2024-12-29,N20,343.73,9.55,0.001475013377628,Unusual Thermal Detection,REVIEW,Unusual thermal detection. Analyst verification required.
23.68658,86.09499,2024-12-15,N20,312.02,2.84,0.001474567437095,Unusual Thermal Detection,REVIEW,Unusual thermal detection. Analyst verification required.
21.85479,82.27395,2025-01-05,N,354.4,31.49,0.0014605648565796,Unusual Thermal Detection,REVIEW,Unusual thermal detection. Analyst verification required.
23.17129,79.7077,2024-11-05,N20,338.19,29.28,0.0014317308140543,Unusual Thermal Detection,REVIEW,Unusual thermal detection. Analyst verification required.
25.31267,83.83427,2024-12-20,N20,341.34,11.75,0.0014245111621898,Unusual Thermal Detection,REVIEW,Unusual thermal detection. Analyst verification required.
19.59923,75.49125,2025-01-07,N,334.15,6.16,0.0014141082342022,Unusual Thermal Detection,REVIEW,Unusual thermal detection. Analyst verification required.
22.00239,82.55864,2024-12-15,N20,353.76,11.16,0.0013731959535813,Unusual Thermal Detection,REVIEW,Unusual thermal detection. Analyst verification required.
22.38837,73.1081,2024-12-13,N20,321.7,3.79,0.0013563089162085,Unusual Thermal Detection,REVIEW,Unusual thermal detection. Analyst verification required.
25.86189,76.66927,2024-11-13,N,349.4,27.36,0.0013445072602401,Unusual Thermal Detection,REVIEW,Unusual thermal detection. Analyst verification required.
22.04283,83.73484,2024-11-29,N20,367.0,18.11,0.0013333131298005,Unusual Thermal Detection,REVIEW,Unusual thermal detection. Analyst verification required.
26.18073,79.49657,2024-11-21,N,331.56,6.97,0.001293337221743,Unusual Thermal Detection,REVIEW,Unusual thermal detection. Analyst verification required.
30.41222,74.31377,2024-11-22,N,298.59,63.66,0.0012743306161949,Unusual Thermal Detection,HIGH_REVIEW,Unusual thermal detection. Analyst verification required.
23.16899,82.3407,2024-11-13,N20,302.03,2.57,0.0012627689521245,Unusual Thermal Detection,REVIEW,Unusual thermal detection. Analyst verification required.
20.79618,81.84708,2024-12-18,Aqua,316.26,46.48,0.0012621283040684,Unusual Thermal Detection,REVIEW,Unusual thermal detection. Analyst verification required.
32.39353,76.52217,2025-01-10,N20,295.66,4.02,0.0012496403871851,Unusual Thermal Detection,REVIEW,Unusual thermal detection. Analyst verification required.
20.5553,78.82874,2025-01-04,N20,367.0,12.5,0.0012464152301223,Unusual Thermal Detection,REVIEW,Unusual thermal detection. Analyst verification required.
27.38722,72.2413,2024-11-14,N20,355.92,23.46,0.001217557173909,Unusual Thermal Detection,REVIEW,Unusual thermal detection. Analyst verification required.
25.4411,76.62867,2024-11-17,N20,367.0,20.06,0.0011777996283803,Unusual Thermal Detection,REVIEW,Unusual thermal detection. Analyst verification required.
25.04045,77.0122,2024-11-01,N20,367.0,20.49,0.0011777996283803,Unusual Thermal Detection,REVIEW,Unusual thermal detection. Analyst verification required.
31.92349,77.34449,2024-11-22,N20,342.87,16.77,0.0011756064692184,Unusual Thermal Detection,REVIEW,Unusual thermal detection. Analyst verification required.
23.55725,87.24142,2025-01-01,N20,298.82,1.58,0.0011679605959721,Unusual Thermal Detection,REVIEW,Unusual thermal detection. Analyst verification required.
26.57991,94.793,2024-12-17,N20,339.34,7.1,0.0011469348547868,Unusual Thermal Detection,REVIEW,Unusual thermal detection. Analyst verification required.
23.6847,86.39062,2024-11-29,N20,311.64,5.85,0.0011411464321914,Unusual Thermal Detection,REVIEW,Unusual thermal detection. Analyst verification required.
22.04103,83.72718,2024-12-26,N20,303.76,2.45,0.0011284734275838,Unusual Thermal Detection,REVIEW,Unusual thermal detection. Analyst verification required.
20.24175,86.60226,2024-11-02,N,319.59,4.92,0.0011022346678132,Unusual Thermal Detection,REVIEW,Unusual thermal detection. Analyst verification required.
21.5704,81.73727,2024-12-13,N,295.18,0.82,0.001032567360503,Unusual Thermal Detection,REVIEW,Unusual thermal detection. Analyst verification required.
18.03231,75.08833,2024-12-04,Terra,300.01,18.54,0.0010289830370033,Unusual Thermal Detection,REVIEW,Unusual thermal detection. Analyst verification required.
23.55471,87.24193,2025-01-01,N20,302.83,2.51,0.0010214552966429,Unusual Thermal Detection,REVIEW,Unusual thermal detection. Analyst verification required.
30.36913,74.76229,2024-11-11,N20,349.35,11.55,0.0009927233714455,Unusual Thermal Detection,REVIEW,Unusual thermal detection. Analyst verification required.
34.49541,73.6565,2024-12-30,N20,367.0,16.93,0.0009844316025791,Unusual Thermal Detection,REVIEW,Unusual thermal detection. Analyst verification required.
30.10194,75.71387,2024-11-01,Aqua,343.06,98.46,0.0009702117999449,Unusual Thermal Detection,HIGH_REVIEW,Unusual thermal detection. Analyst verification required.
24.6644,74.62631,2024-11-22,N20,302.97,2.56,0.0009692898426687,Unusual Thermal Detection,REVIEW,Unusual thermal detection. Analyst verification required.
27.39215,72.31696,2024-11-02,N,340.16,78.51,0.0009572204528466,Unusual Thermal Detection,HIGH_REVIEW,Unusual thermal detection. Analyst verification required.
21.23694,82.08051,2025-01-09,N,367.0,13.87,0.0009488571227507,Unusual Thermal Detection,REVIEW,Unusual thermal detection. Analyst verification required.
21.10681,72.6451,2025-01-02,N,348.18,8.98,0.0009170696561822,Unusual Thermal Detection,REVIEW,Unusual thermal detection. Analyst verification required.
30.04807,75.78555,2024-11-01,N20,367.0,17.95,0.0008919286201589,Unusual Thermal Detection,REVIEW,Unusual thermal detection. Analyst verification required.
18.75447,78.10205,2024-11-16,N,336.19,6.46,0.000871994916429,Unusual Thermal Detection,REVIEW,Unusual thermal detection. Analyst verification required.
27.6425,94.92924,2024-11-19,N,328.98,7.64,0.0008627419883411,Unusual Thermal Detection,REVIEW,Unusual thermal detection. Analyst verification required.
23.0828,79.79591,2024-11-18,N20,337.44,7.35,0.0008340764732828,Unusual Thermal Detection,REVIEW,Unusual thermal detection. Analyst verification required.
21.95939,83.7718,2024-11-18,N20,298.31,0.68,0.0008224599569072,Unusual Thermal Detection,REVIEW,Unusual thermal detection. Analyst verification required.
31.27361,77.74652,2024-12-22,N,300.6,2.13,0.0008201958023889,Unusual Thermal Detection,REVIEW,Unusual thermal detection. Analyst verification required.
29.87432,76.00358,2024-11-15,N,332.55,4.14,0.0008001230302956,Unusual Thermal Detection,REVIEW,Unusual thermal detection. Analyst verification required.
28.10277,95.49113,2025-01-12,N,367.0,12.45,0.0007955698317213,Unusual Thermal Detection,REVIEW,Unusual thermal detection. Analyst verification required.
22.46802,71.84394,2024-11-08,Aqua,342.69,58.37,0.0007932057424344,Unusual Thermal Detection,HIGH_REVIEW,Unusual thermal detection. Analyst verification required.
21.05648,81.87845,2025-01-05,N20,367.0,20.77,0.0007920074636807,Unusual Thermal Detection,REVIEW,Unusual thermal detection. Analyst verification required.
25.90137,78.67953,2024-11-21,Aqua,307.58,26.32,0.0007765528171556,Unusual Thermal Detection,REVIEW,Unusual thermal detection. Analyst verification required.
30.01445,75.78499,2024-11-02,Aqua,331.84,99.14,0.000765419272705,Unusual Thermal Detection,HIGH_REVIEW,Unusual thermal detection. Analyst verification required.
23.6629,86.91994,2024-12-04,N,299.76,1.39,0.0007600223749713,Unusual Thermal Detection,REVIEW,Unusual thermal detection. Analyst verification required.
25.72075,76.6357,2024-11-11,N20,367.0,12.78,0.0007519109035121,Unusual Thermal Detection,REVIEW,Unusual thermal detection. Analyst verification required.
19.19565,73.43992,2025-01-07,N,367.0,10.26,0.0007022025037055,Unusual Thermal Detection,REVIEW,Unusual thermal detection. Analyst verification required.
22.82044,78.57392,2024-11-15,N,347.03,23.53,0.0007002034850945,Unusual Thermal Detection,REVIEW,Unusual thermal detection. Analyst verification required.
30.33521,75.84707,2024-11-24,Aqua,313.4,39.29,0.0006850245357264,Unusual Thermal Detection,REVIEW,Unusual thermal detection. Analyst verification required.
18.80768,74.25954,2024-12-12,N,304.75,0.85,0.0006659133499177,Unusual Thermal Detection,REVIEW,Unusual thermal detection. Analyst verification required.
33.18008,75.61964,2024-12-16,N,298.66,1.33,0.0006496106903808,Unusual Thermal Detection,REVIEW,Unusual thermal detection. Analyst verification required.
21.10499,72.64418,2025-01-02,N,351.21,7.71,0.0006481016901036,Unusual Thermal Detection,REVIEW,Unusual thermal detection. Analyst verification required.
18.21027,78.42806,2024-12-14,N20,339.67,7.1,0.0006420493950023,Unusual Thermal Detection,REVIEW,Unusual thermal detection. Analyst verification required.
23.41639,72.35445,2024-11-26,N20,302.0,0.99,0.0006365435878132,Unusual Thermal Detection,REVIEW,Unusual thermal detection. Analyst verification required.
17.87368,78.45849,2024-11-28,N20,330.51,7.68,0.0006333779092038,Unusual Thermal Detection,REVIEW,Unusual thermal detection. Analyst verification required.
20.79521,85.24506,2024-12-05,N20,301.65,2.46,0.0006301772436534,Unusual Thermal Detection,REVIEW,Unusual thermal detection. Analyst verification required.
22.05686,88.12831,2024-12-14,N,309.73,1.65,0.0006142302508204,Unusual Thermal Detection,REVIEW,Unusual thermal detection. Analyst verification required.
22.36075,87.01843,2024-11-18,N,302.47,1.88,0.0006083893354877,Unusual Thermal Detection,REVIEW,Unusual thermal detection. Analyst verification required.
30.1432,75.05575,2024-11-04,Aqua,312.33,40.09,0.0005875494297737,Unusual Thermal Detection,REVIEW,Unusual thermal detection. Analyst verification required.
22.04226,83.73273,2024-12-06,N,356.87,23.27,0.0005817449701444,Unusual Thermal Detection,REVIEW,Unusual thermal detection. Analyst verification required.
30.98825,74.8902,2024-11-11,N20,342.55,9.92,0.0005772106064595,Unusual Thermal Detection,REVIEW,Unusual thermal detection. Analyst verification required.
21.25941,82.78061,2024-12-29,N,328.31,3.18,0.0005712051107955,Unusual Thermal Detection,REVIEW,Unusual thermal detection. Analyst verification required.
21.39256,81.64848,2024-11-16,N,302.3,1.47,0.0005478687383304,Unusual Thermal Detection,REVIEW,Unusual thermal detection. Analyst verification required.
18.07636,74.2216,2024-11-21,N20,328.53,6.97,0.0005375399068572,Unusual Thermal Detection,REVIEW,Unusual thermal detection. Analyst verification required.
19.0676,74.02245,2024-12-29,N20,339.6,6.74,0.0005331173598009,Unusual Thermal Detection,REVIEW,Unusual thermal detection. Analyst verification required.
17.47801,77.8879,2024-12-29,Aqua,314.37,38.38,0.0005066120482919,Unusual Thermal Detection,REVIEW,Unusual thermal detection. Analyst verification required.
32.60303,76.55993,2024-11-02,N20,353.63,26.9,0.0004999582648366,Unusual Thermal Detection,REVIEW,Unusual thermal detection. Analyst verification required.
24.13267,82.71787,2024-11-16,N,300.88,1.07,0.0004745216128136,Unusual Thermal Detection,REVIEW,Unusual thermal detection. Analyst verification required.
23.56164,87.23041,2024-11-14,N20,310.02,5.32,0.0004722453552507,Unusual Thermal Detection,REVIEW,Unusual thermal detection. Analyst verification required.
33.53601,75.30167,2024-11-10,N,331.67,13.15,0.0004338713863821,Unusual Thermal Detection,REVIEW,Unusual thermal detection. Analyst verification required.
25.82291,80.2158,2024-11-17,N,336.4,6.38,0.0004140223773355,Unusual Thermal Detection,REVIEW,Unusual thermal detection. Analyst verification required.
15.13982,76.70615,2024-12-19,N20,297.19,1.84,0.0004117456779156,Unusual Thermal Detection,REVIEW,Unusual thermal detection. Analyst verification required.
16.47815,76.68941,2024-12-06,N,367.0,18.37,0.000398866168594,Unusual Thermal Detection,REVIEW,Unusual thermal detection. Analyst verification required.
21.42515,82.26491,2024-12-13,N,346.77,10.45,0.0003944628359434,Unusual Thermal Detection,REVIEW,Unusual thermal detection. Analyst verification required.
30.57201,74.19791,2024-11-20,N,335.52,5.26,0.0003865885339484,Unusual Thermal Detection,REVIEW,Unusual thermal detection. Analyst verification required.
21.08074,85.04139,2025-01-10,N,313.54,3.92,0.0003465332803568,Unusual Thermal Detection,REVIEW,Unusual thermal detection. Analyst verification required.
18.83286,73.12451,2024-12-02,N20,352.27,10.18,0.0003320289060367,Unusual Thermal Detection,REVIEW,Unusual thermal detection. Analyst verification required.
33.24822,75.83472,2024-12-24,N,341.53,21.85,0.0003251588785619,Unusual Thermal Detection,REVIEW,Unusual thermal detection. Analyst verification required.
23.66611,86.92705,2024-11-01,N,305.25,1.89,0.000321520606583,Unusual Thermal Detection,REVIEW,Unusual thermal detection. Analyst verification required.
27.31886,95.26773,2025-01-11,N,297.3,0.69,0.0002867829295489,Unusual Thermal Detection,REVIEW,Unusual thermal detection. Analyst verification required.
18.51725,73.09022,2025-01-04,N20,341.35,50.31,0.0002817637539357,Unusual Thermal Detection,HIGH_REVIEW,Unusual thermal detection. Analyst verification required.
33.96843,73.72551,2024-12-18,N20,321.95,3.9,0.0002679025926772,Unusual Thermal Detection,REVIEW,Unusual thermal detection. Analyst verification required.
16.79755,76.57616,2024-12-12,N,343.09,14.07,0.0002628633869556,Unusual Thermal Detection,REVIEW,Unusual thermal detection. Analyst verification required.
25.09656,83.93691,2024-12-05,N20,336.23,7.23,0.0002433843789112,Unusual Thermal Detection,REVIEW,Unusual thermal detection. Analyst verification required.
33.49024,74.45882,2024-12-13,N20,325.7,5.1,0.0002381197580274,Unusual Thermal Detection,REVIEW,Unusual thermal detection. Analyst verification required.
25.4569,76.57341,2024-11-11,N,367.0,14.7,0.0002210758210678,Unusual Thermal Detection,REVIEW,Unusual thermal detection. Analyst verification required.
18.80076,74.25904,2024-12-12,N,300.08,0.59,0.0002045020595206,Unusual Thermal Detection,REVIEW,Unusual thermal detection. Analyst verification required.
30.87501,75.39156,2024-11-11,N,344.74,9.17,0.0001939449585223,Unusual Thermal Detection,REVIEW,Unusual thermal detection. Analyst verification required.
20.79572,85.24715,2024-12-21,N20,311.28,3.66,0.0001729647268995,Unusual Thermal Detection,REVIEW,Unusual thermal detection. Analyst verification required.
20.89319,84.9796,2024-12-05,N20,307.21,1.75,0.0001548489143891,Unusual Thermal Detection,REVIEW,Unusual thermal detection. Analyst verification required.
30.05603,75.88304,2024-11-09,N20,339.47,27.77,0.0001049614255961,Unusual Thermal Detection,REVIEW,Unusual thermal detection. Analyst verification required.
26.9759,82.16138,2025-01-10,N20,327.39,5.07,8.668259861732697e-05,Unusual Thermal Detection,REVIEW,Unusual thermal detection. Analyst verification required.
21.67053,82.08112,2024-11-17,N,304.39,2.16,7.97801376815066e-05,Unusual Thermal Detection,REVIEW,Unusual thermal detection. Analyst verification required.
22.18371,72.02784,2024-12-17,N,339.34,4.58,6.25184785115751e-05,Unusual Thermal Detection,REVIEW,Unusual thermal detection. Analyst verification required.
20.79135,85.25419,2024-12-05,N20,304.26,3.75,5.363416225168116e-05,Unusual Thermal Detection,REVIEW,Unusual thermal detection. Analyst verification required.
25.33715,83.74523,2024-12-05,N20,335.81,6.82,4.3797219208552285e-05,Unusual Thermal Detection,REVIEW,Unusual thermal detection. Analyst verification required.
20.24125,73.76639,2024-12-13,N20,296.51,0.75,2.8371003945038e-05,Unusual Thermal Detection,REVIEW,Unusual thermal detection. Analyst verification required.
22.3311,82.59966,2024-12-13,N,295.72,1.63,1.3047385313269544e-05,Unusual Thermal Detection,REVIEW,Unusual thermal detection. Analyst verification required.
24.66579,74.62879,2025-01-09,N20,299.37,2.21,7.936748757431111e-06,Unusual Thermal Detection,REVIEW,Unusual thermal detection. Analyst verification required.
